-- phpMyAdmin SQL Dump
-- version 4.6.6deb5ubuntu0.5
-- https://www.phpmyadmin.net/
--
-- Host: localhost:3306
-- Generation Time: Dec 29, 2020 at 12:53 PM
-- Server version: 5.7.32-0ubuntu0.18.04.1
-- PHP Version: 7.2.24-0ubuntu0.18.04.7

SET SQL_MODE = "NO_AUTO_VALUE_ON_ZERO";
SET time_zone = "+00:00";


/*!40101 SET @OLD_CHARACTER_SET_CLIENT=@@CHARACTER_SET_CLIENT */;
/*!40101 SET @OLD_CHARACTER_SET_RESULTS=@@CHARACTER_SET_RESULTS */;
/*!40101 SET @OLD_COLLATION_CONNECTION=@@COLLATION_CONNECTION */;
/*!40101 SET NAMES utf8mb4 */;

--
-- Database: `jdpc`
--

-- --------------------------------------------------------

--
-- Table structure for table `areas`
--

CREATE TABLE `areas` (
  `id` int(11) NOT NULL,
  `type_id` int(11) NOT NULL,
  `parent_id` int(11) DEFAULT NULL,
  `name` varchar(255) COLLATE utf8_unicode_ci DEFAULT NULL,
  `region_id` int(11) DEFAULT NULL,
  `eng_name` varchar(100) COLLATE utf8_unicode_ci DEFAULT NULL,
  `map_lat` varchar(255) COLLATE utf8_unicode_ci DEFAULT NULL,
  `map_lon` varchar(255) COLLATE utf8_unicode_ci DEFAULT NULL,
  `map_path` text COLLATE utf8_unicode_ci,
  `created_at` datetime NOT NULL DEFAULT '1970-01-01 00:00:00',
  `updated_at` timestamp NOT NULL DEFAULT CURRENT_TIMESTAMP,
  `deleted_at` datetime DEFAULT NULL
) ENGINE=MyISAM DEFAULT CHARSET=utf8 COLLATE=utf8_unicode_ci;

--
-- Dumping data for table `areas`
--

INSERT INTO `areas` (`id`, `type_id`, `parent_id`, `name`, `region_id`, `eng_name`, `map_lat`, `map_lon`, `map_path`, `created_at`, `updated_at`, `deleted_at`) VALUES
(28, 5, 36, 'Comilla District', 6597, 'কুমিল্লা জেলা', '36.79369340901343', '-92.82052281248535', 'M824.83 1092.44l4.08 -7.40l1.47 -2.25l-1.96 -3.22l0.65 -5.47l5.23 2.25l2.29 -3.38l-1.14 -1.93l-0.33 -1.45l2.12 -1.29l5.39 3.54l4.08 -1.13l-0.49 -3.38l2.45 -0.64l5.39 0.16l2.94 -2.73l7.03 0.48l-1.14 -0.32l4.08 2.25l2.45 2.09l-1.96 1.61l3.43 1.13l0.65 1.61h1.80 0.00l-0.33 3.54l3.76 3.54l0.82 1.61l-0.16 4.18l1.14 2.73l3.76 3.86l-0.16 2.57l2.29 0.81l-1.15 0.96l0.16 1.93l4.74 3.70l2.45 7.88l2.45 7.88l0.41 2.71l-0.57 1.96l0.33 1.61l3.27 1.77l-1.31 1.13l-0.16 1.45l1.14 2.41l0.98 1.29l-0.33 1.61l0.65 12.39l1.63 2.09l1.80 3.54l-0.49 4.02l-3.60 2.09l-4.58 -2.41l-3.92 0.16l-5.88 -0.81l-2.94 -1.93l-2.94 -0.16l-3.43 1.93l-1.14 -0.81h-3.27 0.00l-4.25 -2.09l-2.12 -3.70l-0.16 0.32l-2.61 -0.16l-1.80 -2.57l3.10 -0.81l1.96 -2.73l-0.33 -5.63l2.13 -3.54l-2.45 -2.25l-0.49 -3.54l-2.94 -3.54l-1.31 -2.90l-4.90 -3.54l-0.65 -3.22l-3.43 -2.25l-1.31 -6.28l-6.54 -1.77l-4.74 4.02l-1.80 -1.13l-1.80 3.70h-1.96 0.00l-4.41 -2.41v0.00 -3.06h-0.16 0.00l-2.13 -2.25l-3.10 -3.06l2.61 -1.45l-0.16 -3.06L824.83 1092.44L824.83 1092.44z', '2017-09-23 03:05:27', '2020-11-17 08:12:20', NULL),
(29, 6, 28, 'Debidwar Upazila', NULL, 'দেবিদ্বার উপজেলা', NULL, NULL, NULL, '2015-01-27 19:35:44', '2020-11-17 08:12:20', NULL),
(36, 4, 0, 'Chittagong Division', NULL, 'চট্টগ্রাম ', NULL, NULL, NULL, '2017-10-03 16:17:48', '2020-11-17 08:12:20', NULL),
(60, 4, 0, 'Rajshahi Division', NULL, 'রাজশাহী ', NULL, NULL, NULL, '2017-10-03 16:17:57', '2020-11-17 08:12:20', NULL),
(61, 5, 65, 'Jessore District', 6590, 'যশোর জেলা', '36.48183825781489', '-100.7179838057476', 'M608.89 1134.05l3.70 -6.37l-3.70 -3.19h2.77 0.00l4.62 2.27h5.08 0.00l-6.01 -4.55l2.31 -1.82l6.47 0.46l-3.23 -3.64l1.39 -2.27l0.93 1.82l5.55 1.82l-2.31 1.82l1.39 3.64l4.16 0.46l1.85 5.46l5.55 -0.91l6.01 -1.36l-1.85 -3.64l0.46 -1.82l2.31 1.82l2.77 -2.27l-0.92 -2.73l1.85 -0.91l6.01 4.10l2.31 -0.46l0.46 2.27l2.77 2.73l2.31 0.46l1.39 -1.82l2.31 3.19l4.16 1.36l-1.39 2.27l2.31 1.36l-1.39 1.36l0.46 5.46l-1.39 1.82l0.92 4.10l-4.16 0.46v0.00 1.36l2.31 0.91l0.46 1.82l-1.39 0.46l0.46 3.19l4.16 -2.73h1.39 0.00l-0.46 4.55l2.77 0.91v0.00 0.91h4.16 0.00l0.92 1.36l-0.92 3.19l2.77 4.55c0.00 0.00 2.31 3.19 0.46 3.19s-2.77 0.00 -2.77 0.00l-3.23 -0.91l-1.39 -1.36l-2.31 -5.46l-1.39 -1.36l-3.23 2.27l0.92 3.19l-2.77 4.10l-6.01 2.73l-0.46 2.27l1.85 2.27l-0.46 5.92l-0.46 1.82l-5.08 -2.28v0.00 -2.27l-1.85 -0.45l-0.46 1.36l-4.16 3.64l-2.77 -0.46l-4.16 2.27h-2.77 0.00l0.00 0.00l-3.23 -2.27l-0.46 0.46l-1.85 -1.36l-0.46 -2.28l2.77 -0.46l-3.23 -4.10l2.77 0.46l0.46 -1.36l-1.85 -3.19l-3.70 -2.27l-0.46 2.73h-7.16 0.00l-3.00 -2.27l-2.31 -1.36l0.00 0.00l1.85 4.32l-1.85 1.82l-6.93 -0.91l-1.85 -2.05l-2.31 1.36h-1.85 0.00l1.39 -2.73l-5.55 -2.27l0.92 -8.19l2.77 -0.91l-1.39 -2.27v0.00 -2.27l-1.85 -1.36l3.70 -5.92l4.62 -1.82l-0.46 -3.64l4.62 -3.19l1.85 1.36l1.39 -2.73l-1.85 -0.91l-0.46 -2.27l-4.16 3.19l-2.31 -1.36L608.89 1134.05L608.89 1134.05z', '2017-09-23 02:24:15', '2020-11-17 08:12:20', NULL),
(62, 6, 61, 'Manirampur Upazila', NULL, 'মণিরামপুর উপজেলা', NULL, NULL, NULL, '2015-01-27 19:35:44', '2020-11-17 08:12:20', NULL),
(65, 4, 0, 'Khulna Division', NULL, 'খুলনা ', NULL, NULL, NULL, '2017-10-03 16:17:57', '2020-11-17 08:12:20', NULL),
(66, 4, 0, 'Barishal Division', NULL, 'বরিশাল ', NULL, NULL, NULL, '2017-10-03 16:17:57', '2020-11-17 08:12:20', NULL),
(67, 4, 0, 'Sylhet Division', NULL, 'সিলেট ', NULL, NULL, NULL, '2017-10-03 16:17:57', '2020-11-17 08:12:20', NULL),
(68, 4, 0, 'Dhaka Division', NULL, 'ঢাকা ', NULL, NULL, NULL, '2017-10-03 16:17:57', '2020-11-17 08:12:20', NULL),
(69, 4, 0, 'Rangpur Division', NULL, 'রংপুর', NULL, NULL, NULL, '2017-10-03 16:19:18', '2020-11-17 08:12:20', NULL),
(70, 5, 65, 'Satkhira District', 6591, 'সাতক্ষীরা জেলা', '35.36355108298764', '-101.08859974406197', 'M618.59 1170.01l3.23 4.09l-2.31 2.73l-2.77 -1.82l-3.70 0.46l-1.85 -1.82l-4.16 2.27l0.93 3.64l2.77 3.19l1.39 -2.27l1.85 0.91l-0.46 2.27l1.85 0.91l-0.46 2.73l-2.77 2.73l1.85 1.82l-1.85 0.46l-0.46 4.10l-2.77 -1.36l0.92 4.10l3.70 5.01l-4.16 7.74l4.62 3.19l-0.92 2.73l-0.92 3.64l4.16 3.19l-0.92 4.10l2.77 4.55l0.46 5.01l1.85 1.36l-4.16 1.36l0.46 2.73l1.85 1.36l-1.85 7.74l4.62 0.46l0.92 3.64l-3.70 -0.91v0.00 2.27l2.77 3.19l2.77 0.46v0.00 4.10l3.23 2.73l0.46 5.92l4.16 -0.91l-3.23 4.55h-4.16 0.00l-0.46 3.64l1.39 4.55l4.16 7.28l-1.39 0.91l-0.46 10.92l3.23 4.10l0.46 5.92l0.46 3.19l5.55 2.73l4.16 -1.82l2.77 5.46l-0.92 2.27l2.77 2.73l-1.85 4.10l-4.16 4.55l5.55 2.27l5.55 -1.36l-0.92 -2.27h3.23 0.00l0.46 -2.73l-2.31 -1.36l1.85 -2.73v0.00 -9.10l-1.85 -0.91l3.93 -3.19l3.00 -8.65l2.77 -2.73l-1.39 -4.10l-3.70 -6.83l-3.70 -7.28l-1.39 -3.19l3.23 -3.19h-7.86 0.00l4.62 -6.37l2.31 -5.01l1.85 -11.38l-4.62 -7.28v0.00 -2.28l2.77 -2.27l-4.62 -3.19l0.46 -8.65l4.16 -2.27l-4.16 -7.74l0.46 -10.47l2.77 -3.19l2.31 4.10l2.77 -3.64l-0.92 -2.27l-2.77 -0.46l-1.85 -1.82l1.85 -3.64l0.92 1.82l2.31 0.91l0.92 -3.19l2.31 -1.36l-0.46 -2.27l-4.16 -6.83l-4.62 -2.27l-2.31 -4.10l-0.93 -1.36l-3.70 2.73l-3.23 0.46l-2.77 -2.73l-1.39 0.91l-1.85 -4.10l2.77 -0.91l-4.16 -4.10l3.70 0.91l-1.85 -5.46l-2.77 -1.82l-0.46 3.19h-7.39 0.00L618.59 1170.01L618.59 1170.01z', '2017-09-23 02:25:11', '2020-11-17 08:12:20', NULL),
(71, 5, 68, 'Narsingdi District', 6594, 'নরসিংদী জেলা', '37.79315414783596', '-94.02947625656822', 'M810.40 1049.41l4.62 -4.10l1.85 -2.73l-1.85 -3.19h2.77 0.00l1.85 -5.01v0.00 -5.01l-0.92 -4.55l-2.31 -1.36l1.85 -1.36l2.31 2.73l4.16 -0.91h1.39 0.00l-2.77 -3.19l1.39 -5.92l-1.39 -3.19v0.00 -4.55l1.85 -1.82l2.77 0.46l3.23 -2.73l4.16 6.83l3.23 1.36l2.31 3.64l4.62 1.82l0.46 1.36l-2.77 1.37l2.31 2.73l-3.23 0.91l5.08 -0.46l2.77 3.19l4.16 -1.36l0.93 4.55l2.77 1.36l-0.93 1.37l-2.77 4.55l1.39 4.09l-2.31 0.91l-2.77 7.28l-1.85 1.36l-0.93 2.27l-0.46 0.91l-6.01 -0.46l-3.23 1.36h-2.77 0.00v0.00 -0.91l-3.23 -0.46l-1.39 0.91l-0.46 5.92l-2.77 4.55l-4.16 -3.64l-0.46 -2.27l-0.92 3.19l-3.70 -0.91l-1.39 -1.37l2.77 -1.36l-1.39 -3.19l-3.23 1.37l-0.92 2.28l-1.39 -2.73l3.23 -4.55L810.40 1049.41L810.40 1049.41z', '2017-09-23 02:57:28', '2020-11-17 08:12:20', NULL),
(72, 5, 66, 'Jhalokati District', 6592, 'ঝালকাঠি জেলা', '35.695046894678406', '-96.55351893199672', 'M745.69 1246.46l-2.31 1.82l-0.92 -3.64l3.23 -4.10l-1.39 -6.83l2.77 2.73l3.23 -1.82l1.85 1.82l5.55 -3.64l0.46 -2.73l-7.39 -2.27l-0.46 -8.65l4.62 -1.36v0.00 -3.19l-3.23 -3.64l5.08 -2.73l0.46 -3.64l4.16 -2.27l-0.46 -1.36l2.31 -0.91l0.46 -2.27l-3.23 -1.82l3.23 -2.73l1.85 -0.91l0.92 2.73h2.77 0.00l1.85 -0.91l3.70 4.10l-1.39 1.82l-0.46 2.27l0.92 1.36h2.77 0.00l1.39 2.27l7.86 1.36l0.46 1.82l-2.31 0.46l-1.39 2.27l5.08 0.91l0.46 2.27l-4.16 0.91c0.00 0.00 0.93 2.73 -0.92 2.73c-1.85 0.00 -3.70 -1.82 -3.70 -1.82l-1.39 1.82l-2.77 -0.45l-1.39 2.73l-0.93 2.73l-3.23 1.36l-5.08 3.19l-3.24 2.27l-0.46 3.19l-0.93 5.46l-3.70 2.27l-1.85 4.10l-2.31 2.73L745.69 1246.46L745.69 1246.46z', '2017-09-23 02:38:54', '2020-11-17 08:12:20', NULL),
(73, 6, 71, 'Belabo Upazila', NULL, 'বেলাবো উপজেলা', NULL, NULL, NULL, '2015-01-27 19:35:44', '2020-11-17 08:12:20', NULL),
(74, 6, 71, 'Monohardi Upazila', NULL, 'মনোহরদী উপজেলা', NULL, NULL, NULL, '2015-01-27 19:35:44', '2020-11-17 08:12:20', NULL),
(75, 6, 71, 'Narsingdi Sadar', NULL, 'নরসিংদী সদর', NULL, NULL, NULL, '2015-01-27 19:35:44', '2020-11-17 08:12:20', NULL),
(76, 6, 71, 'Palash Upazila', NULL, 'পলাশ উপজেলা', NULL, NULL, NULL, '2015-01-27 19:35:44', '2020-11-17 08:12:20', NULL),
(77, 6, 71, 'Raipura Upazila', NULL, 'রায়পুরা উপজেলা', NULL, NULL, NULL, '2015-01-27 19:35:44', '2020-11-17 08:12:20', NULL),
(78, 6, 28, 'Barura Upazila', NULL, 'বরুড়া উপজেলা', NULL, NULL, NULL, '2015-01-27 19:35:44', '2020-11-17 08:12:20', NULL),
(79, 6, 28, 'Brahmanpara Upazila', NULL, 'ব্রাহ্মণপাড়া উপজেলা', NULL, NULL, NULL, '2015-01-27 19:35:44', '2020-11-17 08:12:20', NULL),
(81, 6, 28, 'Chandina Upazila', NULL, 'চান্দিনা উপজেলা', NULL, NULL, NULL, '2015-01-27 19:35:44', '2020-11-17 08:12:20', NULL),
(82, 6, 28, 'Chauddagram Upazila', NULL, 'চৌদ্দগ্রাম উপজেলা', NULL, NULL, NULL, '2015-01-27 19:35:44', '2020-11-17 08:12:20', NULL),
(83, 6, 28, 'Daudkandi Upazila', NULL, 'দাউদকান্দি উপজেলা', NULL, NULL, NULL, '2015-01-27 19:35:44', '2020-11-17 08:12:20', NULL),
(84, 6, 28, 'Homna Upazila', NULL, 'হোমনা উপজেলা', NULL, NULL, NULL, '2015-01-27 19:35:44', '2020-11-17 08:12:20', NULL),
(85, 6, 28, 'Laksam Upazila', NULL, 'লাকসাম উপজেলা', NULL, NULL, NULL, '2015-01-27 19:35:44', '2020-11-17 08:12:20', NULL),
(86, 6, 28, 'Muradnagar Upazila', NULL, 'মুরাদনগর উপজেলা', NULL, NULL, NULL, '2015-01-27 19:35:44', '2020-11-17 08:12:20', NULL),
(87, 6, 28, 'Nangalkot upazila', NULL, 'নাঙ্গলকোট উপজেলা', NULL, NULL, NULL, '2015-01-27 19:35:44', '2020-11-17 08:12:20', NULL),
(88, 6, 28, 'Comilla Sadar Upazil', NULL, 'কুমিল্লা সদর উপজেলা', NULL, NULL, NULL, '2015-01-27 19:35:44', '2020-11-17 08:12:20', NULL),
(89, 6, 28, 'Meghna Upazila', NULL, 'মেঘনা উপজেলা', NULL, NULL, NULL, '2015-01-27 19:35:44', '2020-11-17 08:12:20', NULL),
(90, 6, 28, 'Manoharganj Upazila', NULL, 'মনোহরগঞ্জ উপজেলা', NULL, NULL, NULL, '2015-01-27 19:35:44', '2020-11-17 08:12:20', NULL),
(91, 6, 28, 'Sadar Dakshin Upazil', NULL, 'সদর দক্ষিণ উপজেলা', NULL, NULL, NULL, '2015-01-27 19:35:44', '2020-11-17 08:12:20', NULL),
(92, 6, 28, 'Titas Upazila', NULL, 'তিতাস উপজেলা', NULL, NULL, NULL, '2015-01-27 19:35:44', '2020-11-17 08:12:20', NULL),
(93, 6, 61, 'Abhaynagar Upazila', NULL, 'অভয়নগর উপজেলা', NULL, NULL, NULL, '2015-01-27 19:35:44', '2020-11-17 08:12:20', NULL),
(94, 6, 61, 'Bagharpara Upazila', NULL, 'বাঘারপাড়া উপজেলা', NULL, NULL, NULL, '2015-01-27 19:35:44', '2020-11-17 08:12:20', NULL),
(95, 6, 61, 'Chaugachha Upazila', NULL, 'চৌগাছা উপজেলা', NULL, NULL, NULL, '2015-01-27 19:35:44', '2020-11-17 08:12:20', NULL),
(96, 6, 61, 'Jhikargachha Upazila', NULL, 'ঝিকরগাছা উপজেলা', NULL, NULL, NULL, '2015-01-27 19:35:44', '2020-11-17 08:12:20', NULL),
(97, 6, 61, 'Keshabpur Upazila', NULL, 'কেশবপুর উপজেলা', NULL, NULL, NULL, '2015-01-27 19:35:44', '2020-11-17 08:12:20', NULL),
(98, 6, 61, 'Jessore Sadar Upazil', NULL, 'যশোর সদর উপজেলা', NULL, NULL, NULL, '2015-01-27 19:35:44', '2020-11-17 08:12:20', NULL),
(99, 6, 61, 'Sharsha Upazila', NULL, 'শার্শা উপজেলা', NULL, NULL, NULL, '2015-01-27 19:35:44', '2020-11-17 08:12:20', NULL),
(100, 6, 70, 'Assasuni Upazila', NULL, 'আশাশুনি উপজেলা', NULL, NULL, NULL, '2015-01-27 19:35:44', '2020-11-17 08:12:20', NULL),
(101, 6, 70, 'Debhata Upazila', NULL, 'দেবহাটা উপজেলা', NULL, NULL, NULL, '2015-01-27 19:35:44', '2020-11-17 08:12:20', NULL),
(102, 6, 70, 'Kalaroa Upazila', NULL, 'কলারোয়া উপজেলা', NULL, NULL, NULL, '2015-01-27 19:35:44', '2020-11-17 08:12:20', NULL),
(103, 6, 150, 'Kaliganj Upazila', NULL, 'কালীগঞ্জ উপজেলা', NULL, NULL, NULL, '2015-01-27 19:35:44', '2020-11-17 08:12:20', NULL),
(104, 6, 70, 'Satkhira Sadar Upazi', NULL, 'সাতক্ষীরা সদর উপজেলা', NULL, NULL, NULL, '2015-01-27 19:35:44', '2020-11-17 08:12:20', NULL),
(105, 6, 70, 'Shyamnagar Upazila', NULL, 'শ্যামনগর উপজেলা', NULL, NULL, NULL, '2015-01-27 19:35:44', '2020-11-17 08:12:20', NULL),
(106, 6, 70, 'Tala Upazila', NULL, 'তালা উপজেলা', NULL, NULL, NULL, '2015-01-27 19:35:44', '2020-11-17 08:12:20', NULL),
(107, 6, 72, 'Jhalokati Sadar Upaz', NULL, 'ঝালকাঠি সদর উপজেলা', NULL, NULL, NULL, '2015-01-27 19:35:44', '2020-11-17 08:12:20', NULL),
(108, 6, 72, 'Kathalia Upazila', NULL, 'কাঠালিয়া উপজেলা', NULL, NULL, NULL, '2015-01-27 19:35:44', '2020-11-17 08:12:20', NULL),
(109, 6, 72, 'Nalchiti Upazila', NULL, 'নলছিটি উপজেলা', NULL, NULL, NULL, '2015-01-27 19:35:44', '2020-11-17 08:12:20', NULL),
(111, 6, 28, 'Burichang Upazila', NULL, 'বুড়িচং উপজেলা', NULL, NULL, NULL, '2015-01-27 19:35:44', '2020-11-17 08:12:20', NULL),
(113, 6, 71, 'Shibpur Upazila', NULL, 'শিবপুর উপজেলা', NULL, NULL, NULL, '2015-01-27 19:35:44', '2020-11-17 08:12:20', NULL),
(116, 1, 0, 'Ministry of Social Welfare', NULL, 'সমাজকল্যাণ মন্ত্রণালয়', NULL, NULL, NULL, '2015-02-14 03:04:28', '2020-11-17 08:12:20', NULL),
(118, 1, 0, 'Ministry of Agriculture', NULL, 'কৃষি মন্ত্রণালয়', NULL, NULL, NULL, '2015-02-14 03:04:28', '2020-11-17 08:12:20', NULL),
(120, 1, 0, 'Ministry of Health and Family Welfare', NULL, 'স্বাস্থ্য ও পরিবার কল্যাণ মন্ত্রণালয়', NULL, NULL, NULL, '2015-02-14 03:04:28', '2020-11-17 08:12:20', NULL),
(122, 1, 0, 'Ministry of Women and Children Affairs', NULL, 'মহিলা ও শিশু বিষয়ক মন্ত্রণালয়', NULL, NULL, NULL, '2015-02-14 03:04:28', '2020-11-17 08:12:20', NULL),
(124, 1, 0, 'Ministry of Textiles and Jute', NULL, 'বস্ত্র ও পাট মন্ত্রণালয়', NULL, NULL, NULL, '2015-02-14 03:04:28', '2020-11-17 08:12:20', NULL),
(125, 1, 5578, 'Bridge section', NULL, 'সেতু বিভাগ', NULL, NULL, NULL, '2015-02-14 03:04:28', '2020-11-17 08:12:20', NULL),
(126, 1, 758, 'Department of Banks and Financial Institutions', NULL, 'ব্যাংক ও আর্থিক প্রতিষ্ঠান বিভাগ', NULL, NULL, NULL, '2015-02-14 03:04:28', '2020-11-17 08:12:20', NULL),
(128, 5, 67, 'Sylhet District', 6596, 'সিলেট জেলা', '38.878970150289504', '-89.05920898110156', 'M942.58 951.11l5.08 -8.65l-3.23 -4.10l2.77 -0.46l-2.31 -6.37l3.23 -2.73h3.70 0.00l-3.70 -4.55l3.23 -5.46l0.46 -4.55l-3.70 -2.27l2.31 -2.28l-4.62 -5.46v0.00 -1.82l1.85 -1.82v0.00 -4.55l-3.70 -3.19l0.46 -2.28l-2.77 -2.27l1.39 -2.27h1.39 0.00l4.16 1.36l2.77 -3.19l13.87 0.46l8.32 -1.36l3.23 2.73l2.77 -3.64h7.39 0.00l5.08 1.82l4.16 5.01l1.85 -0.46l1.85 1.36l1.85 -0.91l3.23 1.82v0.00 2.27l2.31 0.46l5.55 2.73l3.70 0.91l1.39 -1.36h1.85 0.00v0.00 3.64l5.08 1.37l4.62 2.73l-0.92 2.73l1.85 4.10l4.16 1.37l-1.85 2.27l4.16 0.46l1.85 2.73l-0.46 6.83h-1.85 0.00l-1.85 -0.91l-2.77 2.73l-5.55 -0.46l-7.86 -1.36l-4.62 1.36l-3.70 2.27l3.23 3.64l-0.46 3.19l-4.16 7.74h-3.23 0.00l-6.93 0.91l-1.85 -3.64h-2.31 0.00l-0.46 3.19l-1.85 5.92l-4.62 3.64l-2.31 0.91l-5.55 1.36l-2.31 -1.82l-2.77 1.82l-3.23 -0.46l-1.39 -2.28l-3.23 1.82l-2.31 -2.27l-2.77 3.19l-3.70 5.01l-7.40 0.46l-1.39 -3.19l-4.62 -0.46l1.85 -2.73L942.58 951.11L942.58 951.11z', '2017-09-23 02:43:34', '2020-11-17 08:12:20', NULL),
(129, 6, 128, 'Balaganj Upazila', NULL, 'বালাগঞ্জ উপজেলা', NULL, NULL, NULL, '2015-01-27 19:35:44', '2020-11-17 08:12:20', NULL),
(130, 6, 128, 'Beanibazar Upazila', NULL, 'বিয়ানীবাজার উপজেলা', NULL, NULL, NULL, '2015-01-27 19:35:44', '2020-11-17 08:12:20', NULL),
(131, 6, 128, 'Bishwanath Upazila', NULL, 'বিশ্বনাথ উপজেলা', NULL, NULL, NULL, '2015-01-27 19:35:44', '2020-11-17 08:12:20', NULL),
(132, 6, 128, 'Companiganj Upazila', NULL, 'কোম্পানীগঞ্জ উপজেলা', NULL, NULL, NULL, '2015-01-27 19:35:44', '2020-11-17 08:12:20', NULL),
(133, 6, 128, 'Fenchuganj Upazila', NULL, 'ফেঞ্চুগঞ্জ উপজেলা', NULL, NULL, NULL, '2015-01-27 19:35:44', '2020-11-17 08:12:20', NULL),
(134, 6, 128, 'Golapganj Upazila', NULL, 'গোলাপগঞ্জ উপজেলা', NULL, NULL, NULL, '2015-01-27 19:35:44', '2020-11-17 08:12:20', NULL),
(135, 6, 128, 'Gowainghat Upazila', NULL, 'গোয়াইনঘাট উপজেলা', NULL, NULL, NULL, '2015-01-27 19:35:44', '2020-11-17 08:12:20', NULL),
(136, 6, 128, 'Jaintapur Upazila', NULL, 'জৈন্তাপুর উপজেলা', NULL, NULL, NULL, '2015-01-27 19:35:44', '2020-11-17 08:12:20', NULL),
(137, 6, 128, 'Kanaighat Upazila', NULL, 'কানাইঘাট উপজেলা', NULL, NULL, NULL, '2015-01-27 19:35:44', '2020-11-17 08:12:20', NULL),
(138, 6, 128, 'Sylhet Sadar Upazila', NULL, 'সিলেট সদর উপজেলা', NULL, NULL, NULL, '2015-01-27 19:35:44', '2020-11-17 08:12:20', NULL),
(139, 6, 128, 'Zakiganj Upazila', NULL, 'জকিগঞ্জ উপজেলা', NULL, NULL, NULL, '2015-01-27 19:35:44', '2020-11-17 08:12:20', NULL),
(140, 5, 67, 'Maulvibazar District', 6596, 'মৌলভীবাজার জেলা', '38.286080690795366', '-89.22424751133859', 'M936.57 1006.63l3.23 -8.65l-3.23 -7.28l2.31 -20.93l2.77 -1.82l5.08 0.46l-3.70 -1.82l-4.62 -5.46l2.31 -1.37l3.23 0.46l3.23 3.19l2.77 -3.64l6.93 0.46l7.39 -9.10l2.31 2.27l2.77 -1.36l1.39 2.27l4.62 0.46l1.85 -1.82l1.85 1.82l6.47 -1.36l6.47 -3.64l2.31 -9.56h2.31 0.00l1.39 3.64l6.47 -1.36h4.62 0.00l-0.92 3.19l-1.39 3.19l-3.23 5.92l-1.39 8.19l-6.93 4.55l-0.93 8.19l2.31 3.19v0.00 2.73l-3.23 6.37h-6.01 0.00l-9.24 -1.37l-3.70 0.91l3.70 3.19l0.93 3.64l-2.31 0.91l-0.93 -2.27l-0.46 -1.82l-2.77 -0.46l-3.23 3.19l1.85 1.82v0.00 10.01l-2.31 2.73l-0.92 9.10h-3.23 0.00l-2.31 -5.01l-3.70 -3.19l1.85 -1.82l-3.70 0.91h-4.16 0.00l-1.39 -2.73l-2.77 0.46h0.46 0.00v0.00 8.65l1.85 2.73l-2.31 1.82l-2.31 -0.91l-1.39 -2.28l-4.16 -2.73L936.57 1006.63L936.57 1006.63z', '2017-09-23 02:43:36', '2020-11-17 08:12:20', NULL),
(141, 6, 140, 'Baralekha Upazila', NULL, 'বড়লেখা উপজেলা', NULL, NULL, NULL, '2015-01-27 19:35:44', '2020-11-17 08:12:20', NULL),
(142, 6, 140, 'Kamalganj upazila', NULL, 'কমলগঞ্জ উপজেলা', NULL, NULL, NULL, '2015-01-27 19:35:44', '2020-11-17 08:12:20', NULL),
(143, 6, 140, 'Kulaura Upazila', NULL, 'কুলাউড়া উপজেলা', NULL, NULL, NULL, '2015-01-27 19:35:44', '2020-11-17 08:12:20', NULL),
(144, 6, 140, 'Moulvibazar Sadar Up', NULL, 'মৌলভীবাজার সদর উপজেলা', NULL, NULL, NULL, '2015-01-27 19:35:44', '2020-11-17 08:12:20', NULL),
(145, 6, 140, 'Rajnagar Upazila', NULL, 'রাজনগর উপজেলা', NULL, NULL, NULL, '2015-01-27 19:35:44', '2020-11-17 08:12:20', NULL),
(146, 5, 69, 'Panchagarh District', 6587, 'পঞ্চগড় জেলা', '41.5662497498785', '-103.63771472542375', 'M539.56 719.47l-0.92 -3.19l-0.92 -2.27l2.31 -3.19l1.85 -4.10l1.85 -5.46l3.70 -5.46l0.92 5.92l0.46 3.19l3.70 3.64l3.70 -0.91l0.92 3.19l3.70 0.91l0.46 2.73l3.70 1.36l0.46 1.82l3.70 0.91l2.31 -2.73l1.39 3.64l1.85 2.27l2.77 1.82l0.92 1.82l2.31 -0.91l1.39 1.36l-1.39 3.19l1.39 1.36l1.85 1.36v0.00 0.91l3.70 -0.46v0.00 1.82l0.92 1.82h-6.01 0.00l0.46 4.10l-4.16 0.91l-0.46 1.82l3.70 -0.46l3.23 -1.36l3.23 -2.73l2.31 1.82l-0.46 4.09l1.85 3.19l2.31 3.19l-0.92 3.19v0.00 4.55v0.00 4.10l-1.39 3.64l0.92 4.55l-2.31 3.19l-3.23 4.55l-3.70 -0.91l-5.08 -0.46l-1.85 -3.64l-2.31 -1.82l2.77 -5.01l-1.85 -3.64l-2.31 -2.73l-3.70 -1.36l-1.85 -1.82l-1.39 -2.73l-2.31 0.91c0.00 0.00 -0.58 -0.46 -1.85 -0.91s-3.23 -0.91 -3.23 -0.91l-2.31 -0.91l-2.31 1.82l-3.70 -0.91l-3.24 -1.36l-2.77 1.82l-0.46 2.27c0.00 0.00 -1.50 -0.23 -3.23 -0.91c-1.73 -0.68 -3.70 -1.82 -3.70 -1.82l-0.92 -1.36l3.23 -1.82l1.85 -2.27l-1.39 -2.73v0.00 -6.37l5.08 -0.46l1.85 -1.82l1.85 -2.73l4.16 -1.36l0.92 -3.19l2.31 3.64l2.31 -1.36l1.85 -3.19l-1.85 -2.27l-1.85 -2.73v0.00 -3.19l-3.23 -2.73l-4.16 0.91l-2.31 -3.64l-2.31 1.82l-2.77 -0.46L539.56 719.47z', '2017-09-23 02:12:59', '2020-11-17 08:12:20', NULL),
(147, 6, 140, 'Sreemangal Upazila', NULL, 'শ্রীমঙ্গল উপজেলা', NULL, NULL, NULL, '2015-01-27 19:35:44', '2020-11-17 08:12:20', NULL),
(148, 6, 140, 'Juri Upazila', NULL, 'জুড়ী উপজেলা', NULL, NULL, NULL, '2015-01-27 19:35:44', '2020-11-17 08:12:20', NULL),
(149, 6, 146, 'Panchagarh Sadar', NULL, 'পঞ্চগড় সদর', NULL, NULL, NULL, '2015-01-27 19:35:44', '2020-11-17 08:12:20', NULL),
(150, 5, 68, 'Gazipur District', 6594, 'গাজীপুর জেলা', '38.023917123679105', '-95.30350861465652', 'M754.01 1033.48l7.40 -6.37l-0.92 -3.64h1.85 0.00v0.00 -2.73l2.77 2.73l2.77 -0.46l-0.46 -7.74l1.39 -5.01l6.47 -2.73l-0.93 -4.10l4.16 -1.82l-1.39 -1.37l2.77 -0.91l3.23 -0.46l1.39 -2.73l2.77 3.19l2.77 -0.46l1.85 1.37l1.39 -7.74l4.62 -0.46l1.39 1.82l5.55 2.27v0.00 2.27l3.70 3.64h4.16 0.00l0.93 -1.36h3.70 0.00l5.08 3.19l2.77 1.36l-2.77 1.82l0.46 4.10l1.85 3.64l-1.39 3.19l-0.46 2.73l2.77 2.73l-5.08 0.91l-1.85 -1.82l-1.39 1.36l1.85 0.91l0.93 8.65l-2.31 5.46l-2.31 0.46l1.39 2.28l-2.77 4.55l-3.70 2.73l-2.31 -1.82l-4.62 -5.46l-0.46 2.27l-2.77 -0.46l-3.70 7.74l-2.31 -1.82l-1.85 1.36l-3.70 0.91l-2.77 -2.73l-3.70 0.91v0.00 -9.10h-6.47 0.00l-3.70 -1.36l3.23 -3.64l-2.31 -3.64l-1.39 -0.46l-2.77 5.01l-1.39 -2.73l-3.70 1.82l-3.23 1.82L754.01 1033.48L754.01 1033.48z', '2017-09-23 02:57:30', '2020-11-17 08:12:20', NULL),
(151, 6, 146, 'Debiganj Upazila', NULL, 'দেবীগঞ্জ উপজেলা', NULL, NULL, NULL, '2015-01-27 19:35:44', '2020-11-17 08:12:20', NULL),
(152, 6, 150, 'Kaliakair Upazila', NULL, 'কালিয়াকৈর উপজেলা', NULL, NULL, NULL, '2015-01-27 19:35:44', '2020-11-17 08:12:20', NULL),
(153, 6, 146, 'Boda Upazila', NULL, 'বোদা উপজেলা', NULL, NULL, NULL, '2015-01-27 19:35:44', '2020-11-17 08:12:20', NULL),
(154, 6, 146, 'Atwari Upazila', NULL, 'আটোয়ারী উপজেলা', NULL, NULL, NULL, '2015-01-27 19:35:44', '2020-11-17 08:12:20', NULL),
(156, 6, 146, 'Tetulia Upazila', NULL, 'তেতুলিয়া উপজেলা', NULL, NULL, NULL, '2015-01-27 19:35:44', '2020-11-17 08:12:20', NULL),
(157, 6, 150, 'Kapasia Upazila', NULL, 'কাপাসিয়া উপজেলা', NULL, NULL, NULL, '2015-01-27 19:35:44', '2020-11-17 08:12:20', NULL),
(158, 6, 150, 'Gazipur Sadar Upazil', NULL, 'গাজীপুর সদর উপজেলা', NULL, NULL, NULL, '2015-01-27 19:35:44', '2020-11-17 08:12:20', NULL),
(159, 6, 150, 'Bagatipara Upazila', NULL, 'শ্রীপুর উপজেলা', NULL, NULL, NULL, '2015-01-27 19:35:44', '2020-11-17 08:12:20', NULL),
(160, 5, 60, 'Sirajganj District', 6588, 'সিরাজগঞ্জ জেলা', '38.53384830760329', '-99.24201073200983', 'M653.25 992.52v0.00 -6.83l-2.31 -1.82v0.00 -1.82l-3.23 -2.73l12.48 -15.02l-0.92 -1.82h8.32 0.00l3.23 2.73h3.23 0.00l4.16 -2.27l3.70 1.82l0.92 -3.19l1.85 3.64l3.23 0.91v0.00 -2.28h2.31 0.00l2.31 -1.82l-3.70 -2.28l1.85 -1.82l-3.23 -2.73l-2.77 0.46l-0.93 -0.46l2.31 -2.28l-2.31 -1.36l1.39 -5.01v0.00 -3.19l2.31 2.28l2.77 -0.91l2.77 2.73l6.01 -6.37l-0.92 -2.73l0.92 -4.55l5.55 0.46l1.85 2.27l1.39 1.36l0.92 -1.82h1.39 0.00l2.31 2.28l1.39 0.46l0.46 2.73l-2.77 0.46l-0.46 1.36l2.77 2.28v0.00 6.83l-0.92 3.64h-2.77 0.00l2.31 2.73l0.46 3.19l-2.31 1.36l-0.46 2.73l-1.85 -0.46l-2.31 2.73l2.31 3.19v0.00 3.64l-3.23 2.27l-1.39 2.27l6.47 6.83l-2.77 2.73l0.46 1.82l3.23 2.28l2.31 3.64l-0.92 13.20l1.39 1.82l-1.39 1.36v0.00 1.82l1.39 0.46l1.85 1.82v0.00 1.36l1.39 1.36l-0.46 5.46l-3.23 6.37l-6.01 2.27h-3.23 0.00l-3.70 -4.55l-5.55 -4.10h-4.16 0.00l-6.01 -5.01l-4.62 -0.91l-0.46 -2.27l2.31 -0.91l0.46 -3.19l-1.85 -0.91l1.39 -0.91v0.00 -1.82l-1.85 -2.28l-1.39 0.91l-4.16 0.91l-1.39 -0.91v0.00 -3.19l1.85 -0.91c0.00 0.00 0.00 -2.73 -1.85 -2.73c-1.85 0.00 -2.31 0.00 -2.31 0.00l-1.39 2.28h-0.92 0.00l-0.92 -2.73v0.00 -3.64l-4.16 -2.73l-3.70 -0.91L653.25 992.52z', '2017-09-23 02:20:29', '2020-11-17 08:12:20', NULL),
(161, 6, 160, 'Belkuchi Upazila', NULL, 'বেলকুচি উপজেলা', NULL, NULL, NULL, '2015-01-27 19:35:44', '2020-11-17 08:12:20', NULL),
(162, 6, 160, 'Chowhali Upazila', NULL, 'চৌহালি উপজেলা', NULL, NULL, NULL, '2015-01-27 19:35:44', '2020-11-17 08:12:20', NULL),
(163, 6, 160, 'Kamarkhand Upazila', NULL, 'কামারখন্দ উপজেলা', NULL, NULL, NULL, '2015-01-27 19:35:44', '2020-11-17 08:12:20', NULL),
(164, 6, 160, 'Kazipur Upazila', NULL, 'কাজীপুর উপজেলা', NULL, NULL, NULL, '2015-01-27 19:35:44', '2020-11-17 08:12:20', NULL),
(165, 6, 160, 'Raiganj Upazila', NULL, 'রায়গঞ্জ উপজেলা', NULL, NULL, NULL, '2015-01-27 19:35:44', '2020-11-17 08:12:20', NULL),
(166, 6, 160, 'Shahjadpur Upazila', NULL, 'শাহজাদপুর উপজেলা', NULL, NULL, NULL, '2015-01-27 19:35:44', '2020-11-17 08:12:20', NULL),
(167, 6, 160, 'Sirajganj Sadar', NULL, 'সিরাজগঞ্জ সদর', NULL, NULL, NULL, '2015-01-27 19:35:44', '2020-11-17 08:12:20', NULL),
(168, 6, 160, 'Tarash Upazila', NULL, 'তাড়াশ উপজেলা', NULL, NULL, NULL, '2015-01-27 19:35:44', '2020-11-17 08:12:20', NULL),
(169, 6, 160, 'Ullapara Upazila', NULL, 'উল্লাপাড়া উপজেলা', NULL, NULL, NULL, '2015-01-27 19:35:44', '2020-11-17 08:12:20', NULL),
(175, 6, 128, 'Ullapara Upazila', NULL, 'দক্ষিণ সুরমা উপজেলা', NULL, NULL, NULL, '2015-01-27 19:35:44', '2020-11-17 08:12:20', NULL),
(202, 6, 0, 'Kaliganj Union', NULL, 'কালীগঞ্জ ইউনিয়ন', NULL, NULL, NULL, '2015-01-27 19:35:44', '2020-11-17 08:12:20', NULL),
(235, 6, 996, 'Bauphal Upazila', NULL, 'বাউফল উপজেলা', NULL, NULL, NULL, '2015-01-27 19:35:44', '2020-11-17 08:12:20', NULL),
(362, 6, 108, 'Shauljalia Union', NULL, 'শৌলজালিয়া ইউনিয়ন', NULL, NULL, NULL, '2015-01-27 19:35:44', '2020-11-17 08:12:20', NULL),
(366, 6, 70, 'Kaliganj Upazila', NULL, 'কালিগঞ্জ উপজেলা', NULL, NULL, NULL, '2015-01-27 19:35:44', '2020-11-17 08:12:20', NULL),
(756, 1, 0, 'Ministry of Informat', NULL, 'তথ্য মন্ত্রণালয়', NULL, NULL, NULL, '2015-02-14 03:04:28', '2020-11-17 08:12:20', NULL),
(757, 1, 5594, 'Planning Department', NULL, 'পরিকল্পনা বিভাগ', NULL, NULL, NULL, '2015-02-14 03:04:28', '2020-11-17 08:12:20', NULL),
(758, 1, 0, 'Department of Internal Resources', NULL, 'অভ্যন্তরীণ সম্পদ বিভাগ', NULL, NULL, NULL, '2015-02-14 03:04:28', '2020-11-17 08:12:20', NULL),
(784, 5, 65, 'Meherpur District', 6590, 'মেহেরপুর জেলা', '37.54792805253583', '-102.89636973180593', 'M587.63 1038.48l5.55 5.92l0.46 -4.55l2.77 2.73v0.00 2.73l1.39 1.82l2.77 -2.73l3.23 5.01l-4.16 2.73l2.77 2.27l2.77 -0.91l0.92 1.82l-3.23 1.36v0.00 0.91l-0.46 2.73l-2.31 -1.37l-1.85 2.73l0.46 4.10l-4.16 0.46l0.12 8.65l-3.81 3.98l-3.58 0.57l-2.43 1.82l-1.85 -0.46l-6.01 5.01l-0.92 1.36l-6.70 0.34l0.69 -4.89l-3.23 -0.91l-0.92 -1.82l2.31 -1.37l0.93 -3.19l-2.31 -0.91l0.46 -5.00l2.31 -2.28l-3.23 -4.55l2.31 0.91l2.77 -2.73v0.00 -0.91l-1.39 -1.36l0.46 -5.01l-0.92 -0.91l2.77 -1.36l2.31 0.91v0.00 2.73l1.60 -2.01l2.79 -0.15l4.85 -5.12l3.00 -0.34l1.04 -2.73l-0.81 -3.75L587.63 1038.48z', '2017-09-23 02:24:38', '2020-11-17 08:12:20', NULL),
(987, 5, 36, 'Feni District', 6598, 'ফেনী জেলা', '36.041100669349916', '-91.57465972070382', 'M900.33 1191.07l-2.61 -3.86l0.65 -3.86l3.92 -7.08l-4.58 0.64l-5.88 -1.29l-1.96 1.93l1.31 -5.15l-0.65 -4.51l1.31 -3.86l-1.96 -7.72l7.19 1.93l3.92 -3.22l3.92 1.29l2.61 -2.57l-1.96 -5.79l-1.31 -3.86v0.00 -3.86l1.31 -5.15l0.65 -4.51l5.88 1.29l3.92 6.44l3.92 7.72l1.31 5.79v0.00 5.15l4.58 6.44l-0.65 4.50l5.23 1.93l-7.19 0.64l0.65 7.08h-5.23 0.00l-3.92 2.57l-1.96 5.79l-4.58 6.44v0.00 4.51l-2.62 -1.29v0.00 -3.22L900.33 1191.07L900.33 1191.07z', '2017-09-23 03:05:40', '2020-11-17 08:12:20', NULL),
(989, 5, 60, 'Pabna District', 6588, 'পাবনা জেলা', '38.03035347538273', '-99.96195501503324', 'M618.59 1022.10v0.00 -3.19l1.85 -3.19l2.31 2.27l9.24 -1.82l4.62 -3.64l0.93 -3.64l2.77 0.91l4.16 -2.28l2.77 -8.19l2.77 1.37l0.46 -3.64l3.70 -3.64l9.71 2.27l3.24 1.36v0.00 4.55l1.39 2.73l3.24 -1.82l2.77 0.91l-1.85 1.36v0.00 3.64l1.85 1.37h4.16 0.00l1.85 -2.28l1.85 3.19l-2.77 2.28h2.31 0.00v0.00 2.73l-2.77 1.36l0.92 3.19l4.16 0.46l6.01 5.01l4.16 -0.46l6.01 5.00l3.23 4.55l-4.62 0.91v0.00 2.73l-1.85 0.45l0.46 4.10l2.31 2.73l3.70 -0.91l1.85 5.46h-1.85 0.00l-3.70 -4.10l1.39 5.46l5.55 0.91l4.16 2.73l-4.16 1.36l-2.31 1.37l-5.55 -0.46l-5.54 -2.27l-6.47 1.82l-4.16 1.82l-11.09 -6.83l-1.85 -4.55l-5.55 -5.92h-2.31 0.00l1.85 4.55l-2.31 2.73l-5.08 -0.91l-3.23 -4.55l-4.62 -5.00l-1.85 -0.91h-6.47 0.00l-2.77 -1.82h-5.08 0.00l-2.77 -0.46l-3.70 3.19v0.00 -2.28l-3.70 -1.37l-1.85 -3.64l0.92 -5.92L618.59 1022.10L618.59 1022.10z', '2017-09-23 02:22:05', '2020-11-17 08:12:20', NULL),
(991, 5, 68, 'Shariatpur District', 6593, 'শরীয়তপুর  জেলা', '36.63180003543798', '-95.76265743910928', 'M792.48 1161.47l-6.54 1.93l-3.92 2.57l-1.31 3.22l-4.46 -3.33l-3.38 -4.39l1.96 -3.86l2.61 -3.86l-3.92 -3.86l-3.27 -5.79l-4.58 -3.22l-1.96 -8.37l5.88 -4.50l4.58 -8.37l3.92 -5.79l6.54 0.64l5.88 4.51l2.61 4.50h5.23 0.00h4.58 0.00l1.96 4.51l0.65 4.50l1.96 7.08l-2.62 5.79l-3.84 2.92l2.50 3.89l-8.46 2.20L792.48 1161.47L792.48 1161.47z', '2017-09-23 02:58:28', '2020-11-17 08:12:20', NULL),
(993, 5, 60, 'Bogra District', 6588, 'বগুড়া জেলা', '39.254985320383305', '-99.88479790674924', 'M614.43 939.73l-0.46 -9.56l-1.85 -1.36l3.70 -3.19h2.77 0.00l1.39 3.19l0.46 -3.19h1.39 0.00v0.00 2.73l3.23 -4.09l2.31 2.27l5.55 -4.55l-4.62 -4.55l2.31 0.91l0.46 -6.83l2.77 1.36l0.46 2.73l5.08 0.46v0.00 1.82h3.70 0.00l-0.46 -2.73l-2.31 -1.36v0.00 -2.73l2.31 0.46l2.77 -7.28l3.23 1.82l-1.39 -2.73h3.23 0.00l-2.31 -3.19l4.62 -2.73l0.46 -3.19l-1.85 -0.46l1.85 -1.82l5.08 0.91l3.23 1.82l0.92 4.10l4.16 0.91l0.93 -2.27l4.16 2.27l1.39 -2.73l3.70 3.64l5.55 0.91l2.31 2.27h1.85 0.00l1.39 -3.19l7.86 -0.91l1.39 2.28l1.39 0.46l-1.39 3.64h1.85 0.00l0.92 3.19l-1.85 2.73l1.85 1.37l-0.92 2.27l1.85 2.73l0.46 3.19l-2.31 0.46v0.00 4.10l3.70 4.10h3.23 0.00l1.39 2.27l-0.92 1.36h-6.47 0.00l-0.92 1.37v0.00 2.73h-0.92 0.00v0.00 3.19l-4.62 6.37l-3.23 -3.19l-2.31 1.36l-1.85 -1.82v0.00 2.27l-1.85 1.82l-0.46 3.64l1.85 0.91l-0.92 2.28l0.46 0.91l2.77 -0.46l2.77 2.27l-1.85 2.27l3.23 1.82l-1.85 2.27h-2.77 0.00l-0.46 1.82l-2.77 -0.91l-1.85 -2.73l-0.46 2.27h-2.77 0.00l-1.39 -1.82l-3.70 1.82l-3.23 0.46l-3.70 -2.27l-9.24 0.46v0.00 -2.27l-2.31 -3.19h-1.39 0.00l-2.77 -2.73l-3.70 -0.46l-1.85 1.36l0.92 3.64l-0.46 1.36l-5.08 -4.10v0.00 -1.82l1.85 -1.36l-0.92 -2.27l-2.77 2.27l-1.39 -1.36l-2.31 5.01l-3.23 -6.37l2.31 -2.73l-0.46 -6.83l-2.31 2.27l-4.62 -0.46l0.46 -2.28l-4.16 -6.83l-3.23 3.64l-1.39 -1.82L614.43 939.73z', '2017-09-23 02:22:08', '2020-11-17 08:12:20', NULL),
(994, 5, 69, 'Dinajpur District', 6587, 'দিনাজপুর জেলা', '40.59312317512476', '-102.81755476693922', 'M576.07 772.71l-2.31 2.27l-0.92 3.64l-3.23 0.91l-2.77 -4.10l-0.92 3.19h-3.23 0.00l-1.39 5.01l2.31 1.36v0.00 1.36l-2.77 -0.46l-4.16 9.10l1.39 2.27l-0.92 1.36l-3.70 0.46l-0.46 -2.73l-1.39 0.91l-5.08 -0.91l0.92 4.55l-2.31 -0.91l-0.46 4.10l2.31 1.37l-1.39 3.19l0.46 3.19l4.62 3.64v0.00 3.64l1.85 1.36l-0.46 4.10l-1.85 0.91v0.00 3.64l2.77 1.82h4.16 0.00v0.00 3.64l3.23 2.27l1.39 3.19l5.55 0.46l3.23 -0.91l0.92 2.27l4.16 0.46v0.00 1.82l6.47 0.91l1.85 -1.82l2.31 -1.37c0.00 0.00 5.55 2.27 4.16 0.46s-1.39 -5.01 -1.39 -5.01l2.77 2.73l2.77 -2.73v0.00 4.55l2.31 0.91l1.85 4.10l-1.85 4.55l-2.31 1.36l2.77 1.36l0.46 3.64l6.01 5.92l1.39 -2.27l1.39 1.82v0.00 1.82l11.55 0.91l1.39 1.82l-0.46 3.19l5.08 2.73l4.62 -0.91l2.31 3.64l6.47 -0.91l13.87 3.19l3.70 -1.82v0.00 -3.19l-3.70 -4.09l-0.46 -4.10l-5.08 -4.10l0.92 -1.82l-1.39 -0.91h-2.31 0.00l-0.46 -2.73h-4.16 0.00l-2.77 -3.19l1.39 -0.91l-4.62 -2.73l-3.23 -12.74l-1.85 -4.55l-6.93 -1.37l-3.23 -7.28l-6.47 -4.10l-0.92 -6.37l-5.08 -1.36l-1.85 -1.82l-2.77 -0.46l1.39 -5.01h-4.62 0.00l-0.46 -10.92l-3.70 -6.37l-4.16 -0.91l-1.39 -3.64v0.00 -4.10l-7.86 -1.36L576.07 772.71z', '2017-09-23 02:12:58', '2020-11-17 08:12:20', NULL),
(995, 5, 65, 'Narail District', 6591, 'নড়াইল জেলা', '36.53405292571024', '-99.12399054271836', 'M671.74 1134.05l-2.31 -3.19l3.70 -0.45l3.70 -3.64l1.39 -1.36l2.77 4.10l3.23 -1.36l2.31 -3.19h5.08 0.00l1.39 3.64h3.70 0.00l0.46 0.91l-3.24 3.64l1.39 2.73h5.08 0.00l2.31 2.73v0.00 1.82l-1.39 2.28l1.39 0.45l3.23 -2.27l3.70 0.46l-0.46 3.19l-1.39 3.19l-1.85 3.64h-2.31 0.00l-3.70 -0.91l6.01 5.01l1.85 2.73l1.85 4.55l5.08 3.19v0.00 2.27l-1.39 0.46l-4.16 0.91l-10.63 -4.10l-3.70 4.10l-6.01 -3.19l-1.85 2.73h-1.39 0.00l-5.08 -5.92l1.85 -2.73l-1.39 -2.73l-4.62 -0.46l-2.31 -2.27l0.93 -3.64l-1.85 -0.46l-4.16 4.10l0.92 -3.64l-0.46 -2.73l-2.77 -0.91l5.08 -0.91l-0.92 -4.10l1.85 -1.82L671.74 1134.05L671.74 1134.05z', '2017-09-23 02:26:50', '2020-11-17 08:12:20', NULL),
(996, 5, 66, 'Patuakhali District', 6592, 'পটুয়াখালী জেলা', '35.26389121202776', '-95.52078791937397', 'M783.33 1282.46l1.31 -6.44l-4.58 -2.57l7.19 -7.72l1.96 -1.93l-1.31 -5.15l-9.80 0.64l-3.27 -1.93l-9.15 5.15l-1.31 -3.22l0.65 -6.44l8.50 -1.93l1.31 -3.86l-2.61 -5.79l5.23 -5.79l3.92 -0.64l1.96 -5.15l5.88 0.64l1.96 -5.79l9.15 -2.57l0.65 -4.50l4.57 4.50l3.92 5.15l-0.65 6.44l5.23 1.93l3.27 10.30l-4.58 2.57v0.00 5.79l-3.92 7.72l-2.61 7.08l-1.31 3.86l1.31 9.01l-11.77 3.86L783.33 1282.46z', '2017-09-23 02:38:56', '2020-11-17 08:12:20', NULL),
(997, 5, 66, 'Pirojpur District', 6592, 'পিরোজপুর জেলা', '35.50641943869441', '-97.38986664140235', 'M727.21 1273.31l-0.92 -6.83l-2.77 -3.64l0.46 -6.83l3.70 -6.37l-0.92 -4.10v0.00 -6.37l3.23 -3.64h1.85 0.00l-2.31 -2.27l-5.55 -8.65l6.47 3.64l4.16 3.64l-0.46 -4.10l-1.85 -5.01l2.31 -3.19l-2.31 -6.37v0.00 -6.83l-1.85 -1.82l-6.47 -0.91l-0.46 -5.01l7.40 -2.73v0.00 -7.74l-0.46 -1.82l0.92 -1.36l0.46 -3.19l6.93 0.91l2.31 -3.19h0.46 0.00l3.23 4.10l-0.46 4.55h2.31 0.00l2.77 4.10h2.77 0.00l0.92 2.73l6.93 1.36l3.23 0.91l-0.46 2.28l-1.85 0.46v0.00 2.27l-3.23 2.27l-0.92 3.64l-5.08 3.19l2.77 2.73v0.00 3.64l-4.62 0.91v0.00 9.10l7.39 1.37l0.92 0.91l-0.92 2.27l-4.62 4.55l-2.77 -2.28l-2.31 1.36l-2.77 -1.36l0.46 5.46l-2.77 4.10l0.46 3.64l2.77 -1.37l0.92 5.46l-1.39 2.73l-1.39 6.37l-3.23 5.92l-3.23 0.46l-5.55 5.92L727.21 1273.31L727.21 1273.31z', '2017-09-23 02:38:59', '2020-11-17 08:12:20', NULL),
(998, 5, 36, 'Brahmanbaria Distric', 6597, 'ব্রাহ্মণবাড়িয়া জেলা', '37.63386563003102', '-92.71356716753895', 'M834.43 1076.26l-5.55 -2.27v0.00 -1.36l-4.62 -3.64l1.39 -3.64l4.16 -5.01l0.46 -6.37l3.23 -1.82l1.39 1.82h4.16 0.00l1.39 -1.37l7.86 0.91v0.00 -3.19l2.77 -0.91l1.85 -7.74l3.70 -0.91l-2.31 -4.10l4.16 -5.92l5.08 -2.27l-0.46 -1.82l2.77 -2.73l-0.92 -4.55l-2.77 -0.46l-2.77 -5.01l3.70 -4.55l6.47 0.91l2.31 -3.64l7.86 -2.73l7.86 2.27l4.16 2.73l5.08 -7.28l3.70 0.91v0.00 2.73l-6.01 4.10l3.70 2.27v0.00 2.28l-4.62 -1.37l-0.46 5.46l2.77 1.82l-3.23 0.91l2.31 7.28l2.31 3.19v0.00 1.36l-1.85 0.91v0.00 3.64v0.00 1.36l-5.08 2.27l1.85 4.55l-3.70 0.91l-2.77 5.46l2.77 3.19l0.46 2.27l-2.31 1.82l-0.93 3.64l1.85 3.64l-2.77 3.64l-1.85 -1.37h-3.23 0.00l-2.31 1.82l0.46 5.46l2.31 0.91l1.39 -1.82l1.39 0.91v0.00 5.92h-1.85 0.00l-3.23 -2.73l-0.93 1.36l-3.70 -3.64v0.00 -3.64h-1.85 0.00l-0.46 -1.82l-3.70 -0.91l2.31 -1.82l-5.08 -4.10l-7.40 -0.46l-3.23 2.73h-5.55 0.00l-2.31 0.46l0.92 3.64l-4.16 0.91l-5.08 -3.64l-2.77 1.82l0.46 1.36l1.39 1.36L834.43 1076.26L834.43 1076.26z', '2017-09-23 03:05:33', '2020-11-17 08:12:20', NULL),
(999, 5, 66, 'Barisal District', 6592, 'বরিশাল জেলা', '36.000279854608614', '-95.88014916327032', 'M761.41 1229.62l6.01 -3.19l6.01 -2.73l1.85 -5.01h2.77 0.00l0.93 -1.36l5.55 1.36l0.92 -3.19h3.24 0.00l-0.46 -2.73l-5.55 -0.91l1.39 -2.73l2.31 0.46l-0.46 -2.27l-7.40 -0.91l-1.85 -2.27l-3.70 -0.46l0.46 -2.73l1.85 -1.36l-4.16 -5.01h-3.23 0.00l-1.85 -2.27l-6.01 3.64l-7.39 -1.36l-0.46 -1.82h-1.85 0.00l-2.77 -4.55h-3.23 0.00l0.46 -4.55l-2.77 -3.64v0.00 -5.46l4.16 -4.55l0.46 -2.27l4.16 -2.28l0.92 -2.27l4.16 -0.45v0.00 -5.46l5.55 0.46l1.85 -2.73l2.31 0.91l-0.46 10.92l6.47 2.73l3.70 -0.91l2.31 -1.36l2.77 1.82l1.39 -3.19l5.55 -2.73l6.47 1.37l6.47 3.64l4.62 4.10l5.55 2.27l5.55 2.28l4.16 3.64l2.77 6.37l-2.77 3.19l-4.62 2.27l-7.86 5.46l-4.16 4.10l-0.46 3.19l-5.55 0.91l3.24 5.01l-1.39 3.64l0.46 4.10l1.85 2.73l-5.55 0.46l-5.08 2.73v0.00 3.19l-0.93 3.19l-3.23 -0.91l-2.77 -0.46l-6.01 -2.73l-3.23 1.82l-0.46 2.28l-5.55 2.27l-0.46 -4.10L761.41 1229.62L761.41 1229.62z', '2017-09-23 02:38:58', '2020-11-17 08:12:20', NULL),
(1000, 5, 67, 'Habiganj District', 6596, 'হবিগঞ্জ জেলা', '38.30886344044945', '-91.06853330350258', 'M881.57 1003.44l2.77 -0.91l-1.85 -2.73l-1.85 -0.91l0.92 -2.73l5.55 0.46l3.23 -1.37v0.00 -3.19l-1.85 -2.27l3.23 -0.91l-0.46 -2.73l-3.23 -3.64l1.85 -2.27l0.46 -3.19l-0.93 -1.82l-2.31 -1.36l-2.77 1.36l-3.23 -1.36l6.47 -2.28l2.31 -6.37l4.62 -3.19l3.23 -3.19l3.24 3.64l1.39 -2.73l-1.39 -3.19l3.23 -4.55l6.01 -1.82h2.31 0.00l3.23 2.73l3.70 5.46l2.31 -3.64v0.00 -1.37l2.31 -1.82l1.85 0.91l7.39 -0.91l1.85 4.09l2.31 -0.91l-1.85 -2.28v0.00 -2.28l6.01 0.91l5.55 1.36l-2.77 4.10l4.62 0.46l0.93 2.27l-3.23 3.64l-3.23 -2.27l-2.77 -0.46l-1.39 0.91l2.77 4.55l2.77 1.82h-2.77 0.00l-3.23 2.27l-0.93 7.28l-0.93 13.20l2.77 7.74l-2.77 7.74l-1.85 1.36v0.00 1.36l2.31 1.82v0.00 1.82l-1.85 0.91v0.00 9.56l-6.01 3.64l-6.47 0.91l-4.16 -3.19h-5.08 0.00l-4.62 -2.28h-4.16 0.00l-0.93 2.73l2.77 3.64l-0.93 3.19l-2.31 3.19l-1.39 4.55l-6.93 -1.82v0.00 -3.19l1.39 -0.91l-0.93 -3.64l-3.70 -7.74l4.62 -1.36l-3.70 -1.82v0.00 -5.46l5.08 1.37v0.00 -2.73l-4.16 -1.82l6.47 -4.55v0.00 -2.73l-4.16 -0.91l-4.16 7.28l-3.70 -2.73L881.57 1003.44L881.57 1003.44z', '2017-09-23 02:43:37', '2020-11-17 08:12:20', NULL),
(1002, 5, 36, 'Rangamati District', 6599, 'রাঙ্গামাটি জেলা', '35.21666495426157', '-88.12640378877649', 'M974.01 1214.60l-1.85 -9.10l4.62 -5.46l3.70 -6.37l0.92 -10.92l13.87 -10.01l-0.93 -5.46l-1.85 -10.01l8.32 -6.37l-1.85 -7.28l-2.77 -11.83v0.00 -6.37l-6.47 -9.10l8.32 -10.92l-3.70 -9.10l-6.47 -16.38l1.85 -2.73l7.40 -7.28h4.62 0.00l2.77 4.55l1.85 7.28l1.85 -6.37l1.85 -3.64l4.62 1.82l-2.77 6.37l1.85 6.37l1.85 4.55l1.85 16.38l4.62 6.37l2.77 5.46l-1.85 3.64l2.77 2.73l0.93 3.64l-6.47 4.55l0.93 7.28l0.93 6.37l0.92 4.55l3.70 4.55l-2.77 14.56l3.70 7.28l7.40 3.64l-1.85 4.55l2.77 10.92l5.55 5.46l0.93 7.28l1.85 9.10l-2.77 1.82l2.77 9.10l1.85 10.92l1.85 9.10v0.00 5.46l1.85 7.28l1.85 7.28v0.00 8.19l-4.62 -1.82l2.77 10.01l3.70 14.56l2.77 9.10l-3.70 6.37l-1.85 -4.55l-2.77 -8.19l-2.77 -9.10l-4.62 -9.10l0.92 -2.73l-1.85 -7.28l-3.70 -12.74l-3.70 -3.64l-9.24 -6.37l-12.02 -2.73l-8.32 3.64l-5.55 -4.55l-3.70 -5.46l2.77 -7.28l-0.92 -7.28l-4.62 -9.10l-5.55 -8.19l-2.77 0.91l-3.70 5.46l2.77 7.28l-1.85 3.64l-3.70 -4.55L974.01 1214.60L974.01 1214.60z', '2017-09-23 03:05:19', '2020-11-17 08:12:20', NULL),
(1004, 5, 60, 'Rajshahi District', 6589, 'রাজশাহী জেলা', '38.68398603416567', '-103.09350525403777', 'M539.56 978.87l1.39 -3.19l-3.23 -4.09l0.46 -5.92l-2.77 -3.19l0.46 -3.64l9.24 -2.73l5.55 -2.73l-0.46 -3.64l8.78 0.46l1.39 -1.36l-1.39 -2.27l-2.31 1.37l-3.23 -1.82l6.01 -3.19l6.93 2.27l0.46 3.64l2.77 0.91l2.77 -3.19l2.31 1.82l-0.46 5.01l4.16 1.82l10.17 -5.46l-0.46 -0.91l5.08 1.82l2.77 2.27l3.70 -0.46l3.23 3.19l3.70 -1.36v0.00 4.55l0.46 2.27l3.70 1.82h2.31 0.00v0.00 2.73l-0.92 2.27l-5.08 0.46l-2.77 2.27h1.85 0.00l2.77 2.73l-4.16 3.19l0.46 2.27l0.00 0.00l0.46 12.29l-4.62 3.19l-0.92 1.37l0.00 0.00l2.31 4.55l3.70 -0.91l0.46 2.73l0.92 2.28l1.39 1.36l-6.01 2.27l-1.85 1.82l2.31 1.82l-2.77 1.36l1.85 1.36l-1.85 1.36l5.08 0.91l0.92 1.82l-3.70 0.91l-0.46 1.82h-4.62 0.00l-6.47 -2.73l-4.16 -3.64l-1.85 -0.91l-3.23 -0.91v0.00 -1.82l3.70 -0.91l0.46 -9.56l-3.23 -6.83l-3.70 -0.46l-1.85 2.73l-6.93 -0.46l-4.16 -2.27l-3.23 2.73l-4.16 -2.27l-4.16 -4.10l-1.85 0.46l-0.46 -2.27l-4.16 -0.91l-4.62 -2.27L539.56 978.87z', '2017-09-23 02:22:19', '2020-11-17 08:12:20', NULL),
(1005, 5, 0, 'Narsingdi District', NULL, 'ঝিনাইদহ জেলা', '37.11193391933892', '-101.03885639576517', NULL, '2016-02-01 00:40:13', '2020-11-17 08:12:20', NULL),
(1006, 5, 36, 'Noakhali District', 6598, 'নোয়াখালী জেলা', '36.02265317101542', '-92.84449838337825', 'M852.92 1182.75l3.70 -4.55l1.85 -7.28l-3.70 -4.55l-6.47 -4.55l0.92 -4.55l5.55 -10.01l7.40 2.73l7.40 6.37l7.39 -2.73l4.62 0.91l10.17 2.73l0.92 3.64l-0.92 4.55v0.00 3.64l-2.77 8.19l8.32 -0.91h4.62 0.00l-3.70 5.46v0.00 4.55l1.85 6.37l-5.55 -2.73l-5.55 1.82l-10.17 -0.91l-5.55 -3.64l-2.77 3.64c0.00 0.00 -2.77 2.73 -6.47 0.91C860.31 1190.03 853.84 1183.66 852.92 1182.75L852.92 1182.75z', '2017-09-23 03:05:42', '2020-11-17 08:12:20', NULL),
(1007, 5, 68, 'Narayanganj District', 6594, 'নারায়ণগঞ্জ জেলা', '37.443701192612885', '-94.95016570892606', 'M794.68 1082.63l-4.16 -6.37l10.63 -3.64l-5.55 -13.20l1.39 -3.19v0.00 -4.10l3.23 -8.65l2.77 0.91l0.46 -2.27l5.55 6.83l6.47 2.73l-3.23 3.19l0.93 2.73l5.08 -3.19l1.85 2.28l-3.23 3.19l4.62 1.37l5.55 1.82l-0.46 1.82l-1.39 4.10l-3.23 2.73l-0.93 4.10l-3.23 -0.91h-2.31 0.00l-0.92 3.19v0.00 4.55l-6.01 2.73l-2.31 2.27l-2.31 2.73l-3.70 -0.46v0.00 -2.73l-3.23 2.28l-2.77 -2.28L794.68 1082.63L794.68 1082.63z', '2017-09-23 02:57:32', '2020-11-17 08:12:20', NULL),
(1008, 5, 67, 'Sunamganj District', 6596, 'সুনামগঞ্জ জেলা', '38.97189136112295', '-91.24174220675822', 'M886.20 959.30v0.00 -3.64l6.47 -5.46l-2.77 -4.55l-6.01 -1.82l-3.23 -1.82l0.93 -4.10l2.77 -1.36l1.39 -3.19l-1.85 -3.19l-1.39 -0.91l-3.23 4.55l-1.85 -3.19l0.46 -3.64l-2.77 -4.10l-7.86 -0.91l-3.23 -4.10l-6.47 -0.91v0.00 -5.92l-1.85 -4.10v0.00 -5.01l2.31 -2.27l-4.62 -1.37l0.92 -1.82l4.62 -0.46l-2.31 -2.73l0.92 -8.65l0.93 -2.27l7.39 -1.36h5.08 0.00l6.47 1.36l12.48 -2.27l11.55 5.92l1.85 -2.27l5.55 1.82l6.01 3.64h4.16 0.00l1.85 -1.82l3.23 0.91l6.93 -3.64v0.00 3.64l2.31 0.46l1.39 2.73l6.93 -1.82l2.77 0.46l-0.92 2.73l3.70 3.19l0.46 4.10l-2.31 2.73v0.00 1.36l5.08 5.01l-0.46 1.82l-1.39 0.46v0.00 1.36l2.77 1.37v0.00 3.64l-2.77 5.46v0.00 1.36l2.77 3.64l-4.62 0.91l-2.31 2.73l2.77 5.92l-2.77 0.91l2.77 4.10l-4.16 8.19l-6.93 -0.91l-0.46 2.27l1.39 1.37l-1.85 1.36l-1.85 -2.28h-3.70 0.00l-6.01 -1.36l-1.85 1.82l1.85 1.82l-3.23 2.73l-6.47 -5.01l-0.46 -2.73l-3.70 -0.46l-4.16 3.64l-4.16 2.27l0.46 3.64l-0.92 2.27l-2.77 -1.82l-4.16 3.64l-3.70 0.91L886.20 959.30L886.20 959.30z', '2017-09-23 02:43:38', '2020-11-17 08:12:20', NULL),
(1037, 5, 65, 'Chuadanga District', 6590, 'চুয়াডাঙ্গা জেলা', '37.261743977421204', '-102.26139377682789', 'M575.15 1087.18l7.86 -5.92l2.31 0.45l1.85 -2.27l3.86 -0.83l3.21 -3.77l0.33 -8.59l3.67 -0.51l-0.90 -4.04l2.77 -2.27l2.31 1.82l0.95 -4.13l2.28 2.30l5.33 0.46l-3.02 2.73l3.70 1.37l0.98 2.11l2.72 3.35l0.92 -2.28l2.31 -2.27l1.85 2.27l0.52 10.33l-0.06 6.05l-1.39 5.01l-1.19 1.58l-2.97 0.69v0.00 1.36l1.85 1.36l-0.46 2.27l-5.08 -0.91l-2.77 0.91l2.16 0.52l1.53 3.12l-0.46 6.37l-2.31 0.91l2.69 1.52l1.01 2.12l-4.98 3.83l-4.27 0.16l-0.46 4.20h-3.23 0.00l-2.64 -2.06l-2.91 1.15h-4.16 0.00l-1.39 -1.36v0.00 -5.46l1.39 -4.10l2.77 0.91l-0.35 -3.02l1.09 -2.70l-1.20 -1.20l-2.31 -0.35l2.01 1.95l-3.40 2.60l-1.85 -1.82l0.46 -1.82l-1.61 -1.47l-3.50 -1.73l-5.99 -4.54l1.39 -3.19L575.15 1087.18z', '2017-09-23 02:24:33', '2020-11-17 08:12:20', NULL),
(1038, 5, 65, 'Kushtia District', 6590, 'কুষ্টিয়া জেলা', '37.798047460661714', '-101.60273779051956', 'M580.69 1013.45h5.08 0.00l4.62 4.10l6.47 3.64l5.08 0.46l5.08 0.91l1.85 -3.19l3.70 2.27h6.01 0.00l2.77 5.01l-0.92 4.10l1.39 4.10l1.85 0.46l2.31 0.46v0.00 2.73l4.16 1.82l1.39 3.64l1.85 -2.28l2.31 1.36l2.77 3.19l6.47 -0.46l-4.62 -4.10l5.55 -1.36l5.08 3.64l-3.70 1.36l0.46 2.73l4.16 3.19l2.77 1.82l2.77 -0.46l1.85 0.91l-0.46 4.10l-0.46 6.37l-3.23 3.64l0.92 2.27h-3.23 0.00l-5.55 -3.64l-1.39 -0.46l-0.92 2.73h-4.16 0.00l-2.31 3.19l-2.77 -0.91l-3.70 3.19l-0.46 -4.10h-2.77 0.00l0.46 -2.73l-3.24 -0.91l-0.46 1.82l2.31 3.19l-3.23 0.91l-0.27 3.08l-3.43 1.47v0.00 -5.92l-0.46 -4.09l-1.85 -2.28l-1.85 1.37l-2.31 3.19l-2.31 -5.46l-3.70 -0.91l2.31 -2.73l-4.16 -0.91l-3.23 -2.27l1.85 -1.82v0.00 -1.82l-2.77 0.46l-1.85 -1.36l3.23 -1.82l-1.39 -3.64l-1.85 -2.27l-3.23 1.82l-1.39 -4.55l-1.39 -1.82h-1.39 0.00v0.00 3.64l-5.08 -5.46h2.77 0.00l1.85 -0.91l-2.77 -2.73l-2.31 0.46l-1.39 0.91l-0.46 -2.73l3.23 -0.91l-4.16 -2.27l2.77 -1.36l-5.55 -4.10L580.69 1013.45z', '2017-09-23 02:24:28', '2020-11-17 08:12:20', NULL),
(1039, 5, 65, 'Magura District', 6590, 'মাগুরা জেলা', '37.798047460661714', '-101.60273779051956', 'M650.94 1118.58l-2.31 -1.36v0.00 -2.28l3.23 -5.46l2.31 0.46l3.70 -4.55v0.00 -5.46l-0.46 -4.55l1.39 -3.64h3.23 0.00l0.92 -1.36l-2.31 -0.46v0.00 -3.19h1.39 0.00v0.00 -1.82l-1.85 -1.82l0.46 -1.82l2.31 0.91l0.92 -1.82l-0.46 -2.73l0.46 -1.36l6.01 0.46l0.92 2.27l4.62 3.64l1.39 4.55l1.85 2.27v0.00 3.19l1.85 2.27l1.85 0.91v0.00 1.82h-2.31 0.00l-1.85 1.36l0.46 1.36h6.93 0.00l3.70 2.27l0.92 3.19h1.39 0.00v0.00 5.01l3.23 5.01l0.92 2.73l-4.16 -2.73l-1.85 1.82l2.31 0.91v0.00 5.92h-5.55 0.00l-2.31 4.10l-2.31 0.91l-3.24 -4.10l-1.85 0.91l-2.77 3.64l-1.85 0.91h-0.92 0.00l-2.31 -2.73l-1.39 0.46l-2.77 -3.19h-0.46 0.00l-0.92 0.91h-2.31 0.00l-2.31 -1.82l-0.46 -2.73l-2.77 0.46L650.94 1118.58L650.94 1118.58z', '2017-09-23 02:24:30', '2020-11-17 08:12:20', NULL),
(1040, 5, 60, 'Natore District', 6589, 'নাটোর জেলা', '38.53593475161425', '-101.30642399388606', 'M602.41 1021.19v0.00 -2.27l4.62 -0.46l-0.92 -2.28l-6.01 -0.91l1.85 -1.82l-1.85 -0.91l2.77 -1.36l-1.85 -2.73l7.39 -2.73l-2.31 -3.64v0.00 -2.73l-4.62 0.46l-1.85 -4.55l6.01 -4.10l-0.92 -14.56l4.62 -3.19l-3.23 -3.19h-2.77 0.00l4.16 -2.73l4.62 0.91l1.85 -3.64l-0.46 -1.82h3.23 0.00l-0.46 2.27l2.77 2.28l3.70 0.46l3.23 0.46l4.16 -2.73l0.46 -5.01h-1.85 0.00v0.00 -4.10l3.70 -4.55l3.23 5.46l1.85 -4.55l1.85 0.91l2.77 -2.73l1.39 1.82l-2.77 3.19l5.55 4.10l0.46 -1.82l-1.85 -2.27l2.31 -2.27l4.16 0.91l2.77 2.27l2.77 2.28l1.39 3.19l1.39 1.36l-7.86 10.47l-4.62 5.46l2.77 1.36l0.92 2.73l2.31 1.36l0.46 8.65l-3.70 3.64v0.00 2.27l-2.31 -0.46l-4.16 8.19l-3.23 1.82h-2.77 0.00l-1.39 3.19l-4.16 3.19l-8.32 1.82l-1.85 -1.82l-1.39 -0.46l-1.85 3.19v0.00 3.19l-5.55 -0.46l-4.62 -1.36l-1.85 2.28L602.41 1021.19z', '2017-09-23 02:22:20', '2020-11-17 08:12:20', NULL),
(1041, 6, 1037, 'Chuadanga Sadar Upaz', NULL, 'চুয়াডাঙ্গা সদর উপজেলা', NULL, NULL, NULL, '2015-01-27 19:35:44', '2020-11-17 08:12:20', NULL),
(1042, 6, 1037, 'Alamdanga Upazila', NULL, 'আলমডাঙ্গা উপজেলা', NULL, NULL, NULL, '2015-01-27 19:35:44', '2020-11-17 08:12:20', NULL),
(1043, 6, 1037, 'Damurhuda Upazila', NULL, 'দামুড়হুদা উপজেলা', NULL, NULL, NULL, '2015-01-27 19:35:44', '2020-11-17 08:12:20', NULL),
(1044, 6, 1037, 'Jivannagar Upazila', NULL, 'জীবননগর উপজেলা', NULL, NULL, NULL, '2015-01-27 19:35:44', '2020-11-17 08:12:20', NULL),
(1045, 0, 784, 'Mujibnagar Upazila', NULL, 'মুজিবনগর উপজেলা', NULL, NULL, NULL, '2015-01-27 19:35:44', '2020-11-17 08:12:20', NULL),
(1046, 6, 784, 'Meherpur Sadar Upazi', NULL, 'মেহেরপুর সদর উপজেলা', NULL, NULL, NULL, '2015-01-27 19:35:44', '2020-11-17 08:12:20', NULL),
(1047, 6, 784, 'Gangni Upazila', NULL, 'গাংনী উপজেলা', NULL, NULL, NULL, '2015-01-27 19:35:44', '2020-11-17 08:12:20', NULL),
(1048, 6, 995, 'Narail Sadar Upazila', NULL, 'নড়াইল সদর উপজেলা', NULL, NULL, NULL, '2015-01-27 19:35:44', '2020-11-17 08:12:20', NULL),
(1049, 6, 995, 'Lohagarh Upazila', NULL, 'লোহাগড়া উপজেলা', NULL, NULL, NULL, '2015-01-27 19:35:44', '2020-11-17 08:12:20', NULL),
(1050, 6, 995, 'Kalia Upazila', NULL, 'কালিয়া উপজেলা', NULL, NULL, NULL, '2015-01-27 19:35:44', '2020-11-17 08:12:20', NULL),
(1051, 6, 1038, 'Kushtia Sadar Upazil', NULL, 'কুষ্টিয়া সদর উপজেলা', NULL, NULL, NULL, '2015-01-27 19:35:44', '2020-11-17 08:12:20', NULL),
(1052, 6, 1038, 'Kumarkhali Upazila', NULL, 'কুমারখালী উপজেলা', NULL, NULL, NULL, '2015-01-27 19:35:44', '2020-11-17 08:12:20', NULL),
(1053, 6, 1038, 'Khoksa Upazila', NULL, 'খোকসা উপজেলা', NULL, NULL, NULL, '2015-01-27 19:35:44', '2020-11-17 08:12:20', NULL),
(1054, 6, 1038, 'Mirpur Upazila', NULL, 'মিরপুর উপজেলা', NULL, NULL, NULL, '2015-01-27 19:35:44', '2020-11-17 08:12:20', NULL),
(1055, 6, 1038, 'Daulatpur Upazila', NULL, 'দৌলতপুর উপজেলা', NULL, NULL, NULL, '2015-01-27 19:35:44', '2020-11-17 08:12:20', NULL),
(1056, 6, 1038, 'Bheramara Upazila', NULL, 'ভেড়ামারা উপজেলা', NULL, NULL, NULL, '2015-01-27 19:35:44', '2020-11-17 08:12:20', NULL),
(1057, 6, 1039, 'Shalikha Upazila', NULL, 'শালিখা উপজেলা', NULL, NULL, NULL, '2015-01-27 19:35:44', '2020-11-17 08:12:20', NULL),
(1058, 6, 1039, 'Sreepur Upazila', NULL, 'শ্রীপুর উপজেলা', NULL, NULL, NULL, '2015-01-27 19:35:44', '2020-11-17 08:12:20', NULL),
(1059, 6, 1039, 'Magura Sadar Upazila', NULL, 'মাগুরা সদর উপজেলা', NULL, NULL, NULL, '2015-01-27 19:35:44', '2020-11-17 08:12:20', NULL),
(1060, 6, 1039, 'Mohammadpur Upazila', NULL, 'মহম্মদপুর উপজেলা', NULL, NULL, NULL, '2015-01-27 19:35:44', '2020-11-17 08:12:20', NULL),
(1061, 6, 1040, 'Natore Sadar Upazila', NULL, 'নাটোর সদর উপজেলা', NULL, NULL, NULL, '2015-01-27 19:35:44', '2020-11-17 08:12:20', NULL),
(1062, 6, 1040, 'Singra Upazila', NULL, 'সিংড়া উপজেলা', NULL, NULL, NULL, '2015-01-27 19:35:44', '2020-11-17 08:12:20', NULL),
(1063, 6, 1040, 'Baraigram Upazila', NULL, 'বড়াইগ্রাম উপজেলা', NULL, NULL, NULL, '2015-01-27 19:35:44', '2020-11-17 08:12:20', NULL),
(1064, 6, 1040, 'Bagatipara Upazila', NULL, 'বাগাতিপাড়া উপজেলা', NULL, NULL, NULL, '2015-01-27 19:35:44', '2020-11-17 08:12:20', NULL),
(1065, 6, 1040, 'Lalpur Upazila', NULL, 'লালপুর উপজেলা', NULL, NULL, NULL, '2015-01-27 19:35:44', '2020-11-17 08:12:20', NULL),
(1066, 6, 1040, 'Gurudaspur Upazila', NULL, 'গুরুদাসপুর উপজেলা', NULL, NULL, NULL, '2015-01-27 19:35:44', '2020-11-17 08:12:20', NULL),
(1067, 6, 989, 'Sujanagar Upazila', NULL, 'সুজানগর উপজেলা', NULL, NULL, NULL, '2015-01-27 19:35:44', '2020-11-17 08:12:20', NULL),
(1068, 6, 989, 'Ishwardi Upazila', NULL, 'ঈশ্বরদী উপজেলা', NULL, NULL, NULL, '2015-01-27 19:35:44', '2020-11-17 08:12:20', NULL),
(1069, 6, 989, 'Bhangura Upazila', NULL, 'ভাঙ্গুড়া উপজেলা', NULL, NULL, NULL, '2015-01-27 19:35:44', '2020-11-17 08:12:20', NULL),
(1070, 6, 989, 'Pabna Sadar Upazila', NULL, 'পাবনা সদর উপজেলা', NULL, NULL, NULL, '2015-01-27 19:35:44', '2020-11-17 08:12:20', NULL),
(1071, 6, 989, 'Bera Upazila', NULL, 'বেড়া উপজেলা', NULL, NULL, NULL, '2015-01-27 19:35:44', '2020-11-17 08:12:20', NULL),
(1072, 6, 989, 'Atgharia Upazila', NULL, 'আটঘরিয়া উপজেলা', NULL, NULL, NULL, '2015-01-27 19:35:44', '2020-11-17 08:12:20', NULL),
(1073, 6, 989, 'Chatmohar Upazila', NULL, 'চাটমোহর উপজেলা', NULL, NULL, NULL, '2015-01-27 19:35:44', '2020-11-17 08:12:20', NULL),
(1074, 6, 989, 'Santhia Upazila', NULL, 'সাঁথিয়া উপজেলা', NULL, NULL, NULL, '2015-01-27 19:35:44', '2020-11-17 08:12:20', NULL),
(1075, 6, 989, 'Faridpur Upazila', NULL, 'ফরিদপুর উপজেলা', NULL, NULL, NULL, '2015-01-27 19:35:44', '2020-11-17 08:12:20', NULL),
(1079, 5, 69, 'Lalmonirhat District', 6586, 'লালমনিরহাট জেলা', '41.18968013834555', '-100.5316624589589', 'M621.37 740.40l-1.39 -3.64l-3.70 2.73l-1.85 -2.73l2.77 -2.27l-1.39 -2.27l-2.31 -0.46l-1.39 1.36l-4.62 -2.28l-0.92 -4.09l4.62 -6.83l4.16 -1.36v0.00 2.73l1.39 0.91l4.16 1.37l2.77 2.73l6.01 -0.46l1.39 3.19l-2.77 0.46l2.31 2.73l-2.31 2.73h5.55 0.00l1.85 3.19l-0.46 1.36h-2.77 0.00l-2.77 -2.73v0.00 4.10l2.31 2.73l3.70 4.10l0.46 2.73l-1.39 1.36l4.16 8.19l7.39 1.36l3.70 3.64l0.46 2.73l-1.85 0.91l0.46 0.91l3.23 0.46l3.70 1.82l3.23 3.64l6.01 1.36l2.77 -5.01l1.85 0.46l0.46 2.27l2.31 0.91l1.85 1.82l1.85 -1.36l-0.92 8.65l3.70 0.46l5.08 5.46l0.92 -0.46v0.00 2.73h4.16 0.00l0.46 1.36l-4.16 5.46l-2.31 0.46l0.46 5.46l-5.08 3.64l-1.39 -0.46l-0.46 -4.10l-1.39 0.46l-0.92 2.27l-3.70 -0.46l-2.77 -0.91l-0.46 0.91l-9.24 -5.46c0.00 0.00 2.31 -2.73 0.00 -3.19c-2.31 -0.46 -4.62 -1.82 -4.62 -1.82v0.00 -3.19l-2.77 0.46l-4.16 -3.19l-4.62 -1.82l-2.77 -3.19l-5.93 -1.93l-2.85 -4.44l-2.31 -10.47l1.39 -6.83v0.00 -2.73l-7.39 -4.55l0.46 -9.10l3.70 -1.37l-2.31 -3.19L621.37 740.40z', '2017-09-23 02:12:42', '2020-11-17 08:12:20', NULL),
(1080, 5, 69, 'Nilfamari District', 6586, 'নীলফামারী জেলা', '41.14921072625793', '-101.9556033763587', 'M589.94 739.03l2.31 -2.27l2.31 0.46l2.31 1.82l-1.85 5.01l2.77 0.91l2.31 2.73l2.77 -0.46l-0.46 -3.19l-2.31 -1.36l2.77 -3.19l5.08 0.46l2.31 3.19l1.85 2.28l1.39 2.27l0.92 -1.36h4.16 0.00l0.92 0.91l2.77 -1.36v0.00 3.19l0.46 5.46l3.23 2.27l3.24 1.82l0.92 2.27l-0.46 2.73l-0.92 6.83l1.39 4.55l0.92 5.01l3.70 3.19l4.16 2.73l3.23 2.73l-1.39 3.64l-1.39 3.19l-1.39 1.82l-2.77 -3.19l-4.62 4.10l0.46 5.01l-3.70 -3.64l-2.31 4.55l-7.39 -1.82l-5.08 1.37l1.85 4.55l-2.31 2.73l-1.39 2.27l-4.16 -0.46l-3.70 -3.19h-2.31 0.00v0.00 -5.01l-3.70 -0.91v0.00 -10.92l-1.85 -2.27l-1.85 -3.19l-5.08 -1.36l0.46 -2.28l-1.39 -0.91v0.00 -3.64l-0.46 -1.36l1.85 -2.27l-1.39 2.27l2.77 -4.10l2.77 -1.36v0.00 -7.74l1.39 -2.73v0.00 -1.82l-0.46 -6.37l1.39 -2.73l-5.08 -5.46z', '2017-09-23 02:12:44', '2020-11-17 08:12:20', NULL);
INSERT INTO `areas` (`id`, `type_id`, `parent_id`, `name`, `region_id`, `eng_name`, `map_lat`, `map_lon`, `map_path`, `created_at`, `updated_at`, `deleted_at`) VALUES
(1081, 5, 69, 'Gaibandha District', 6586, 'গাইবান্ধা জেলা', '40.016654871313584', '-99.39202347852485', 'M643.09 876.47l7.86 2.73l3.70 -1.82l0.92 -3.19l-3.70 -5.01l10.63 0.46l-4.16 -4.10l3.23 -0.46l-2.31 -3.64l6.47 -10.01l2.31 -2.73l2.31 0.91l3.70 -5.01l-3.23 -1.82l0.46 -4.10l-4.16 -3.19l1.39 -2.27l3.70 -1.36l3.70 0.91l0.46 3.64l3.70 -1.82l-2.31 -3.19l5.55 -3.19l3.70 5.01l3.23 2.27l1.85 4.10l1.39 -2.73h2.77 0.00l3.70 3.19v0.00 1.82l2.31 2.27l-4.62 2.28l6.93 1.36l-1.39 1.36v0.00 4.10l0.92 0.91l-1.39 0.46v0.00 2.27l3.70 0.46l1.85 -1.82v0.00 2.27l1.39 0.91v0.00 7.28l2.31 5.01l0.46 3.19l-3.23 4.55l-2.31 -0.46l-3.23 2.73l-0.46 4.10l-3.23 4.55l-2.77 3.19v0.00 2.27l1.39 2.27l1.85 0.46l-2.31 1.36l-0.92 2.73l-0.92 -1.82l-5.08 -0.46l-4.16 1.36l-0.93 2.27h-2.31 0.00l-0.92 -1.82l-6.93 -1.36l-1.85 -2.27l-1.39 -0.46l-1.39 1.82l-2.31 -1.36l-1.39 -0.46l-0.93 1.82l-3.70 -0.46l-1.39 -4.55h-1.85 0.00l-1.39 -1.36l-5.08 -0.46l-1.85 2.27l-2.77 -2.27v0.00 -1.36l-3.70 -5.01h-1.39 0.00l-1.85 -2.27l-0.93 -2.28L643.09 876.47z', '2017-09-23 02:12:46', '2020-11-17 08:12:20', NULL),
(1094, 6, 1080, 'Syedpur Upazila', NULL, 'সৈয়দপুর উপজেলা', NULL, NULL, NULL, '2015-01-27 19:35:44', '2020-11-17 08:12:20', NULL),
(1095, 6, 1080, 'Domar Upazila', NULL, 'ডোমার উপজেলা', NULL, NULL, NULL, '2015-01-27 19:35:44', '2020-11-17 08:12:20', NULL),
(1096, 6, 1080, 'Dimla Upazila', NULL, 'ডিমলা উপজেলা', NULL, NULL, NULL, '2015-01-27 19:35:44', '2020-11-17 08:12:20', NULL),
(1097, 6, 1080, 'Jaldhaka Upazila', NULL, 'জলঢাকা উপজেলা', NULL, NULL, NULL, '2015-01-27 19:35:44', '2020-11-17 08:12:20', NULL),
(1098, 6, 1080, 'Kishoreganj Upazila', NULL, 'কিশোরগঞ্জ উপজেলা', NULL, NULL, NULL, '2015-01-27 19:35:44', '2020-11-17 08:12:20', NULL),
(1099, 6, 1080, 'Nilphamari Sadar Upazila', NULL, 'নীলফামারী সদর উপজেলা', NULL, NULL, NULL, '2015-01-27 19:35:44', '2020-11-17 08:12:20', NULL),
(1100, 6, 1079, 'Lalmonirhat Sadar Up', NULL, 'লালমনিরহাট সদর উপজেলা', NULL, NULL, NULL, '2015-01-27 19:35:44', '2020-11-17 08:12:20', NULL),
(1103, 6, 1079, 'Kaliganj Upazila', NULL, 'কালীগঞ্জ উপজেলা', NULL, NULL, NULL, '2015-01-27 19:35:44', '2020-11-17 08:12:20', NULL),
(1104, 6, 1079, 'Hatibandha Upazila', NULL, 'হাতীবান্ধা উপজেলা', NULL, NULL, NULL, '2015-01-27 19:35:44', '2020-11-17 08:12:20', NULL),
(1106, 6, 1079, 'Patgram Upazila', NULL, 'পাটগ্রাম উপজেলা', NULL, NULL, NULL, '2015-01-27 19:35:44', '2020-11-17 08:12:20', NULL),
(1108, 6, 994, 'Nawabganj Upazila', NULL, 'নবাবগঞ্জ উপজেলা', NULL, NULL, NULL, '2015-01-27 19:35:44', '2020-11-17 08:12:20', NULL),
(1109, 6, 994, 'Birganj Upazila', NULL, 'বীরগঞ্জ উপজেলা', NULL, NULL, NULL, '2015-01-27 19:35:44', '2020-11-17 08:12:20', NULL),
(1110, 6, 994, 'Ghoraghat Upazila', NULL, 'ঘোড়াঘাট উপজেলা', NULL, NULL, NULL, '2015-01-27 19:35:44', '2020-11-17 08:12:20', NULL),
(1111, 6, 994, 'Birampur Upazila', NULL, 'বিরামপুর উপজেলা', NULL, NULL, NULL, '2015-01-27 19:35:44', '2020-11-17 08:12:20', NULL),
(1112, 6, 994, 'Parbatipur Upazila', NULL, 'পার্বতীপুর উপজেলা', NULL, NULL, NULL, '2015-01-27 19:35:44', '2020-11-17 08:12:20', NULL),
(1113, 6, 994, 'Bochaganj Upazila', NULL, 'বোচাগঞ্জ উপজেলা', NULL, NULL, NULL, '2015-01-27 19:35:44', '2020-11-17 08:12:20', NULL),
(1114, 6, 994, 'Kaharol Upazila', NULL, 'কাহারোল উপজেলা', NULL, NULL, NULL, '2015-01-27 19:35:44', '2020-11-17 08:12:20', NULL),
(1115, 6, 994, 'Phulbari Upazila', NULL, 'ফুলবাড়ী উপজেলা', NULL, NULL, NULL, '2015-01-27 19:35:44', '2020-11-17 08:12:20', NULL),
(1116, 6, 994, 'Dinajpur Sadar Upazila', NULL, 'দিনাজপুর সদর উপজেলা', NULL, NULL, NULL, '2015-01-27 19:35:44', '2020-11-17 08:12:20', NULL),
(1118, 6, 994, 'Hakimpur Upazila', NULL, 'হাকিমপুর উপজেলা', NULL, NULL, NULL, '2015-01-27 19:35:44', '2020-11-17 08:12:20', NULL),
(1119, 6, 994, 'Khansama Upazila', NULL, 'খানসামা উপজেলা', NULL, NULL, NULL, '2015-01-27 19:35:44', '2020-11-17 08:12:20', NULL),
(1120, 6, 994, 'Rare Upazila', NULL, 'বিরল উপজেলা', NULL, NULL, NULL, '2015-01-27 19:35:44', '2020-11-17 08:12:20', NULL),
(1121, 6, 1081, 'Sadullapur Upazila', NULL, 'সাদুল্লাপুর উপজেলা', NULL, NULL, NULL, '2015-01-27 19:35:44', '2020-11-17 08:12:20', NULL),
(1122, 6, 1081, 'Gaibandha Sadar Upazila', NULL, 'গাইবান্ধা সদর উপজেলা', NULL, NULL, NULL, '2015-01-27 19:35:44', '2020-11-17 08:12:20', NULL),
(1123, 6, 1081, 'Palashbari Upazila', NULL, 'পলাশবাড়ী উপজেলা', NULL, NULL, NULL, '2015-01-27 19:35:44', '2020-11-17 08:12:20', NULL),
(1124, 6, 1081, 'Saghata Upazila', NULL, 'সাঘাটা উপজেলা', NULL, NULL, NULL, '2015-01-27 19:35:44', '2020-11-17 08:12:20', NULL),
(1125, 6, 993, 'Kahalu Upazila', NULL, 'কাহালু উপজেলা', NULL, NULL, NULL, '2015-01-27 19:35:44', '2020-11-17 08:12:20', NULL),
(1126, 6, 993, 'Bogra Sadar Upazila', NULL, 'বগুড়া সদর উপজেলা', NULL, NULL, NULL, '2015-01-27 19:35:44', '2020-11-17 08:12:20', NULL),
(1127, 6, 1081, 'Gobindaganj upazila', NULL, 'গোবিন্দগঞ্জ উপজেলা', NULL, NULL, NULL, '2015-01-27 19:35:44', '2020-11-17 08:12:20', NULL),
(1128, 6, 1081, 'Sundarganj Upazila', NULL, 'সুন্দরগঞ্জ উপজেলা', NULL, NULL, NULL, '2015-01-27 19:35:44', '2020-11-17 08:12:20', NULL),
(1129, 6, 1081, 'Fulchhari Upazila', NULL, 'ফুলছড়ি উপজেলা', NULL, NULL, NULL, '2015-01-27 19:35:44', '2020-11-17 08:12:20', NULL),
(1130, 6, 993, 'Sariakandi Upazila', NULL, 'সারিয়াকান্দি উপজেলা', NULL, NULL, NULL, '2015-01-27 19:35:44', '2020-11-17 08:12:20', NULL),
(1131, 6, 993, 'Shajahanpur Upazila', NULL, 'শাজাহানপুর উপজেলা', NULL, NULL, NULL, '2015-01-27 19:35:44', '2020-11-17 08:12:20', NULL),
(1133, 6, 993, 'Dupchanchia Upazila', NULL, 'দুপচাচিঁয়া উপজেলা', NULL, NULL, NULL, '2015-01-27 19:35:44', '2020-11-17 08:12:20', NULL),
(1135, 6, 993, 'Adamdighi Upazila', NULL, 'আদমদিঘি উপজেলা', NULL, NULL, NULL, '2015-01-27 19:35:44', '2020-11-17 08:12:20', NULL),
(1137, 6, 993, 'Nandigram upazila', NULL, 'নন্দিগ্রাম উপজেলা', NULL, NULL, NULL, '2015-01-27 19:35:44', '2020-11-17 08:12:20', NULL),
(1138, 6, 993, 'Sonatala Upazila', NULL, 'সোনাতলা উপজেলা', NULL, NULL, NULL, '2015-01-27 19:35:44', '2020-11-17 08:12:20', NULL),
(1139, 6, 993, 'Dhunat Upazila', NULL, 'ধুনট উপজেলা', NULL, NULL, NULL, '2015-01-27 19:35:44', '2020-11-17 08:12:20', NULL),
(1140, 6, 993, 'Gabtali Upazila', NULL, 'গাবতলী উপজেলা', NULL, NULL, NULL, '2015-01-27 19:35:44', '2020-11-17 08:12:20', NULL),
(1141, 6, 993, 'Sherpur Upazila', NULL, 'শেরপুর উপজেলা', NULL, NULL, NULL, '2015-01-27 19:35:44', '2020-11-17 08:12:20', NULL),
(1142, 6, 993, 'Shibganj upazila', NULL, 'শিবগঞ্জ উপজেলা', NULL, NULL, NULL, '2015-01-27 19:35:44', '2020-11-17 08:12:20', NULL),
(1144, 6, 994, 'Chirirbandar Upazila', NULL, 'চিরিরবন্দর উপজেলা', NULL, NULL, NULL, '2015-01-27 19:35:44', '2020-11-17 08:12:20', NULL),
(1145, 1, 0, 'Ministry of Foreign ', NULL, 'পররাষ্ট্র মন্ত্রণালয়', NULL, NULL, NULL, '2015-02-14 03:04:28', '2020-11-17 08:12:20', NULL),
(1146, 6, 35, 'Paikgachha Upazila', NULL, 'পাইকগাছা উপজেলা', NULL, NULL, NULL, '2015-01-27 19:35:44', '2020-11-17 08:12:20', NULL),
(1147, 6, 35, 'Batiaghata Upazila', NULL, 'বাটিয়াঘাট উপজেলা', NULL, NULL, NULL, '2015-01-27 19:35:44', '2020-11-17 08:12:20', NULL),
(1151, 6, 35, 'Dakop Upazila', NULL, 'দাকোপ উপজেলা', NULL, NULL, NULL, '2015-01-27 19:35:44', '2020-11-17 08:12:20', NULL),
(1154, 6, 35, 'Dighalia Upazila', NULL, 'দিঘলিয়া উপজেলা', NULL, NULL, NULL, '2015-01-27 19:35:44', '2020-11-17 08:12:20', NULL),
(1155, 6, 2075, 'Haimchar Upazila', NULL, 'হাইমচর উপজেলা', NULL, NULL, NULL, '2015-01-27 19:35:44', '2020-11-17 08:12:20', NULL),
(1156, 6, 35, 'Koira Upazila', NULL, 'কয়রা উপজেলা', NULL, NULL, NULL, '2015-01-27 19:35:44', '2020-11-17 08:12:20', NULL),
(1157, 6, 1148, 'Hajiganj upazila', NULL, 'হাজীগঞ্জ উপজেলা', NULL, NULL, NULL, '2015-01-27 19:35:44', '2020-11-17 08:12:20', NULL),
(1158, 6, 35, 'Fultala Upazila', NULL, 'ফুলতলা উপজেলা', NULL, NULL, NULL, '2015-01-27 19:35:44', '2020-11-17 08:12:20', NULL),
(1159, 6, 2075, 'Kachua Upazila', NULL, 'কচুয়া উপজেলা', NULL, NULL, NULL, '2015-01-27 19:35:44', '2020-11-17 08:12:20', NULL),
(1162, 6, 1148, 'Matlab Dakshin Upazi', NULL, 'মতলব দক্ষিণ উপজেল', NULL, NULL, NULL, '2015-01-27 19:35:44', '2020-11-17 08:12:20', NULL),
(1164, 6, 2075, 'Shahrashti Upazila', NULL, 'শাহরাস্তি উপজেলা	', NULL, NULL, NULL, '2015-01-27 19:35:44', '2020-11-17 08:12:20', NULL),
(1165, 6, 35, 'Khulna Upazila', NULL, 'খুলনা উপজেলা', NULL, NULL, NULL, '2015-01-27 19:35:44', '2020-11-17 08:12:20', NULL),
(1173, 6, 1007, 'Araihazar upazila', NULL, 'আড়াইহাজার উপজেলা', NULL, NULL, NULL, '2015-01-27 19:35:44', '2020-11-17 08:12:20', NULL),
(1176, 6, 1008, 'Sunamganj Sadar Upazila', NULL, 'সুনামগঞ্জ সদর উপজেলা', NULL, NULL, NULL, '2015-01-27 19:35:44', '2020-11-17 08:12:20', NULL),
(1178, 6, 1007, 'Narayanganj Sadar Upazila', NULL, 'নারায়নগঞ্জ সদর উপজেলা', NULL, NULL, NULL, '2015-01-27 19:35:44', '2020-11-17 08:12:20', NULL),
(1179, 6, 1007, 'Rupganj Upazila', NULL, 'রূপগঞ্জ উপজেলা', NULL, NULL, NULL, '2015-01-27 19:35:44', '2020-11-17 08:12:20', NULL),
(1180, 6, 1007, 'Sonargaon Upazila', NULL, 'সোনারগাঁ উপজেলা', NULL, NULL, NULL, '2015-01-27 19:35:44', '2020-11-17 08:12:20', NULL),
(1181, 6, 1178, 'Fatullah Union', NULL, 'ফতুল্লা  ইউনিয়ন', NULL, NULL, NULL, '2015-01-27 19:35:44', '2020-11-17 08:12:20', NULL),
(1185, 5, 60, 'Jaipurhat District', 6588, 'জয়পুরহাট জেলা', '39.62762703652087', '-101.31666528730157', 'M619.52 922.44l-0.46 -8.19l0.92 -0.91l0.46 -10.01l-2.77 -2.73h-2.31 0.00l-0.92 1.82h-1.85 0.00l-1.85 -3.64v0.00 -2.27l1.39 -0.46l0.46 -6.83l-2.77 -0.46l1.39 -0.91l-1.85 -3.64l2.31 -2.27l-0.46 -3.19l0.92 -6.37l5.55 -1.82l1.85 0.46l4.16 3.19l5.08 -0.91l2.31 3.19l6.47 -0.91l5.08 1.82l-1.85 3.64l2.31 3.64l2.31 1.82l3.23 4.55l-0.46 1.36l4.16 2.73v0.00 1.82l-2.77 2.27l-1.85 0.91l1.85 2.73l-2.77 0.91l0.93 1.82l-2.77 -1.36l-2.31 6.37h-1.85 0.00v0.00 3.64l1.39 1.37l-0.46 1.82l-2.31 -0.46v0.00 -1.36h-5.08 0.00l-0.46 -3.19l-3.23 -1.36l-0.46 6.37h-1.39 0.00l0.46 1.82l2.77 1.82v0.00 1.36l-4.16 2.73l-1.39 0.91l-2.31 -1.82l-2.31 2.73v0.00 -1.82h-2.31 0.00v0.00 1.82l-0.92 -1.36h-3.23 0.00v0.00 -2.73L619.52 922.44z', '2017-09-23 02:22:12', '2020-11-17 08:12:20', NULL),
(1187, 5, 66, 'Bhola District', 6592, 'ভোলা জেলা', '35.31295646162979', '-94.40085314738911', 'M807.51 1277.31l5.88 -6.44l5.23 -7.72l0.65 -11.58l-0.65 -8.37l-2.61 -7.08l-2.61 -7.08v0.00 -7.08l-4.58 -3.86l-4.58 -5.15l0.65 -5.79l3.92 -6.44l5.88 -3.22l2.61 -3.22l9.15 -0.64l1.96 7.08l3.92 14.16l6.54 7.72l4.58 5.79l2.62 3.86l-0.65 7.08l-1.96 1.93v0.00 8.37l-2.61 5.79l-1.31 4.50l-1.31 5.79v0.00 5.79v0.00 4.50l-4.58 3.22l-2.61 5.15l-7.84 2.57l-0.65 3.86l-3.92 1.93l-5.23 3.22c0.00 0.00 -1.96 -0.64 -1.96 -3.22s-1.96 -5.79 -1.96 -5.79l3.27 -4.50L807.51 1277.31L807.51 1277.31z', '2017-09-23 02:39:01', '2020-11-17 08:12:20', NULL),
(1625, 6, 1079, 'Aditmari Upazila', NULL, 'আদিতমারী উপজেলা', NULL, NULL, NULL, '2015-01-27 19:35:44', '2020-11-17 08:12:20', NULL),
(1867, 5, 60, 'ChapaiNawabganj', 6589, 'চাঁপাইনবাবগঞ্জ জেলা', '38.95947807053264', '-104.88803991084089', 'M559.43 942.00l-2.77 -2.27l-3.23 -0.91l0.46 -1.82l6.47 1.36l-1.39 -2.73h-4.16 0.00l-4.16 -1.82l2.31 -2.73l-4.16 -0.91l-1.85 1.82l-3.70 -1.82l0.92 -3.19l3.70 1.36l0.92 -1.82l5.08 0.46l1.39 -1.82l3.70 -5.92l-4.62 -4.55l-1.39 4.10l-2.77 0.46l0.92 -4.55l-2.77 -3.19l-2.77 -0.46l-1.39 3.19l-5.55 -0.46l-0.92 3.64h-1.39 0.00l-0.46 1.82h3.23 0.00v0.00 2.27l-1.85 2.73l-0.92 -2.73l0.00 0.00l-2.31 2.28l-0.92 -2.28l-2.77 -1.82l-1.39 2.73l1.39 -4.55l-4.62 -3.19l0.46 -2.73l-3.23 -0.46l-0.46 1.36h-3.70 0.00l-3.70 2.27l-0.46 2.27l2.31 2.27l0.92 6.37l-8.32 5.46l0.92 3.64l-2.77 -0.46l-1.39 1.36l-0.46 3.64l-0.46 3.19l-0.46 2.27l-2.31 -0.46l-2.31 1.36l1.39 1.36l2.31 1.82l-0.46 1.82l5.08 3.19l-0.46 2.73l2.77 2.73l-1.39 4.10l1.85 3.64l2.31 2.73h3.23 0.00l2.77 2.73l1.85 2.27l3.24 -0.46l11.55 3.64h4.62 0.00v0.00 -2.28h-0.46 0.00l-2.31 -3.64v0.00 -6.37l-2.31 -2.73v0.00 -4.09l5.55 -2.73l3.70 -0.46l0.00 0.00l5.08 -3.19l-0.46 -3.64h9.71 0.00l0.92 -0.91l-1.85 -1.37l-1.85 0.91l-3.23 -1.82L559.43 942.00z', '2017-09-23 02:22:22', '2020-11-17 08:12:20', NULL),
(1880, 6, 1867, 'Chapainawabganj Sada', NULL, 'চাঁপাইনবাবগঞ্জ সদর উপজেলা', NULL, NULL, NULL, '2015-01-27 19:35:44', '2020-11-17 08:12:20', NULL),
(1882, 6, 1867, 'Gomstapur Upazila', NULL, 'গোমস্তাপুর উপজেলা', NULL, NULL, NULL, '2015-01-27 19:35:44', '2020-11-17 08:12:20', NULL),
(1883, 6, 1867, 'Nachol Upazila', NULL, 'নাচোল উপজেলা', NULL, NULL, NULL, '2015-01-27 19:35:44', '2020-11-17 08:12:20', NULL),
(1884, 6, 1867, 'Bholahat Upazila', NULL, 'ভোলাহাট উপজেলা', NULL, NULL, NULL, '2015-01-27 19:35:44', '2020-11-17 08:12:20', NULL),
(1886, 6, 1867, 'Shibganj Upazila', NULL, 'শিবগঞ্জ উপজেলা', NULL, NULL, NULL, '2015-01-27 19:35:44', '2020-11-17 08:12:20', NULL),
(1928, 5, 69, 'Thakurgaon District', 6587, 'ঠাকুরগাঁও জেলা', '41.111538181704574', '-104.50832345941522', 'M515.06 806.39l-2.31 -4.10l-2.77 -3.64l1.85 -4.10l-4.62 -0.91l1.39 -7.28l3.23 -2.27l-0.46 -2.73l1.85 -3.64l5.55 -3.64l1.85 -5.01l-4.16 -2.27l2.31 -4.10l0.93 -4.10l5.08 -1.82v0.00 -4.55l6.93 0.91l5.08 -1.36l6.93 4.55l1.39 -3.64l4.72 -0.98l4.06 1.43l3.70 -0.46l9.24 2.28l3.70 4.10l3.23 1.36l4.62 5.46l-3.23 4.55l0.92 3.19l-2.31 2.27l-0.92 0.00l-2.31 -3.64l-1.39 2.73h-2.77 0.00l-1.39 5.01l1.85 1.82l-2.31 0.46l-2.77 4.55l-0.92 2.73l-1.39 2.73l1.85 2.27l-2.77 0.46h-1.85 2.27l-2.77 -2.27l-6.01 0.46v0.00 3.64h-2.31 0.00l-0.46 4.55l2.77 1.37l-1.85 1.82v0.00 4.10l2.31 1.36l2.77 2.27l-0.46 3.19l-3.23 0.46l-2.77 -2.73l-2.31 -1.36v0.00 -1.82l-3.23 -3.19h-2.77 0.00l-0.92 -3.19l-5.08 -2.73l0.46 -2.27l-0.46 -1.36l-4.16 1.36l-2.77 2.27l-2.31 -2.73L515.06 806.39z', '2017-09-23 02:13:01', '2020-11-17 08:12:20', NULL),
(1929, 6, 1928, 'Thakurgaon Sadar Upazila', NULL, 'ঠাকুরগাঁও সদর উপজেলা', NULL, NULL, NULL, '2015-01-27 19:35:44', '2020-11-17 08:12:20', NULL),
(1930, 6, 1928, 'Pirganj Upazila', NULL, 'পীরগঞ্জ উপজেলা', NULL, NULL, NULL, '2015-01-27 19:35:44', '2020-11-17 08:12:20', NULL),
(1931, 6, 1928, 'Ranishankail Upazila', NULL, 'রাণীশংকৈল উপজেলা', NULL, NULL, NULL, '2015-01-27 19:35:44', '2020-11-17 08:12:20', NULL),
(1932, 6, 1928, 'Haripur Upazila', NULL, 'হরিপুর উপজেলা', NULL, NULL, NULL, '2015-01-27 19:35:44', '2020-11-17 08:12:20', NULL),
(1933, 6, 1928, 'Baliadangi Upazila', NULL, 'বালিয়াডাঙ্গী উপজেলা', NULL, NULL, NULL, '2015-01-27 19:35:44', '2020-11-17 08:12:20', NULL),
(1935, 6, 1987, 'Rangpur Sadar Upazil', NULL, 'রংপুর সদর উপজেলা', NULL, NULL, NULL, '2015-01-27 19:35:44', '2020-11-17 08:12:20', NULL),
(1936, 6, 1987, 'Gangachara upazila', NULL, 'গংগাচড়া উপজেলা', NULL, NULL, NULL, '2015-01-27 19:35:44', '2020-11-17 08:12:20', NULL),
(1937, 6, 1987, 'Taraganj Upazila', NULL, 'তারাগঞ্জ উপজেলা', NULL, NULL, NULL, '2015-01-27 19:35:44', '2020-11-17 08:12:20', NULL),
(1938, 6, 1987, 'Badarganj Upazila', NULL, 'বদরগঞ্জ উপজেলা', NULL, NULL, NULL, '2015-01-27 19:35:44', '2020-11-17 08:12:20', NULL),
(1939, 6, 1987, 'Mithapukur Upazila', NULL, 'মিঠাপুকুর উপজেলা', NULL, NULL, NULL, '2015-01-27 19:35:44', '2020-11-17 08:12:20', NULL),
(1940, 6, 1987, 'Pirganj Upazila', NULL, 'পীরগঞ্জ উপজেলা', NULL, NULL, NULL, '2015-01-27 19:35:44', '2020-11-17 08:12:20', NULL),
(1941, 6, 1987, 'Kaunia Upazila', NULL, 'কাউনিয়া উপজেলা', NULL, NULL, NULL, '2015-01-27 19:35:44', '2020-11-17 08:12:20', NULL),
(1942, 6, 1987, 'Pirgachha Upazila', NULL, 'পীরগাছা উপজেলা', NULL, NULL, NULL, '2015-01-27 19:35:44', '2020-11-17 08:12:20', NULL),
(1944, 5, 6557, 'Sherpur District', 6595, 'শেরপুর জেলা', '39.61379525950686', '-96.91177055378265', 'M748.00 925.17l-0.46 -3.19l-7.40 -1.82l-6.47 -2.28l0.92 -2.73l-2.31 -2.73l-2.31 0.46l-0.46 -2.73l-2.31 -3.19l-1.39 -3.64l3.23 0.46v0.00 -2.27l2.77 -1.82l0.46 -2.28l-3.23 -2.73l-0.92 -3.19l2.31 -2.73l0.46 -3.64l-3.70 0.46l-1.39 -2.73l3.70 -2.73l0.92 -6.37l1.85 2.27l1.85 -1.82v0.00 -6.83l3.23 2.73l4.62 2.73l2.31 1.36l6.01 2.27l5.08 1.36l6.93 0.91l5.08 2.28h3.23 0.00l1.39 2.27v0.00 4.10l0.46 5.01l-0.93 3.19l5.55 2.73l-1.85 3.19l-4.62 -0.91l-3.23 4.55l2.77 2.28l-1.85 2.73l1.39 3.64l3.23 1.82l-1.85 0.91l-2.77 -0.91l0.46 2.27l2.31 1.82l-2.31 4.55l-6.01 -0.46l-3.70 -1.82l-5.08 -2.28L748.00 925.17L748.00 925.17z', '2017-09-23 03:02:35', '2020-11-17 08:12:20', NULL),
(1945, 6, 1944, 'Sherpur Sadar Upazil', NULL, 'শেরপুর সদর উপজেলা', NULL, NULL, NULL, '2015-01-27 19:35:44', '2020-11-17 08:12:20', NULL),
(1946, 6, 1944, 'Nalitabari Upazila', NULL, 'নালিতাবাড়ী উপজেলা', NULL, NULL, NULL, '2015-01-27 19:35:44', '2020-11-17 08:12:20', NULL),
(1947, 6, 1944, 'Sreevardi Upazila', NULL, 'শ্রীবরদী উপজেলা', NULL, NULL, NULL, '2015-01-27 19:35:44', '2020-11-17 08:12:20', NULL),
(1948, 6, 1944, 'Nakla Upazila', NULL, 'নকলা উপজেলা', NULL, NULL, NULL, '2015-01-27 19:35:44', '2020-11-17 08:12:20', NULL),
(1949, 6, 1944, 'Jhenaigati Upazila', NULL, 'ঝিনাইগাতী উপজেলা', NULL, NULL, NULL, '2015-01-27 19:35:44', '2020-11-17 08:12:20', NULL),
(1951, 6, 3323, 'Kurigram Sadar Upazi', NULL, 'কুড়িগ্রাম সদর উপজেলা', NULL, NULL, NULL, '2015-01-27 19:35:44', '2020-11-17 08:12:20', NULL),
(1952, 6, 3323, 'Nageshwari Upazila', NULL, 'নাগেশ্বরী উপজেলা', NULL, NULL, NULL, '2015-01-27 19:35:44', '2020-11-17 08:12:20', NULL),
(1953, 6, 3323, 'Bhurungamari Upazila', NULL, 'ভুরুঙ্গামারী উপজেলা', NULL, NULL, NULL, '2015-01-27 19:35:44', '2020-11-17 08:12:20', NULL),
(1954, 6, 3323, 'Phulbari Upazila', NULL, 'ফুলবাড়ী উপজেলা', NULL, NULL, NULL, '2015-01-27 19:35:44', '2020-11-17 08:12:20', NULL),
(1955, 6, 3323, 'Rajarhat Upazila', NULL, 'রাজারহাট উপজেলা', NULL, NULL, NULL, '2015-01-27 19:35:44', '2020-11-17 08:12:20', NULL),
(1956, 6, 3323, 'Ulipur Upazila', NULL, 'উলিপুর উপজেলা', NULL, NULL, NULL, '2015-01-27 19:35:44', '2020-11-17 08:12:20', NULL),
(1957, 6, 3323, 'Chilmari Upazila', NULL, 'চিলমারী উপজেলা', NULL, NULL, NULL, '2015-01-27 19:35:44', '2020-11-17 08:12:20', NULL),
(1958, 6, 3323, 'Roumari Upazila', NULL, 'রৌমারী উপজেলা', NULL, NULL, NULL, '2015-01-27 19:35:44', '2020-11-17 08:12:20', NULL),
(1959, 6, 3323, 'Char Rajibpur Upazil', NULL, 'চর রাজিবপুর উপজেলা', NULL, NULL, NULL, '2015-01-27 19:35:44', '2020-11-17 08:12:20', NULL),
(1960, 5, 68, 'Tangail District', 6594, 'টাঙ্গাইল জেলা', '38.48166815296773', '-97.35960353934423', 'M713.34 1032.11l3.70 -5.92l-0.46 -5.46l-1.85 -4.10l-2.77 -0.91v0.00 -1.82l1.39 -1.36l-1.39 -1.82l0.93 -5.46l0.46 -8.19l-6.47 -6.83l3.23 -4.10l-6.47 -5.92l4.16 -4.55l0.93 -5.46l-3.23 -2.73l3.23 -2.27l1.39 0.91l2.31 -3.64l4.16 1.37l0.46 -2.28l1.85 -3.19l1.39 -2.27l0.92 -2.28l1.85 -1.36l2.31 -3.19l2.31 0.46v0.00 -1.82l-3.24 -2.73l-0.46 -2.27l0.46 -2.27l1.39 1.82l4.62 -2.73l0.46 -2.73l2.77 1.37l3.70 5.01l5.55 -8.19l4.62 -1.82l2.77 1.36l0.46 4.10h4.16 0.00v0.00 7.74l3.70 5.46v0.00 2.27l-2.31 3.19l-0.46 2.73l3.23 7.28l9.71 5.92l-2.31 0.91l-1.39 3.19l4.16 7.28l0.46 3.19l-1.39 2.28l3.23 8.19l3.23 1.37l2.31 0.91l0.93 1.36l-3.70 1.82v0.00 4.10l-2.77 0.91l-2.31 1.82l-1.85 5.00l0.46 6.83l-3.23 0.46l-1.85 -1.82l-0.46 2.27h-1.39 0.00l0.46 3.19l-5.08 5.01l-3.70 2.28h-1.39 0.00l-4.16 -2.73l-2.77 2.73h-1.39 0.00l-2.77 -1.82v0.00 3.19l-2.31 2.28l-0.93 -3.64l-1.85 -0.91l-4.16 4.55l-2.77 0.91l-2.31 2.27l-1.39 -2.73l-1.85 3.19h-2.77 0.00l-2.77 -2.27l-0.92 1.36l-1.85 -2.73L713.34 1032.11L713.34 1032.11z', '2017-09-23 02:57:34', '2020-11-17 08:12:20', NULL),
(1961, 6, 1960, 'Basail Upazila', NULL, 'বাসাইল উপজেলা', NULL, NULL, NULL, '2015-01-27 19:35:44', '2020-11-17 08:12:20', NULL),
(1962, 6, 1960, 'Bhuapur Upazila', NULL, 'ভুয়াপুর উপজেলা', NULL, NULL, NULL, '2015-01-27 19:35:44', '2020-11-17 08:12:20', NULL),
(1963, 6, 1960, 'Delduar Upazila', NULL, 'দেলদুয়ার উপজেলা', NULL, NULL, NULL, '2015-01-27 19:35:44', '2020-11-17 08:12:20', NULL),
(1964, 6, 1960, 'Ghatail Upazila', NULL, 'ঘাটাইল উপজেলা', NULL, NULL, NULL, '2015-01-27 19:35:44', '2020-11-17 08:12:20', NULL),
(1965, 6, 1960, 'Gopalpur Upazila', NULL, 'গোপালপুর উপজেলা', NULL, NULL, NULL, '2015-01-27 19:35:44', '2020-11-17 08:12:20', NULL),
(1967, 6, 1960, 'Madhupur Upazila', NULL, 'মধুপুর উপজেলা', NULL, NULL, NULL, '2015-01-27 19:35:44', '2020-11-17 08:12:20', NULL),
(1968, 6, 1960, 'Mirzapur Upazila', NULL, 'মির্জাপুর উপজেলা', NULL, NULL, NULL, '2015-01-27 19:35:44', '2020-11-17 08:12:20', NULL),
(1969, 6, 1960, 'Nagarpur Upazila', NULL, 'নাগরপুর উপজেলা', NULL, NULL, NULL, '2015-01-27 19:35:44', '2020-11-17 08:12:20', NULL),
(1970, 6, 1960, 'Sakhipur Upazila', NULL, 'সখিপুর উপজেলা', NULL, NULL, NULL, '2015-01-27 19:35:44', '2020-11-17 08:12:20', NULL),
(1971, 6, 1960, 'Tangail Sadar Upazila', NULL, 'টাঙ্গাইল সদর উপজেলা', NULL, NULL, NULL, '2015-01-27 19:35:44', '2020-11-17 08:12:20', NULL),
(1975, 6, 1960, 'Kalihati Upazila', NULL, 'কালিহাতী উপজেলা', NULL, NULL, NULL, '2015-01-27 19:35:44', '2020-11-17 08:12:20', NULL),
(1980, 6, 1960, 'Dhanbari Upazila', NULL, 'ধনবাড়ী উপজেলা', NULL, NULL, NULL, '2015-01-27 19:35:44', '2020-11-17 08:12:20', NULL),
(1987, 5, 69, 'Rangpur District', 6586, 'রংপুর জেলা', '40.60610028628546', '-100.62475310435933', 'M651.41 869.19v0.00 -3.64l-6.01 -4.10l1.39 -2.27l-3.70 -0.91v0.00 -1.82l-4.62 -0.46l-3.70 -3.19l2.31 -0.46l-6.01 -3.19l-3.70 -16.84l-7.39 -1.82l-3.23 -7.28l-5.55 -3.19l-1.85 -7.28l4.62 -4.55l-1.39 -4.55l5.08 -1.37l7.86 1.37l1.39 -3.64l4.62 3.64l-0.46 -5.46l4.62 -4.55l1.85 3.64l5.55 -8.19l6.93 4.55h3.23 0.00v0.00 3.19l5.08 1.82l1.85 4.10l7.40 4.55l0.92 -1.82l5.55 2.73l1.39 1.36l-0.46 1.36l4.16 0.91l1.39 1.82l-4.16 1.82l3.70 1.36l1.39 1.82v0.00 3.19l-1.39 0.91v0.00 2.27l2.77 1.36l0.46 1.36l-1.85 1.36l-3.70 2.73l1.39 2.27l-2.31 1.36l-1.39 -2.27l-2.77 -0.91l-0.46 1.37l-3.70 -0.46l-1.85 2.27l4.62 4.10l-0.46 3.19l2.77 1.82l-3.24 4.10l-3.23 0.46l-3.23 3.64l-4.62 8.65v0.00 0.91l1.39 2.27l-2.31 0.91l5.08 3.64H651.41', '2017-09-23 02:12:48', '2020-11-17 08:12:20', NULL),
(1990, 5, 60, 'Naogaon District', 6589, 'নওগাঁ জেলা', '39.41485426402245', '-102.7892549203327', 'M614.89 926.08v0.00 -3.19l4.62 -0.46l-0.92 -8.19l1.85 -0.46l-0.46 -9.56l-2.77 -4.55h-0.92 0.00l-1.85 2.28l-2.31 0.46l-2.31 -4.10v0.00 -1.82h1.85 0.00l1.39 -7.28h-5.08 0.00l2.77 -0.91l-2.77 -3.64l1.85 -2.27l-3.70 -0.46h-1.85 0.00l-6.01 -3.64l-1.39 3.19l-3.23 2.28h-0.92 0.00l-2.31 -2.73l-2.31 1.36l-5.55 -3.19l-3.23 -0.91l-0.93 1.82l-8.78 -0.46l-2.31 4.55h-2.31 0.00v0.00 -2.73l-1.39 -1.36l-1.39 1.82l-1.85 -2.27h-2.77 0.00l-2.31 -1.82l-0.93 1.82l-3.23 1.36l0.00 0.00l-0.46 3.64l3.70 1.82v0.00 1.36l-3.23 1.36v0.00 6.37l0.92 1.36l-2.31 -0.46l-0.46 4.10l2.31 1.82l-1.85 2.27l-2.31 1.36v0.00 2.73l-2.31 0.46v0.00 1.82h3.23 0.00l2.77 2.73l0.46 5.01h1.39 0.00v0.00 -1.82l0.46 -1.82h1.85 0.00l3.23 3.19v0.00 1.82l-3.23 5.46l-2.31 0.91l-3.70 0.46l-0.46 1.36l-4.16 -0.91l-1.39 2.73l3.24 1.82l1.85 -0.91h5.55 0.00l-1.85 2.73l2.31 0.91l4.62 0.46l1.39 2.73l-2.31 0.46l-2.31 -0.91h-1.85 0.00l-0.46 1.36l3.23 0.91l2.77 1.36l0.46 1.36l2.31 1.36l5.08 1.36v0.00 3.19l2.31 0.91l2.77 -3.64l2.31 3.19l-0.46 5.01l1.85 1.82l0.46 -0.91h2.31 0.00l2.77 -1.36l6.47 -4.55h1.85 0.00l0.46 1.82l3.23 -0.46l0.00 0.00l2.31 2.73l0.92 -0.91h3.23 0.00l2.77 3.19l0.46 -0.91l2.77 -0.46l1.39 1.82v0.00 4.55l2.31 1.82l2.31 0.46l5.08 0.46v0.00 2.73l0.92 0.91h1.85 0.00l0.46 -1.36v0.00 1.82h2.77 0.00l0.92 2.73l1.85 -2.27l1.39 0.46l3.23 -2.73v0.00 -4.55l-1.39 -0.91v0.00 -3.19l3.70 -5.46l1.39 -2.28l-0.46 -4.10l0.92 -3.64l-2.31 1.82l-5.08 0.46l0.46 -4.10l-3.23 -5.46h-0.92 0.00l-3.70 3.64l-1.39 -0.46l-4.16 3.64l-0.46 -10.01l-1.85 -0.91L614.89 926.08z', '2017-09-23 02:22:24', '2020-11-17 08:12:20', NULL),
(2001, 5, 6557, 'Mymensingh District', 6595, 'ময়মনসিংহ জেলা', '38.98097098753995', '-95.5675284666308', 'M775.73 1000.26l-4.16 -1.82l-3.70 -7.74l1.85 -1.82v0.00 -4.55l-4.62 -6.83l0.92 -3.19l3.23 -0.91l-6.93 -3.64l-2.77 -2.73l-3.70 -6.37l0.46 -2.73l2.77 -3.19v0.00 -2.27l-4.16 -5.92l0.46 -7.74l-4.16 -0.46l-1.39 -3.64l4.62 -0.91l4.16 0.91l4.16 -5.01v0.00 -4.55l2.31 -1.36l3.23 0.91l3.23 -4.10l-3.23 -2.27v0.00 -2.73l2.77 0.91l2.77 -0.46l-3.70 -1.82l-1.85 -4.10l1.85 -2.73l-2.31 -2.27l3.23 -4.55l4.62 1.82l1.85 -3.64l-3.70 -1.36l-1.85 -2.27v0.00 -2.27v0.00 -9.10l-0.46 -1.82l2.31 -0.46l2.31 1.82h4.16 0.00l1.39 2.73l9.71 1.82l4.62 -1.82l5.55 -2.27l6.01 0.91l2.31 -1.36l3.70 1.82l3.23 -2.73l2.31 1.37l-0.93 2.27l-2.31 6.37l-0.46 3.64l-2.31 1.82l3.70 4.09l-0.46 2.73l-3.23 0.46l-1.85 2.73l-0.93 3.64l-1.85 0.46l-1.85 -5.01l-1.39 1.82l-2.77 -0.91l-1.39 0.91l3.70 2.73l0.92 3.64l-0.92 2.73h0.92 0.00l2.31 4.55h3.23 0.00l-0.46 5.01l2.31 1.82l-1.39 1.82h3.23 0.00l3.23 2.73l4.62 0.91l1.85 -1.36l4.16 1.36l-0.93 2.73l-2.31 -0.46l0.93 3.19l1.85 0.91l0.93 0.91l-2.31 2.73l-0.46 4.55l3.70 3.19l3.23 1.82l0.92 5.92l2.77 -1.82l0.46 1.82l3.70 2.27l0.92 1.82l-2.77 4.55l-3.23 3.19l-3.23 -1.37l-1.85 -3.19l-2.77 5.46l-1.85 -3.64l-2.77 5.01l-3.70 0.46l-3.23 -2.73h-4.16 0.00l-1.39 3.64l4.16 3.19l4.62 2.73l-0.46 5.92l-2.31 1.82l-0.46 4.10l2.31 5.00l1.39 2.73l-3.23 -0.91l-4.16 1.82h-4.62 0.00l-3.70 -2.73l0.46 -2.73l-6.47 -2.27l-0.46 -1.82l-4.62 -0.46l-1.85 7.28l-1.85 -0.91l-2.31 0.91l-2.77 -3.19l-1.39 2.73L775.73 1000.26L775.73 1000.26z', '2017-09-23 03:02:36', '2020-11-17 08:12:20', NULL),
(2037, 6, 1990, 'Mahadevpur Upazila', NULL, 'মহাদেবপুর উপজেলা', NULL, NULL, NULL, '2015-01-27 19:35:44', '2020-11-17 08:12:20', NULL),
(2041, 6, 1990, 'Badalgachhi Upazila', NULL, 'বদলগাছী উপজেলা', NULL, NULL, NULL, '2015-01-27 19:35:44', '2020-11-17 08:12:20', NULL),
(2042, 6, 1990, 'Patnitala Upazila', NULL, 'পত্নিতলা উপজেলা', NULL, NULL, NULL, '2015-01-27 19:35:44', '2020-11-17 08:12:20', NULL),
(2043, 6, 1990, 'Dhamairhat Upazila', NULL, 'ধামইরহাট উপজেলা', NULL, NULL, NULL, '2015-01-27 19:35:44', '2020-11-17 08:12:20', NULL),
(2044, 6, 1004, 'Paba Upazila', NULL, 'পবা উপজেলা', NULL, NULL, NULL, '2015-01-27 19:35:44', '2020-11-17 08:12:20', NULL),
(2045, 6, 1004, 'Durgapur Upazila', NULL, 'দুর্গাপুর উপজেলা', NULL, NULL, NULL, '2015-01-27 19:35:44', '2020-11-17 08:12:20', NULL),
(2046, 6, 1004, 'Mohanpur Upazila', NULL, 'মোহনপুর উপজেলা', NULL, NULL, NULL, '2015-01-27 19:35:44', '2020-11-17 08:12:20', NULL),
(2056, 5, 65, 'Khulna District', 6591, 'খুলনা জেলা', '35.27847134486138', '-99.8182926293959', 'M659.96 1202.54l-1.62 0.68l-0.69 3.41l-2.31 -1.14l-0.93 -2.50l-2.54 4.10l1.85 2.05l3.00 0.23l1.16 2.73l-2.77 3.64l-2.31 -3.87l-3.00 2.73l-0.23 9.79l4.39 8.65l-4.39 2.27l-0.46 8.42l4.39 3.41l-2.54 1.59l-0.23 2.50l4.85 7.74l-2.08 10.92l-6.47 11.60l7.63 -0.23l-3.00 3.19l8.09 17.07l1.85 4.55l3.00 0.91l0.23 2.96l-4.85 0.91l-3.70 6.14l2.08 1.82l1.39 4.10h2.08 0.00l0.69 3.64l1.39 4.55l5.78 0.46l3.47 -5.23l1.85 -1.14l1.85 -3.41l-0.92 -2.05l-1.16 -2.73l-4.39 -2.73l3.47 -1.82l6.24 -6.37l0.46 -5.01l0.23 -5.69h1.85 0.00l3.23 -11.83l0.23 -9.33l-2.08 -8.65l6.24 -6.14l1.39 -2.96l2.08 -0.46l2.77 -4.55v0.00 -5.69l-4.16 -12.06l-2.31 -1.14v0.00 -5.46l-3.23 -6.83l-0.92 -7.74l1.85 -4.32l3.70 -3.64l2.31 -7.96l1.85 -1.59l1.62 1.14l3.47 -3.41l1.62 -3.19l-0.69 -3.64l-1.39 -1.37v0.00 -2.96l4.85 -0.23l3.00 -2.50l1.85 -9.56l-10.63 -3.64l-4.62 4.10l-5.32 -3.19l-2.31 2.96l-2.31 1.36l-5.32 -0.68l-2.08 -1.36l-3.70 -7.05l-3.47 1.36l1.16 3.64l-3.47 4.10l-5.78 2.73l-0.69 1.82l1.85 2.05l-0.46 8.88l-5.31 -2.50l0.46 -2.28l-2.08 -0.91l-0.23 1.59l-4.16 3.64l-3.00 -0.46l3.23 5.46l4.62 2.05l3.47 5.92L659.96 1202.54L659.96 1202.54z', '2017-09-23 02:25:16', '2020-11-17 08:12:20', NULL),
(2061, 6, 2001, 'Fulbaria Upazila', NULL, 'ফুলবাড়ীয়া উপজেলা', NULL, NULL, NULL, '2015-01-27 19:35:44', '2020-11-17 08:12:20', NULL),
(2067, 6, 2001, 'Trishal Upazila', NULL, 'ত্রিশাল উপজেলা', NULL, NULL, NULL, '2015-01-27 19:35:44', '2020-11-17 08:12:20', NULL),
(2070, 6, 1185, 'Akkelpur Upazila', NULL, 'আক্কেলপুর উপজেলা', NULL, NULL, NULL, '2015-01-27 19:35:44', '2020-11-17 08:12:20', NULL),
(2075, 5, 36, 'Chandpur District', 6597, 'চাঁদপুর জেলা', '36.670440633526084', '-94.11886222812485', 'M812.71 1163.63l-4.62 -7.74l-1.85 -4.55l2.31 -6.37l3.23 -5.46l4.16 -4.55l1.39 -4.55l-1.85 -3.64v0.00 -3.19l-3.23 -1.82l-3.23 -0.91v0.00 -3.19l-2.77 -1.36l2.31 -4.55l0.92 -4.55l0.46 -3.64l4.62 -1.36l3.23 -1.36l2.77 -0.46l5.08 4.55l0.46 3.19l5.08 2.27l2.31 -3.19l1.85 1.82l4.62 -5.92l7.86 2.27l0.93 5.92l4.16 2.73l0.46 4.10l4.62 4.10l4.16 5.46l-0.46 3.19l3.70 3.19l-2.77 2.73l0.46 5.92l-1.39 3.19h-3.23 0.00l-1.85 0.91l-2.77 -1.82l-5.08 0.46l-2.31 -3.64h-2.31 0.00l-2.77 1.36l-1.39 4.55l-0.92 3.19l-6.47 2.27h-2.31 0.00l-4.62 2.73h-0.92 0.00l-1.39 -2.73h-1.39 0.00l-1.39 1.82l-0.46 4.55v0.00 2.27l-2.77 3.19L812.71 1163.63L812.71 1163.63z', '2017-09-23 03:05:29', '2020-11-17 08:12:20', NULL),
(2076, 6, 1185, 'Kalai Upazila ', NULL, 'কালাই উপজেলা', NULL, NULL, NULL, '2015-01-27 19:35:44', '2020-11-17 08:12:20', NULL),
(2136, 6, 2056, 'Paikgachha Upazila ', NULL, 'পাইকগাছা উপজেলা', NULL, NULL, NULL, '2015-01-27 19:35:44', '2020-11-17 08:12:20', NULL),
(2137, 6, 2056, 'Fultala Upazila ', NULL, 'ফুলতলা উপজেলা', NULL, NULL, NULL, '2015-01-27 19:35:44', '2020-11-17 08:12:20', NULL),
(2138, 6, 2056, 'Dighalia Upazila ', NULL, 'দিঘলিয়া উপজেলা', NULL, NULL, NULL, '2015-01-27 19:35:44', '2020-11-17 08:12:20', NULL),
(2139, 6, 2056, 'Rupsha Upazila ', NULL, 'রূপসা উপজেলা', NULL, NULL, NULL, '2015-01-27 19:35:44', '2020-11-17 08:12:20', NULL),
(2140, 6, 2056, 'Terkhada Upazila ', NULL, 'তেরখাদা উপজেলা', NULL, NULL, NULL, '2015-01-27 19:35:44', '2020-11-17 08:12:20', NULL),
(2141, 6, 2056, 'Dumuria Upazila ', NULL, 'ডুমুরিয়া উপজেলা', NULL, NULL, NULL, '2015-01-27 19:35:44', '2020-11-17 08:12:20', NULL),
(2142, 6, 2056, 'Batiaghata Upazila', NULL, 'বটিয়াঘাটা উপজেলা', NULL, NULL, NULL, '2015-01-27 19:35:44', '2020-11-17 08:12:20', NULL),
(2143, 6, 2056, 'Dakop Upazila ', NULL, 'দাকোপ উপজেলা', NULL, NULL, NULL, '2015-01-27 19:35:44', '2020-11-17 08:12:20', NULL),
(2144, 6, 2056, 'Koira Upazila ', NULL, 'কয়রা উপজেলা', NULL, NULL, NULL, '2015-01-27 19:35:44', '2020-11-17 08:12:20', NULL),
(2145, 6, 2001, 'Bhaluka Upazila ', NULL, 'ভালুকা উপজেলা', NULL, NULL, NULL, '2015-01-27 19:35:44', '2020-11-17 08:12:20', NULL),
(2148, 6, 1004, 'Charghat Upazila ', NULL, 'চারঘাট উপজেলা', NULL, NULL, NULL, '2015-01-27 19:35:44', '2020-11-17 08:12:20', NULL),
(2149, 6, 1990, 'Niamatpur Upazila ', NULL, 'নিয়ামতপুর উপজেলা', NULL, NULL, NULL, '2015-01-27 19:35:44', '2020-11-17 08:12:20', NULL),
(2150, 6, 1990, 'Manda Upazila ', NULL, 'মান্দা উপজেলা', NULL, NULL, NULL, '2015-01-27 19:35:44', '2020-11-17 08:12:20', NULL),
(2151, 6, 1990, 'Atrai Upazila ', NULL, 'আত্রাই উপজেলা', NULL, NULL, NULL, '2015-01-27 19:35:44', '2020-11-17 08:12:20', NULL),
(2154, 6, 2001, 'Muktagachha Upazila ', NULL, 'মুক্তাগাছা উপজেলা', NULL, NULL, NULL, '2015-01-27 19:35:44', '2020-11-17 08:12:20', NULL),
(2187, 6, 1004, 'Puthia Upazila ', NULL, 'পুঠিয়া উপজেলা', NULL, NULL, NULL, '2015-01-27 19:35:44', '2020-11-17 08:12:20', NULL),
(2189, 6, 1004, 'Bagha Upazila ', NULL, 'বাঘা উপজেলা', NULL, NULL, NULL, '2015-01-27 19:35:44', '2020-11-17 08:12:20', NULL),
(2190, 6, 1004, 'Godagari Upazila ', NULL, 'গোদাগাড়ী উপজেলা', NULL, NULL, NULL, '2015-01-27 19:35:44', '2020-11-17 08:12:20', NULL),
(2191, 6, 1004, 'Tanore Upazila', NULL, 'তানোর উপজেলা', NULL, NULL, NULL, '2015-01-27 19:35:44', '2020-11-17 08:12:20', NULL),
(2217, 6, 1008, 'South Sunamganj Upazila', NULL, 'দক্ষিণ সুনামগঞ্জ উপজেলা', NULL, NULL, NULL, '2015-01-27 19:35:44', '2020-11-17 08:12:20', NULL),
(2249, 6, 1008, 'Bishwambharpur Upazi', NULL, 'বিশ্বম্ভরপুর উপজেলা', NULL, NULL, NULL, '2015-01-27 19:35:44', '2020-11-17 08:12:20', NULL),
(2256, 5, 68, 'Kishoreganj District', 6594, 'কিশোরগঞ্জ জেলা', '38.384404025575634', '-93.27499650765292', 'M824.73 1005.72l-5.08 -4.55l-1.39 -5.01l-0.92 -2.73l-0.46 -3.64l3.23 -1.82l0.46 -5.92l-9.24 -6.37l1.39 -1.82v0.00 -2.28l3.70 0.46l3.70 3.19l3.23 -0.46l3.24 -4.55l2.31 2.27l1.85 -4.55l3.70 3.19l4.16 -1.82l3.23 -4.55l2.31 -3.64l10.17 -1.82l-6.47 0.91l5.08 -0.91h6.01 0.00l3.23 0.91l4.62 -3.19l4.62 0.91l1.85 3.19l5.08 -3.19l2.77 -2.28h5.08 0.00l-0.92 3.64l4.16 4.55v0.00 3.19l-1.39 2.27l-0.46 1.36l-6.47 3.64l3.70 0.91l0.92 -1.36l3.23 0.91l1.85 3.64l-0.46 2.27l-3.23 1.82l4.62 3.19l0.93 2.73l-3.23 0.46l-1.39 1.82l2.31 1.82v0.00 1.82v0.00 0.91l-3.23 0.91l-5.55 0.46l-1.39 2.27l2.77 1.37l0.93 1.82l-2.31 1.36l-5.55 1.36l-5.55 1.36l-1.39 3.64l-6.01 -0.46l-4.62 4.55v0.00 1.36l2.77 3.19l3.70 0.91l0.92 3.19l-0.92 2.27l-2.31 1.82c0.00 0.00 2.77 1.37 -0.46 2.28c-3.23 0.91 -4.16 1.36 -4.16 1.36l-2.31 -2.27l-1.39 -3.19l-4.16 0.46l-2.77 -3.19h-3.70 0.00l-0.46 -3.64l2.77 -2.27l-5.55 -1.36l-1.39 -3.64l-3.23 -0.46l-2.31 -4.55l-2.77 -2.73l-1.39 0.46l-0.92 0.91L824.73 1005.72L824.73 1005.72z', '2017-09-23 02:57:36', '2020-11-17 08:12:20', NULL),
(2257, 5, 6557, 'Jamalpur District', 6595, 'জামালপুর জেলা', '39.47879992712537', '-98.18436186924296', 'M697.16 892.86l6.47 -6.83l-0.46 -4.10l3.23 -3.64l3.23 0.46l2.77 -3.64l-0.46 -4.55l-2.31 -4.10v0.00 -7.74l4.62 -3.19l-2.31 -1.37v0.00 -3.19l5.08 3.64l-1.39 7.28l2.77 2.73l-0.46 3.64l3.23 2.28h3.23 0.00l2.31 -3.19l4.16 0.91l2.77 -0.46v0.00 6.83l-0.92 0.91l-2.77 -1.82l-1.39 6.37l-2.77 2.73l1.39 3.19l3.70 -0.46l-0.46 2.27l-1.85 2.28l-0.46 3.64l4.16 3.19l-0.46 2.73l-3.23 1.82l0.46 1.82h-2.31 0.00v0.00 2.27l2.31 4.55l0.46 2.73l2.77 -0.46l2.31 2.73l-0.92 2.73l3.23 1.36l10.63 2.73l0.93 3.19l6.01 -5.01l8.78 4.09l-0.46 5.46l-4.16 4.55l-3.23 -0.46h-7.39 0.00l-4.16 0.91l-6.93 8.19l-2.31 -3.19l-0.92 -1.36L730.44 937.00v0.00 2.73l-3.70 2.28l-1.85 -1.37l-1.39 2.73l1.39 2.73l2.77 1.82l-0.92 1.82l-1.39 -0.46l-1.85 4.10h-2.31 0.00v0.00 3.19l-2.77 0.91v0.00 5.01l-2.31 0.91l-3.70 -0.46v0.00 -4.10l-2.77 -2.27l3.70 -0.46l1.39 -9.56l-3.70 -4.10l2.77 -0.46l0.46 -3.19l-4.16 -2.73l-1.85 -0.46l-0.92 1.82l-2.77 -3.19h1.39 0.00l0.92 -2.28l-0.46 -2.27l-3.23 0.46l-3.70 -4.10l-0.46 -3.64l2.31 -0.46l-0.46 -4.10l-1.85 -2.27l0.46 -2.27l-1.85 -1.82l1.85 -1.82v0.00 -4.10h-3.24 0.00l2.77 -3.19l-2.31 -1.36l1.39 -3.19L697.16 892.86L697.16 892.86z', '2017-09-23 03:02:38', '2020-11-17 08:12:20', NULL),
(2258, 5, 68, 'Manikganj District', 6594, 'মানিকগঞ্জ জেলা', '37.611922532794104', '-97.47490578787692', 'M712.88 1032.57l-7.39 2.28l-4.62 0.46l0.46 4.55l4.16 5.01l5.55 5.01l0.46 2.73l1.85 2.27l-0.46 4.55l5.08 6.83l5.55 3.64l5.55 1.37l2.31 2.73h-5.08 0.00l3.70 3.64l2.31 -1.37l2.31 4.55l8.32 2.27l2.77 -2.27v0.00 -5.01l6.01 -0.91l4.16 -1.82l10.63 1.82l-2.77 -7.74l4.62 -5.01l-9.24 -1.82l-3.23 -4.10l-2.31 -5.01l-3.23 -1.82l-2.31 -5.92l-4.62 -2.28l3.70 -3.19l-8.78 -0.46l-0.92 -3.64l-2.31 -0.91l-4.62 4.55l-1.39 -0.91l-3.23 3.64l-1.39 -2.27l-1.85 4.10l-2.77 -0.91l-2.31 -1.82l-1.39 1.82l-1.85 -2.73L712.88 1032.57L712.88 1032.57z', '2017-09-23 02:57:38', '2020-11-17 08:12:20', NULL),
(2262, 5, 6557, 'Netrokona District', 6595, 'নেত্রকোণা জেলা', '39.15714568928065', '-93.56681380534512', 'M841.83 962.94l-3.70 -1.36l-0.46 -3.19l-3.23 1.36l-0.92 -4.55l-4.16 -2.27l-2.31 -3.19l-0.46 -4.55l3.23 -3.19l-4.16 -2.27v0.00 -2.73l1.85 0.46l1.85 -2.73l-5.08 -1.82l-0.92 1.82h-4.62 0.00l-3.23 -3.19h-4.16 0.00l1.85 -2.27l-1.85 -1.82v0.00 -4.55l-3.23 -0.46l-1.85 -5.01h-1.39 0.00l0.46 -1.82l-0.46 -4.10l-4.16 -2.73h5.08 0.00l0.92 -2.28l1.85 5.46h2.31 0.00l0.92 -4.09l1.39 -2.28h2.31 0.00l1.85 -3.64l-4.16 -4.09l2.77 -1.37l-0.93 -2.73l1.85 -3.19l2.31 -5.46l3.70 0.46l1.39 1.37l7.86 -5.01l2.77 4.10l12.02 0.46l1.39 -1.36l3.70 1.82l6.01 -5.01l0.46 2.27l-1.39 0.46l-0.46 8.65l1.85 1.82l-0.93 0.91l-2.77 0.46l-0.93 2.28l3.70 0.91l-1.85 2.28l-0.46 4.55l2.31 4.10v0.00 6.37l5.55 1.36l3.70 3.64l8.78 0.46l2.31 3.64v0.00 4.10l1.85 3.64l1.85 -3.64l2.31 -0.46l1.85 3.19l-1.39 3.64l-3.23 0.91v0.00 4.55l2.31 1.36l2.77 0.46l3.70 1.36l1.85 2.28l1.39 1.82l-2.77 3.19l-3.70 2.73l-5.08 0.46l-7.86 5.01l-1.39 -2.28l-5.55 -1.36l-4.16 2.73l-3.23 -0.46l-6.47 0.46h-5.55 0.00L841.83 962.94L841.83 962.94z', '2017-09-23 03:02:39', '2020-11-17 08:12:20', NULL),
(2266, 6, 1004, 'Bagmara Upazila', NULL, 'বাগমারা উপজেলা', NULL, NULL, NULL, '2015-01-27 19:35:44', '2020-11-17 08:12:20', NULL),
(2267, 6, 2262, 'Barhatta Upazila', NULL, 'বারহাট্টা উপজেলা', NULL, NULL, NULL, '2015-01-27 19:35:44', '2020-11-17 08:12:20', NULL),
(2268, 6, 2262, 'Durgapur Upazila', NULL, 'দুর্গাপুর উপজেলা', NULL, NULL, NULL, '2015-01-27 19:35:44', '2020-11-17 08:12:20', NULL),
(2269, 6, 2262, 'Kendua Upazila', NULL, 'কেন্দুয়া উপজেলা', NULL, NULL, NULL, '2015-01-27 19:35:44', '2020-11-17 08:12:20', NULL),
(2270, 6, 2262, 'Atpara Upazila', NULL, 'আটপাড়া উপজেলা', NULL, NULL, NULL, '2015-01-27 19:35:44', '2020-11-17 08:12:20', NULL),
(2271, 6, 2262, 'Madan Upazila', NULL, 'মদন উপজেলা', NULL, NULL, NULL, '2015-01-27 19:35:44', '2020-11-17 08:12:20', NULL),
(2272, 6, 2262, 'Khaliajuri Upazila', NULL, 'খালিয়াজুরী উপজেলা', NULL, NULL, NULL, '2015-01-27 19:35:44', '2020-11-17 08:12:20', NULL),
(2273, 6, 2262, 'Kalmakanda Upazila', NULL, 'কলমাকান্দা উপজেলা', NULL, NULL, NULL, '2015-01-27 19:35:44', '2020-11-17 08:12:20', NULL),
(2274, 6, 2262, 'Mohanganj Upazila', NULL, 'মোহনগঞ্জ উপজেলা', NULL, NULL, NULL, '2015-01-27 19:35:44', '2020-11-17 08:12:20', NULL),
(2276, 6, 2262, 'Netrokona Sadar Upazila', NULL, 'নেত্রকোণা সদর উপজেলা', NULL, NULL, NULL, '2015-01-27 19:35:44', '2020-11-17 08:12:20', NULL),
(2279, 6, 2256, 'Itna Upazila', NULL, 'ইটনা উপজেলা', NULL, NULL, NULL, '2015-01-27 19:35:44', '2020-11-17 08:12:20', NULL),
(2280, 6, 2256, 'Katiadi Upazila', NULL, 'কটিয়াদী উপজেলা', NULL, NULL, NULL, '2015-01-27 19:35:44', '2020-11-17 08:12:20', NULL),
(2281, 6, 2256, 'Bhairab Upazila', NULL, 'ভৈরব উপজেলা', NULL, NULL, NULL, '2015-01-27 19:35:44', '2020-11-17 08:12:20', NULL),
(2282, 6, 2256, 'Tarail upazila', NULL, 'তাড়াইল উপজেলা', NULL, NULL, NULL, '2015-01-27 19:35:44', '2020-11-17 08:12:20', NULL),
(2283, 6, 2256, 'Hossainpur Upazila', NULL, 'হোসেনপুর উপজেলা', NULL, NULL, NULL, '2015-01-27 19:35:44', '2020-11-17 08:12:20', NULL),
(2284, 6, 2256, 'Pakundia Upazila', NULL, 'পাকুন্দিয়া উপজেলা', NULL, NULL, NULL, '2015-01-27 19:35:44', '2020-11-17 08:12:20', NULL),
(2285, 6, 2256, 'Kuliyarchar upazila', NULL, 'কুলিয়ারচর উপজেলা', NULL, NULL, NULL, '2015-01-27 19:35:44', '2020-11-17 08:12:20', NULL),
(2286, 6, 2256, 'Kishoreganj Sadar Upazila', NULL, 'কিশোরগঞ্জ সদর  উপজেলা', NULL, NULL, NULL, '2015-01-27 19:35:44', '2020-11-17 08:12:20', NULL),
(2287, 6, 2256, 'Karimganj Upazila', NULL, 'করিমগঞ্জ উপজেলা', NULL, NULL, NULL, '2015-01-27 19:35:44', '2020-11-17 08:12:20', NULL),
(2288, 6, 2256, 'Bajitpur Upazila', NULL, 'বাজিতপুর উপজেলা', NULL, NULL, NULL, '2015-01-27 19:35:44', '2020-11-17 08:12:20', NULL),
(2289, 6, 2256, 'Austagram Upazila', NULL, 'অষ্টগ্রাম উপজেলা', NULL, NULL, NULL, '2015-01-27 19:35:44', '2020-11-17 08:12:20', NULL),
(2290, 6, 2256, 'Mithamin Upazila', NULL, 'মিঠামইন উপজেলা', NULL, NULL, NULL, '2015-01-27 19:35:44', '2020-11-17 08:12:20', NULL),
(2291, 6, 2256, 'Nikli Upazila', NULL, 'নিকলী উপজেলা', NULL, NULL, NULL, '2015-01-27 19:35:44', '2020-11-17 08:12:20', NULL),
(2348, 6, 2001, 'Mymensingh Sadar Upazila', NULL, 'ময়মনসিংহ সদর উপজেলা', NULL, NULL, NULL, '2015-01-27 19:35:44', '2020-11-17 08:12:20', NULL),
(2349, 6, 2001, 'Dhobaura Upazila', NULL, 'ধোবাউড়া উপজেলা', NULL, NULL, NULL, '2015-01-27 19:35:44', '2020-11-17 08:12:20', NULL),
(2379, 6, 2942, 'Savar Upazila ', NULL, 'সাভার উপজেলা', NULL, NULL, NULL, '2015-01-27 19:35:44', '2020-11-17 08:12:20', NULL),
(2383, 6, 2942, 'Dhamrai Upazila ', NULL, 'ধামরাই উপজেলা', NULL, NULL, NULL, '2015-01-27 19:35:44', '2020-11-17 08:12:20', NULL),
(2384, 6, 2942, 'Keraniganj Upazila ', NULL, 'কেরাণীগঞ্জ উপজেলা', NULL, NULL, NULL, '2015-01-27 19:35:44', '2020-11-17 08:12:20', NULL),
(2386, 6, 2942, 'Nawabganj Upazila ', NULL, 'নবাবগঞ্জ উপজেলা', NULL, NULL, NULL, '2015-01-27 19:35:44', '2020-11-17 08:12:20', NULL),
(2389, 6, 2942, 'Dohar Upazila ', NULL, 'দোহার উপজেলা', NULL, NULL, NULL, '2015-01-27 19:35:44', '2020-11-17 08:12:20', NULL),
(2390, 6, 2257, 'Jamalpur Sadar Upazi', NULL, 'জামালপুর সদর উপজেলা', NULL, NULL, NULL, '2015-01-27 19:35:44', '2020-11-17 08:12:20', NULL),
(2393, 6, 2257, 'Melandah Upazila', NULL, 'মেলান্দহ উপজেলা', NULL, NULL, NULL, '2015-01-27 19:35:44', '2020-11-17 08:12:20', NULL),
(2395, 6, 2257, 'Islampur Upazila ', NULL, 'ইসলামপুর উপজেলা', NULL, NULL, NULL, '2015-01-27 19:35:44', '2020-11-17 08:12:20', NULL),
(2401, 6, 2258, 'Harirampur upazila', NULL, 'হরিরামপুর উপজেলা', NULL, NULL, NULL, '2015-01-27 19:35:44', '2020-11-17 08:12:20', NULL),
(2408, 6, 2001, 'Haluaghat Upazila  ', NULL, 'হালুয়াঘাট উপজেলা', NULL, NULL, NULL, '2015-01-27 19:35:44', '2020-11-17 08:12:20', NULL),
(2411, 6, 2075, 'Chandpur Sadar Upazi', NULL, 'চাঁদপুর সদর উপজেলা', NULL, NULL, NULL, '2015-01-27 19:35:44', '2020-11-17 08:12:20', NULL),
(2413, 6, 2075, 'Motlob Dokkhin', NULL, 'মতলব দক্ষিণ', NULL, NULL, NULL, '2015-01-27 19:35:44', '2020-11-17 08:12:20', NULL),
(2428, 6, 1000, 'Nabiganj Upazila ', NULL, 'নবীগঞ্জ উপজেলা', NULL, NULL, NULL, '2015-01-27 19:35:44', '2020-11-17 08:12:20', NULL),
(2430, 6, 1000, 'Bahubal Upazila', NULL, 'বাহুবল উপজেলা', NULL, NULL, NULL, '2015-01-27 19:35:44', '2020-11-17 08:12:20', NULL),
(2432, 6, 1000, 'Ajmiriganj Upazila', NULL, 'আজমিরীগঞ্জ উপজেলা', NULL, NULL, NULL, '2015-01-27 19:35:44', '2020-11-17 08:12:20', NULL),
(2435, 6, 1000, 'Baniachang Upazila ', NULL, 'বানিয়াচং উপজেলা', NULL, NULL, NULL, '2015-01-27 19:35:44', '2020-11-17 08:12:20', NULL),
(2438, 6, 1000, 'Lakhai Upazila', NULL, 'লাখাই উপজেলা', NULL, NULL, NULL, '2015-01-27 19:35:44', '2020-11-17 08:12:20', NULL),
(2443, 6, 1185, 'Joypurhat Sadar Upazila', NULL, 'জয়পুরহাট সদর উপজেলা', NULL, NULL, NULL, '2015-01-27 19:35:44', '2020-11-17 08:12:20', NULL),
(2444, 6, 1000, 'Chunarughat Upazila ', NULL, 'চুনারুঘাট উপজেলা', NULL, NULL, NULL, '2015-01-27 19:35:44', '2020-11-17 08:12:20', NULL),
(2446, 6, 1000, 'Habiganj Sadar Upazila', NULL, 'হবিগঞ্জ সদর উপজেলা', NULL, NULL, NULL, '2015-01-27 19:35:44', '2020-11-17 08:12:20', NULL),
(2450, 6, 1000, 'Madhabpur Upazila ', NULL, 'মাধবপুর উপজেলা', NULL, NULL, NULL, '2015-01-27 19:35:44', '2020-11-17 08:12:20', NULL),
(2532, 6, 2075, 'Hajiganj Upazila ', NULL, 'হাজীগঞ্জ উপজেলা', NULL, NULL, NULL, '2015-01-27 19:35:44', '2020-11-17 08:12:20', NULL),
(2533, 6, 1990, 'Raninagar Upazila', NULL, 'রাণীনগর উপজেলা', NULL, NULL, NULL, '2015-01-27 19:35:44', '2020-11-17 08:12:20', NULL),
(2534, 6, 1990, 'Naogaon Sadar Upazila', NULL, 'নওগাঁ সদর উপজেলা', NULL, NULL, NULL, '2015-01-27 19:35:44', '2020-11-17 08:12:20', NULL),
(2537, 6, 1990, 'Porsha Upazila', NULL, 'পোরশা উপজেলা', NULL, NULL, NULL, '2015-01-27 19:35:44', '2020-11-17 08:12:20', NULL),
(2538, 6, 1990, 'Sapahar Upazila', NULL, 'সাপাহার উপজেলা', NULL, NULL, NULL, '2015-01-27 19:35:44', '2020-11-17 08:12:20', NULL),
(2559, 6, 1008, 'Chhatak Upazila', NULL, 'ছাতক উপজেলা', NULL, NULL, NULL, '2015-01-27 19:35:44', '2020-11-17 08:12:20', NULL),
(2560, 6, 1008, 'Jagannathpur Upazila', NULL, 'জগন্নাথপুর উপজেলা', NULL, NULL, NULL, '2015-01-27 19:35:44', '2020-11-17 08:12:20', NULL),
(2561, 6, 1008, 'Doarabazar Upazila', NULL, 'দোয়ারাবাজার উপজেলা', NULL, NULL, NULL, '2015-01-27 19:35:44', '2020-11-17 08:12:20', NULL),
(2632, 6, 2075, 'Motlob Uttor', NULL, 'মতলব উত্তর', NULL, NULL, NULL, '2015-01-27 19:35:44', '2020-11-17 08:12:20', NULL),
(2684, 6, 2075, 'Faridganj Upazila', NULL, 'ফরিদগঞ্জ উপজেলা', NULL, NULL, NULL, '2015-01-27 19:35:44', '2020-11-17 08:12:20', NULL),
(2702, 6, 2001, 'Gauripur Upazila ', NULL, 'গৌরীপুর উপজেলা', NULL, NULL, NULL, '2015-01-27 19:35:44', '2020-11-17 08:12:20', NULL),
(2703, 6, 2001, 'Gafargaon Upazila ', NULL, 'গফরগাঁও উপজেলা', NULL, NULL, NULL, '2015-01-27 19:35:44', '2020-11-17 08:12:20', NULL),
(2704, 6, 2001, 'Ishwarganj Upazila', NULL, 'ঈশ্বরগঞ্জ উপজেলা', NULL, NULL, NULL, '2015-01-27 19:35:44', '2020-11-17 08:12:20', NULL),
(2705, 6, 2001, 'Nandail Upazila ', NULL, 'নান্দাইল উপজেলা', NULL, NULL, NULL, '2015-01-27 19:35:44', '2020-11-17 08:12:20', NULL),
(2798, 6, 1008, 'Tahirpur Upazila ', NULL, 'তাহিরপুর উপজেলা', NULL, NULL, NULL, '2015-01-27 19:35:44', '2020-11-17 08:12:20', NULL),
(2800, 6, 1008, 'Dharmapasha Upazila', NULL, 'ধর্মপাশা উপজেলা', NULL, NULL, NULL, '2015-01-27 19:35:44', '2020-11-17 08:12:20', NULL),
(2801, 6, 1008, 'Jamalganj Upazila', NULL, 'জামালগঞ্জ উপজেলা', NULL, NULL, NULL, '2015-01-27 19:35:44', '2020-11-17 08:12:20', NULL),
(2942, 5, 68, 'Dhaka District', 6594, 'ঢাকা জেলা', '37.53489429025793', '-95.94720133249027', 'M742.92 1083.08l2.31 -2.73v0.00 -4.55l7.86 -0.91l2.77 -1.82l10.17 2.28l-2.31 -8.19l4.62 -4.10l-7.86 -2.27l-2.31 -0.46l-4.62 -8.65l-3.70 -1.82l-1.39 -5.92l-5.08 -3.19l3.70 -2.73l-7.86 -0.91l0.46 -2.27v0.00 -2.73l3.70 2.73l4.16 -3.19l5.55 2.73l4.16 -1.82l2.77 4.55l3.70 -1.82l3.70 -0.91l1.39 2.27l2.31 -6.83l4.16 6.37l-3.70 3.19l3.23 0.91l6.93 0.91l0.46 8.65l3.70 -0.91l2.31 2.27h3.23 0.00l2.31 -1.82h2.31 0.00l0.46 3.64v0.00 3.19l-0.92 2.73l4.16 11.83l1.85 1.82l-1.85 0.91l-7.86 3.64l3.23 5.46l-1.39 5.01l-4.16 -3.64l-1.39 2.27l-1.39 5.92l-3.23 -0.91l1.85 -5.46l-4.16 -2.27l-2.31 -2.73l-6.93 -1.37l-2.77 4.10l-0.46 2.28l-0.46 6.37l-2.31 2.73l-3.23 -1.82l-0.46 3.64l-1.39 2.28l-4.62 -2.28l-0.46 -4.09l-1.39 -4.55l-3.70 -2.27L742.92 1083.08L742.92 1083.08z', '2017-09-23 02:53:57', '2020-11-17 08:12:20', NULL),
(2956, 6, 1008, 'Shalla Upazila', NULL, 'শাল্লা উপজেলা', NULL, NULL, NULL, '2015-01-27 19:35:44', '2020-11-17 08:12:20', NULL),
(2968, 6, 1008, 'Dirai Upazila', NULL, 'দিরাই উপজেলা', NULL, NULL, NULL, '2015-01-27 19:35:44', '2020-11-17 08:12:20', NULL),
(3024, 5, 68, 'Munshiganj District', 6594, 'মুন্সিগঞ্জ জেলা', '37.07385353327481', '-95.9022673700085', 'M760.45 1100.32l1.96 -7.08l3.92 1.93l2.61 -3.22v0.00 -5.79l3.27 -7.08l6.54 1.93l6.54 4.51l-1.96 6.44l3.92 0.65l1.96 -7.08l7.84 5.15l6.54 1.29l1.31 3.22l2.61 1.93v0.00 4.50l-0.65 3.86l-3.27 5.15l-1.31 5.15l-4.58 -5.15h-8.50 0.00l-6.54 -1.93h-5.23 0.00l-5.88 -1.29L760.45 1100.32L760.45 1100.32 z', '2017-09-23 02:57:40', '2020-11-17 08:12:20', NULL),
(3025, 5, 68, 'Rajbari District', 6593, 'রাজবাড়ী জেলা', '37.48016677502301', '-99.26011357167326', 'M658.34 1059.42v0.00 -5.92l-2.31 -1.82l2.77 -1.36l6.47 0.46l3.70 0.46l2.31 2.73v0.00 3.19l0.92 3.19l6.93 4.09l-1.85 -5.01l3.70 -0.46l0.92 2.27l2.31 1.36l6.47 -4.10l2.31 1.36l-0.46 2.28l2.31 2.73v0.00 -3.64l10.17 -0.46l5.08 0.91l3.23 4.10l0.46 5.00l-4.16 -3.19l-3.23 -4.10h-11.09 0.00l-0.46 1.82h9.24 0.00l4.62 3.19l6.01 4.55l2.31 1.82l1.85 0.91l-2.31 0.91l-0.46 2.27h-4.62 0.00l-0.46 2.27l-3.23 -0.91v0.00 6.37l3.70 2.27l-0.92 2.27h-3.23 0.00l-0.92 -2.27l-0.92 2.27l-4.62 -0.46l-0.92 -5.46l-5.55 5.01h-2.31 0.00l-0.92 -4.10h-1.85 0.00l-0.93 1.82l-4.62 -2.27l-0.92 1.82l2.77 1.82l-2.77 1.36l-1.85 -0.46v0.00 -2.27l-3.70 -0.46l-1.85 -5.01l-4.62 -3.19l-0.46 -2.73l-6.47 -0.46l-0.92 1.36l-5.55 -5.01l-0.92 -2.73l-1.39 -2.73l3.23 -3.19z', '2017-09-23 02:58:19', '2020-11-17 08:12:20', NULL),
(3026, 5, 68, 'Madaripur District', 6593, 'মাদারীপুর জেলা', '36.66587471428024', '-96.8485907784604', 'M754.94 1106.29l6.01 0.46l3.70 3.19l4.16 1.82l9.24 2.73l-1.85 3.19l-6.47 10.47l-6.01 4.10l1.39 8.19l5.55 4.10l2.77 6.37l4.62 3.19l-5.08 6.83l3.70 3.19l1.39 2.73l-2.31 1.82h-5.08 0.00l-5.54 -1.36l0.46 -5.92l0.46 -5.46l-2.31 -0.91l-1.39 2.28h-6.01 0.00l-3.70 -2.28v0.00 -1.82l2.31 -0.91l-4.16 -2.73l-3.70 3.19l-4.62 -3.64h-2.77 0.00l-2.77 3.64l-4.16 -2.73l2.77 -6.83l5.55 0.46l-0.93 -2.73l4.16 -2.27l1.39 -5.92l-2.31 -4.10l2.31 -4.55l6.47 2.73l2.31 -9.56l-1.85 -3.64l2.31 -1.82z', '2017-09-23 02:58:25', '2020-11-17 08:12:20', NULL),
(3027, 5, 68, 'Gopalganj District', 6593, 'গোপালগঞ্জ জেলা', '36.432641626739894', '-97.91074263307672', 'M714.70 1168.22l0.33 -1.93l-4.58 -2.57l-2.29 -5.79l-6.54 -6.44l4.58 0.32l2.61 -6.44l0.65 -3.54l-3.27 -1.29l-3.92 2.90l-0.65 -0.64l0.98 -2.90v0.00 -1.61h1.96 0.00l5.88 -3.86l0.65 -2.90l-3.27 -1.93l0.65 -2.25l6.21 0.32l6.21 -5.15l2.94 0.32l2.29 1.93l1.96 -1.61l2.29 0.32l0.65 3.54l2.94 -1.93l3.60 -0.32l-1.96 -3.54l1.96 0.32l2.62 3.86h1.63 0.00l0.98 2.57h1.31 0.00l1.31 4.83l-1.63 5.47l-4.25 2.25c0.00 0.00 1.31 2.90 0.00 2.90s-4.25 0.00 -4.25 0.00l-1.96 7.08l3.92 2.25l1.63 -2.90l2.29 -1.29l4.25 2.57l1.63 1.61l3.60 -3.22l4.25 2.25l-1.63 1.29l-0.33 3.22l4.25 1.29l-1.63 0.65v0.00 4.18h-3.60 0.00l-1.31 2.90l-3.92 1.61v0.00 2.90l-1.31 0.32v0.00 1.61l-2.62 1.93l-1.31 5.15l-1.31 1.93l-0.33 1.29l-3.27 0.65h-4.58 0.00l-0.65 3.54h-0.98 0.00l-3.60 -2.25l-5.23 0.32l-4.58 -2.57l-0.65 -2.25l2.94 -2.58l-4.90 -3.22L714.70 1168.22L714.70 1168.22z', '2017-09-23 02:58:24', '2020-11-17 08:12:20', NULL),
(3028, 5, 68, 'Faridpur District', 6593, 'ফরিদপুর জেলা', '36.110514379552605', '-89.37237627382683', 'M677.44 1087.45l2.94 0.64l0.33 2.25l1.96 0.96l2.94 -1.61l-3.27 -1.93l1.31 -1.61l4.90 1.93l0.65 -1.93l1.63 0.32l0.98 3.86l2.62 0.32l5.23 -5.15l0.98 5.47l4.58 0.64l0.98 -2.57l1.31 2.25l2.94 0.32l1.31 -2.25l-3.92 -1.93v0.00 -7.40l3.27 1.29l0.65 -2.25h4.58 0.00l0.33 -2.25h0.98 0.00l2.61 0.64l0.98 2.57l9.48 1.93l3.27 3.86h2.61 0.00l1.63 3.86l10.13 1.61l5.88 4.18l2.94 5.15l0.33 6.11h-2.62 0.00l-0.33 4.83l-2.61 2.25l3.60 2.25l-1.63 4.18l-1.96 6.11l-2.29 -0.96l-3.60 -2.25l-1.63 4.50l-1.63 -0.32l-0.33 -2.25h-1.96 0.00l-2.29 -3.54l-2.94 -0.32l2.29 2.90l-2.61 0.32l-3.60 2.25l-0.33 -3.54h-2.94 0.00l-1.96 1.61l-1.63 -2.57l-2.94 -0.32l-5.55 5.47l-7.52 0.32l-0.65 1.93l2.94 1.61l-0.33 1.61l-0.98 1.61l-4.25 3.54h-3.27 0.00l-1.63 -1.93h-4.90 0.00l-1.63 -2.90l3.27 -3.54l-4.25 -0.96l-0.98 -3.54v0.00 -6.11l-2.29 -1.61l1.96 -1.93l5.23 3.86l-1.96 -3.54l-3.60 -5.47l0.33 -4.50h-0.98 0.00l-1.63 -2.90l-2.62 -2.25l-7.84 -0.32l-0.33 -1.29l1.96 -1.61h2.29 0.00l0.33 -1.29l-3.60 -3.22L677.44 1087.45L677.44 1087.45z', '2017-09-23 02:58:21', '2020-11-17 08:12:20', NULL),
(3029, 6, 3024, 'Munshiganj Sadar Upa', NULL, 'মুন্সিগঞ্জ সদর উপজেলা', NULL, NULL, NULL, '2015-01-27 19:35:44', '2020-11-17 08:12:20', NULL),
(3030, 6, 3024, 'Srinagar Upazila', NULL, 'শ্রীনগর উপজেলা', NULL, NULL, NULL, '2015-01-27 19:35:44', '2020-11-17 08:12:20', NULL),
(3031, 6, 3024, 'Sirajdikhan Upazila', NULL, 'সিরাজদিখান উপজেলা', NULL, NULL, NULL, '2015-01-27 19:35:44', '2020-11-17 08:12:20', NULL),
(3032, 6, 3024, 'Louhjong Upazila', NULL, 'লৌহজং উপজেলা', NULL, NULL, NULL, '2015-01-27 19:35:44', '2020-11-17 08:12:20', NULL),
(3033, 6, 3024, 'Gazaria Upazila', NULL, 'গজারিয়া উপজেলা', NULL, NULL, NULL, '2015-01-27 19:35:44', '2020-11-17 08:12:20', NULL),
(3034, 6, 3024, 'Tongibari upazila', NULL, 'টংগিবাড়ী উপজেলা', NULL, NULL, NULL, '2015-01-27 19:35:44', '2020-11-17 08:12:20', NULL),
(3035, 6, 3025, 'Rajbari Sadar Upazil', NULL, 'রাজবাড়ী সদর উপজেলা', NULL, NULL, NULL, '2015-01-27 19:35:44', '2020-11-17 08:12:20', NULL),
(3036, 6, 3025, 'Goalanda Upazila', NULL, 'গোয়ালন্দ উপজেলা', NULL, NULL, NULL, '2015-01-27 19:35:44', '2020-11-17 08:12:20', NULL),
(3037, 6, 3025, 'Pangsha Upazila', NULL, 'পাংশা উপজেলা', NULL, NULL, NULL, '2015-01-27 19:35:44', '2020-11-17 08:12:20', NULL),
(3038, 6, 3025, 'Baliakandi Upazila', NULL, 'বালিয়াকান্দি উপজেলা', NULL, NULL, NULL, '2015-01-27 19:35:44', '2020-11-17 08:12:20', NULL);
INSERT INTO `areas` (`id`, `type_id`, `parent_id`, `name`, `region_id`, `eng_name`, `map_lat`, `map_lon`, `map_path`, `created_at`, `updated_at`, `deleted_at`) VALUES
(3039, 6, 3025, 'Kalukhali upazila', NULL, 'কালুখালী উপজেলা', NULL, NULL, NULL, '2015-01-27 19:35:44', '2020-11-17 08:12:20', NULL),
(3040, 6, 991, 'Shariatpur Sadar Upazila', NULL, 'শরিয়তপুর সদর উপজেলা', NULL, NULL, NULL, '2015-01-27 19:35:44', '2020-11-17 08:12:20', NULL),
(3041, 6, 991, 'Naria Upazila', NULL, 'নড়িয়া উপজেলা', NULL, NULL, NULL, '2015-01-27 19:35:44', '2020-11-17 08:12:20', NULL),
(3042, 6, 991, 'Jajira Upazila', NULL, 'জাজিরা উপজেলা', NULL, NULL, NULL, '2015-01-27 19:35:44', '2020-11-17 08:12:20', NULL),
(3043, 6, 991, 'Gosairhat Upazila', NULL, 'গোসাইরহাট উপজেলা', NULL, NULL, NULL, '2015-01-27 19:35:44', '2020-11-17 08:12:20', NULL),
(3044, 6, 991, 'Vedharganj Upazila', NULL, 'ভেদরগঞ্জ উপজেলা', NULL, NULL, NULL, '2015-01-27 19:35:44', '2020-11-17 08:12:20', NULL),
(3045, 6, 991, 'Damudya Upazila', NULL, 'ডামুড্যা উপজেলা', NULL, NULL, NULL, '2015-01-27 19:35:44', '2020-11-17 08:12:20', NULL),
(3046, 6, 3026, 'Madaripur Sadar Upaz', NULL, 'মাদারীপুর সদর উপজেলা', NULL, NULL, NULL, '2015-01-27 19:35:44', '2020-11-17 08:12:20', NULL),
(3047, 6, 3026, 'Shibchar Upazila', NULL, 'শিবচর উপজেলা', NULL, NULL, NULL, '2015-01-27 19:35:44', '2020-11-17 08:12:20', NULL),
(3048, 6, 3026, 'Kalkini Upazila', NULL, 'কালকিনি উপজেলা', NULL, NULL, NULL, '2015-01-27 19:35:44', '2020-11-17 08:12:20', NULL),
(3049, 6, 3026, 'Rajoir Upazila', NULL, 'রাজৈর উপজেলা', NULL, NULL, NULL, '2015-01-27 19:35:44', '2020-11-17 08:12:20', NULL),
(3050, 6, 3027, 'Gopalganj Sadar Upazila', NULL, 'গোপালগঞ্জ সদর উপজেলা', NULL, NULL, NULL, '2015-01-27 19:35:44', '2020-11-17 08:12:20', NULL),
(3051, 6, 3027, 'Kashiani Upazila', NULL, 'কাশিয়ানী উপজেলা', NULL, NULL, NULL, '2015-01-27 19:35:44', '2020-11-17 08:12:20', NULL),
(3052, 6, 3027, 'Tungipara Upazila', NULL, 'টুংগীপাড়া উপজেলা', NULL, NULL, NULL, '2015-01-27 19:35:44', '2020-11-17 08:12:20', NULL),
(3053, 6, 3027, 'Kotalipara Upazila', NULL, 'কোটালীপাড়া উপজেলা', NULL, NULL, NULL, '2015-01-27 19:35:44', '2020-11-17 08:12:20', NULL),
(3054, 6, 3027, 'Muksudpur Upazila', NULL, 'মুকসুদপুর উপজেলা', NULL, NULL, NULL, '2015-01-27 19:35:44', '2020-11-17 08:12:20', NULL),
(3055, 6, 3028, 'Faridpur Sadar Upazila', NULL, 'ফরিদপুর সদর উপজেলা', NULL, NULL, NULL, '2015-01-27 19:35:44', '2020-11-17 08:12:20', NULL),
(3056, 6, 3028, 'Alfadanga Upazila', NULL, 'আলফাডাঙ্গা উপজেলা', NULL, NULL, NULL, '2015-01-27 19:35:44', '2020-11-17 08:12:20', NULL),
(3057, 6, 3028, 'Boalmari Upazila', NULL, 'বোয়ালমারী উপজেলা', NULL, NULL, NULL, '2015-01-27 19:35:44', '2020-11-17 08:12:20', NULL),
(3058, 6, 3028, 'Sadarpur Upazila', NULL, 'সদরপুর উপজেলা', NULL, NULL, NULL, '2015-01-27 19:35:44', '2020-11-17 08:12:20', NULL),
(3059, 6, 3028, 'Nagarkanda Upazila', NULL, 'নগরকান্দা উপজেলা', NULL, NULL, NULL, '2015-01-27 19:35:44', '2020-11-17 08:12:20', NULL),
(3060, 6, 3028, 'Bhanga Upazila', NULL, 'ভাঙ্গা উপজেলা', NULL, NULL, NULL, '2015-01-27 19:35:44', '2020-11-17 08:12:20', NULL),
(3061, 6, 3028, 'Charbhadrasan Upazil', NULL, 'চরভদ্রাসন উপজেলা', NULL, NULL, NULL, '2015-01-27 19:35:44', '2020-11-17 08:12:20', NULL),
(3062, 6, 3028, 'Madhukhali Upazila', NULL, 'মধুখালী উপজেলা', NULL, NULL, NULL, '2015-01-27 19:35:44', '2020-11-17 08:12:20', NULL),
(3063, 6, 3028, 'Saltha Upazila', NULL, 'সালথা উপজেলা', NULL, NULL, NULL, '2015-01-27 19:35:44', '2020-11-17 08:12:20', NULL),
(3105, 6, 1005, 'Test site', NULL, 'টেস্ট সাইট', NULL, NULL, NULL, '2015-01-27 19:35:44', '2020-11-17 08:12:20', NULL),
(3107, 5, 66, 'Borguna District', 6592, 'বরগুনা জেলা', '34.87675264717151', '-96.85198698666875', 'M762.41 1229.04l6.54 0.64l-0.65 3.22l6.54 -1.93v0.00 -1.29l3.92 -2.57l4.58 1.93l-1.31 5.15l-4.58 0.64l-4.58 6.44l1.96 5.15l-1.31 3.86l-6.54 1.29l-2.62 4.51l-0.65 5.15l1.96 2.57l5.88 -5.79l3.27 -1.29l2.61 1.29l11.11 0.65l0.65 4.50l-6.54 6.44l-1.96 3.86l4.58 2.57v0.00 3.86l-4.58 7.72l-3.92 4.50v0.00 9.65l-6.54 7.72l0.65 7.08l-5.88 1.93l-5.23 3.22l-5.88 -1.29l-4.58 -3.86l-8.50 -1.93l1.96 -3.22l-2.61 -3.22c0.00 0.00 -2.61 -7.08 0.65 -7.08s7.84 -2.57 7.84 -2.57l-4.58 -1.93l-4.58 -0.65l0.65 -6.44l3.27 -3.86l-1.96 -3.22l-1.96 4.50l-3.27 0.65l-0.65 4.50l1.96 1.93l-3.27 3.86l-5.23 -8.37l-1.31 -6.44v0.00 -9.01l0.00 0.00l6.54 -3.22l3.27 -3.86l2.61 1.29l4.58 -9.65l1.96 -5.15l-1.31 -5.79l6.54 0.64l4.58 -5.79l3.92 -2.57l0.65 -5.15L762.41 1229.04L762.41 1229.04z', '2017-09-23 02:39:02', '2020-11-17 08:12:20', NULL),
(3108, 5, 36, 'Lakshmipur District', 6598, 'লক্ষ্মীপুর  জেলা', '35.90445576065896', '-93.87633727782955', 'M816.41 1164.54l1.39 4.55l6.01 2.27l0.92 3.64l1.85 3.64l6.01 5.01l2.31 8.65l4.16 9.56l1.85 7.28l8.32 8.19l2.77 5.01l6.47 2.28l7.40 -5.46l-1.39 -6.37l-5.08 -8.19l0.46 -2.73l-7.40 -10.92l-0.46 -7.28l4.62 -2.27l1.39 -5.46v0.00 -7.74l-4.62 -3.19l-5.55 -2.27l-0.46 -1.82l3.70 -1.37l-1.85 -3.19l2.31 0.46l4.62 -10.47l-2.77 -1.36h-4.62 0.00l-1.85 -3.64l-5.08 0.91l-2.77 9.10l-7.40 2.27l-0.92 -0.91l-6.01 3.19l-1.85 -2.73h-1.39 0.00l-1.39 1.36v0.00 8.65L816.41 1164.54L816.41 1164.54z', '2017-09-23 03:05:44', '2020-11-17 08:12:20', NULL),
(3134, 3, 0, 'Department of Land Records and Survey', NULL, 'ভূমি রেকর্ড ও জরিপ অধিদপ্তর', NULL, NULL, NULL, '2015-01-27 19:35:44', '2020-11-17 08:12:20', NULL),
(3152, 5, 36, 'Chittagong District', 6598, 'চট্টগ্রাম জেলা', '34.89653690841774', '-89.67466807080918', 'M955.88 1265.73l-3.92 -2.57l-1.31 -7.72l-0.65 -7.08v0.00 -2.57l-4.58 -7.08l-3.27 -9.01l-5.23 -4.50l-3.92 -5.79l-2.61 -5.15v0.00 -1.93l-2.61 -3.22l-3.27 -2.57l-9.80 -7.08l1.96 -3.22l-4.58 -4.51l0.65 -3.86l1.96 -7.72l6.54 -2.58h2.62 0.00l0.65 -6.44h5.23 0.00l4.58 1.29l2.62 -3.22l7.84 -1.93l3.92 1.93l1.31 3.86l-2.61 4.50l3.27 4.51l3.27 6.44l3.27 5.79l2.61 4.50v0.00 -5.15h5.23 0.00l2.61 1.93v0.00 5.79l4.58 0.64l1.31 6.44l0.65 7.08l1.96 5.15l-0.65 4.50l4.58 3.22l1.31 -3.22l0.65 -3.22l-1.96 -2.58l0.65 -5.79l5.23 -1.93l5.23 5.79l4.58 10.94l1.31 7.72l-4.58 8.37l7.19 5.15l-1.31 5.15l-0.65 3.22l1.96 7.72l0.65 3.22v0.00 3.22l1.96 3.22l-1.31 3.86l1.31 6.44l3.92 7.72l-1.96 3.86l-1.96 2.57l1.96 4.51l-4.57 1.29l-3.92 -1.29l1.31 -3.86h-5.88 0.00l-3.92 3.86l-7.19 1.29l-3.92 3.86l-6.54 3.86l-1.31 -5.15l3.27 -4.51l-5.23 -4.50v0.00 -5.79l-3.92 -5.15l-1.31 -9.01l-3.27 -3.22L955.88 1265.73L955.88 1265.73z', '2017-09-23 03:05:46', '2020-11-17 08:12:20', NULL),
(3190, 6, 1002, 'Rangamati Sadar Upazila', NULL, 'রাঙ্গামাটি সদর উপজেলা', NULL, NULL, NULL, '2015-01-27 19:35:44', '2020-11-17 08:12:20', NULL),
(3191, 6, 1002, 'Kaptai Upazila', NULL, 'কাপ্তাই উপজেলা', NULL, NULL, NULL, '2015-01-27 19:35:44', '2020-11-17 08:12:20', NULL),
(3192, 6, 1002, 'Kaukhali Upazila\r\n', NULL, 'কাউখালী উপজেলা', NULL, NULL, NULL, '2015-01-27 19:35:44', '2020-11-17 08:12:20', NULL),
(3193, 6, 1002, 'Baghaichhari Upazila', NULL, 'বাঘাইছড়ি উপজেলা', NULL, NULL, NULL, '2015-01-27 19:35:44', '2020-11-17 08:12:20', NULL),
(3237, 5, 36, 'Cox_s_Bazar District', 6598, 'কক্সবাজার জেলা', '33.39735057970908', '-89.28778441739507', 'M968.47 1313.81l10.17 -5.46l4.62 -3.64l4.62 -0.91l6.47 10.92l7.39 3.64l2.77 -0.91l1.85 -4.55l4.62 6.37v0.00 2.73h-4.62 0.00l-0.92 6.37h-8.32 0.00l-3.70 4.55l3.70 9.10l7.39 7.28l-2.77 4.55l4.62 7.28l3.70 4.55l-1.85 6.37h-3.70 0.00l-0.93 -3.64l-6.47 7.28l1.85 8.19l5.90 6.74l0.92 4.53l-4.42 5.29l4.05 7.28l6.84 8.56l-4.04 5.09l4.60 7.28l1.90 5.79l-1.78 3.60l2.66 5.91l3.70 9.10l-0.92 4.55l-2.77 -2.73l-3.70 -10.01l-4.62 -5.46l-3.70 -6.37l-2.77 -6.37v0.00 -5.46l-15.71 -18.20l-1.85 -14.56v0.00 -6.37l-2.77 -6.37l-5.55 -7.28l-0.93 -3.64l4.62 -5.46l0.92 -6.37l1.85 -5.46l1.85 -8.19l-0.93 -10.01l-3.70 8.19l-4.62 -2.73l3.70 6.37l2.77 7.28l-4.62 9.10l0.93 0.91l-9.24 -0.91l0.93 4.55h-5.55 0.00l-0.92 -4.55l2.77 -8.19l1.85 -7.28l-4.62 -3.64L968.47 1313.81L968.47 1313.81z', '2017-09-23 03:05:47', '2020-11-17 08:12:20', NULL),
(3238, 5, 36, 'Khagrachari District', 6599, 'খাগড়াছড়ি জেলা', '33.86276593026216', '-87.85416630376045', 'M973.09 1205.50l6.47 -8.19v0.00 -6.37l2.77 -9.10l12.94 -9.10l-3.70 -17.29l9.24 -4.55l-1.85 -8.19l-4.62 -11.83l1.85 -7.28l-6.47 -6.37l9.24 -10.92l-11.09 -24.57l-5.55 0.91l-6.47 -10.92h-2.77 0.00l-3.70 3.64l3.70 15.47l1.85 10.01l-2.77 3.64v0.00 5.46l-5.55 -1.82l-6.47 5.46l-6.47 10.92l-2.77 8.19l4.62 8.19l0.81 11.51l-1.14 2.94l-3.37 0.11v0.00 2.73l-7.40 9.10l5.55 4.55l-1.85 3.64l0.92 3.64l5.55 11.83l5.55 7.28l0.93 -3.64l6.47 0.91l0.92 5.46L973.09 1205.50L973.09 1205.50z', '2017-09-23 03:05:10', '2020-11-17 08:12:20', NULL),
(3240, 5, 65, 'Bagerhat District', 6591, 'বাগেরহাট জেলা', '35.27847134486138', '-99.8182926293959', 'M709.47 1169.83l5.23 -1.93l-0.65 5.79l5.23 1.93l-3.27 3.22l0.65 3.22l4.58 3.22l5.88 -1.93l3.92 4.50l0.65 9.01l-4.58 1.93l-2.61 1.29l-0.65 4.50h6.54 0.00l1.31 1.29v0.00 7.08l2.62 6.44l-1.96 3.22l2.62 8.37l-5.23 -2.58l-3.92 -1.93l-1.31 1.29l7.19 5.15v0.00 1.93h-1.96 0.00l-3.27 3.86v0.00 8.37l-3.92 6.44l-1.31 3.86l-0.65 7.72l3.92 5.79l1.31 7.08l-5.23 7.08l1.96 4.51l-0.65 8.37l2.62 7.08v0.00 3.86h-2.62 0.00v0.00 3.86l-9.15 5.79l-3.27 -2.57l-7.84 -0.64l-4.58 1.29l8.50 6.44l-1.96 3.86h-7.19 0.00l-5.23 -1.29l3.27 6.44l-4.58 1.29l-5.23 -1.93l1.96 -4.50l-3.92 -5.79v0.00 -5.15l-0.65 -5.15l1.31 -10.30l-1.31 -5.79l3.27 -9.01l0.65 -10.94l-2.61 -9.65l7.84 -6.44l4.58 -3.22l1.31 -10.30l-5.23 -10.30l-1.96 -1.93v0.00 -4.51l-3.27 -6.44l-1.31 -8.37l5.88 -9.65l2.61 -7.72h3.92 0.00l4.58 -5.15v0.00 -4.50l-2.62 -1.93v0.00 -3.86l7.19 0.64l1.96 -5.15L709.47 1169.83L709.47 1169.83z', '2017-09-23 02:26:35', '2020-11-17 08:12:20', NULL),
(3245, 5, 36, 'Bandarban District', 6599, 'বান্দরবান জেলা', '33.86276593026216', '-87.85416630376045', 'M1005.44 1313.81l-3.70 4.55l-6.47 -2.73l-1.85 -3.64l-5.55 -8.19l2.77 -3.64h4.62 0.00l1.85 3.64l6.47 0.91v0.00 -3.64l2.77 -7.28l-2.77 -4.55l-1.85 -9.10l-0.92 -4.55l-1.85 -9.10l-1.85 -6.37l1.85 -9.10l5.55 1.82l5.55 -2.73h9.24 0.00l5.55 3.64l8.32 4.55l4.62 10.01l4.62 12.74l-1.85 3.64l5.55 11.83l5.55 15.47l0.93 4.55l-0.93 10.01v0.00 6.37l-0.92 7.28l0.92 9.10l2.77 10.01l0.93 10.01l0.92 8.19l4.62 8.19l-4.62 1.82l-4.62 5.46l-2.77 -1.82l-0.93 -4.55l-2.77 -6.37l0.92 -3.64l-2.77 -0.91l-2.77 1.82l-4.62 0.91l-5.55 -1.82l-0.93 -3.64l-3.70 -9.10l-2.77 -1.82l-3.70 4.55l-1.85 3.64l-3.70 -0.91l-4.62 8.19l-2.77 0.91l-2.77 3.64l0.93 7.28l-2.77 6.37l-0.92 -9.10l-2.77 -7.28l-0.92 -3.64l5.55 -6.37l3.70 3.64l2.77 -5.46l-3.70 -7.28l-3.70 -6.37l1.85 -3.64l-4.62 -4.55l-1.85 -5.46l-2.77 -7.28l4.62 -4.55h7.40 0.00v0.00 -5.46h4.62 0.00v0.00 -2.73L1005.44 1313.81L1005.44 1313.81z', '2017-09-23 03:05:11', '2020-11-17 08:12:20', NULL),
(3247, 5, 65, 'Jhinaidaha District', 6590, 'ঝিনাইদহ জেলা', '37.11193391933892', '-101.03885639576517', 'M589.94 1116.76l5.55 1.37l2.77 -1.82l1.85 2.28l3.70 0.45l0.46 -5.01l3.23 0.46l6.01 -3.64l-0.46 -2.27l-3.70 -2.28l1.85 -0.91l0.93 -6.37l-1.39 -2.27l-2.31 -1.36l2.77 -1.36l5.55 2.27l0.46 -2.27l-1.85 -2.27l-0.46 -1.36h2.77 0.00l3.70 -6.37l-0.46 -7.28l3.23 -1.36l1.39 -3.19h2.31 0.00v0.00 -1.82l-2.31 -2.73l0.46 -1.82l2.77 1.36v0.00 2.28l2.77 0.91l0.46 2.73h1.85 0.00l1.85 -2.73l3.23 1.37l2.31 -3.19h4.16 0.00l1.39 -2.73l5.55 3.88l3.70 0.67l0.46 1.82l6.47 5.46l0.46 2.73l-0.93 1.36h-1.39 0.00l-0.92 1.82l1.39 1.37l0.46 1.82l-1.39 0.46v0.00 2.73l1.85 0.91l-0.46 0.91h-2.31 0.00l-2.31 3.64l0.46 5.01l-0.46 5.01l-1.39 2.27l-1.85 1.82l-2.31 -0.46l-2.77 5.46l-0.46 3.19l1.85 0.46l-1.85 1.36v0.00 2.27l-2.31 2.28l-1.85 -1.82l-0.92 1.36l1.39 3.64l-3.23 1.37l-7.86 1.36l-2.31 -5.46h-3.70 0.00l-1.85 -4.10l2.77 -1.82l-4.62 -1.82l-1.85 -1.36l-1.39 1.36l2.77 3.64h-4.62 0.00l-3.70 1.82l2.77 2.73l2.77 1.36l-3.70 0.46l-6.01 -1.82l-1.39 0.46l2.77 1.82l-1.39 3.19l-1.39 2.27l-0.46 2.27h-7.86 0.00l-4.62 -2.27v0.00 3.19l-4.62 -0.46l-0.92 -2.27l-3.70 -0.46l-2.31 -1.36v0.00 -2.27l-2.77 -1.82v0.00 -2.27l0.92 -1.82l3.70 -0.91l-0.46 -2.27L589.94 1116.76L589.94 1116.76z', '2017-09-23 02:24:25', '2020-11-17 08:12:20', NULL),
(3251, 6, 3237, 'Cox\'s Bazar Sadar Upazila', NULL, 'কক্সবাজার সদর উপজেলা', NULL, NULL, NULL, '2015-01-27 19:35:44', '2020-11-17 08:12:20', NULL),
(3252, 6, 3237, 'Chakaria Upazila', NULL, 'চকরিয়া উপজেলা', NULL, NULL, NULL, '2015-01-27 19:35:44', '2020-11-17 08:12:20', NULL),
(3253, 6, 3237, 'Kutubdia Upazila\r\n', NULL, 'কুতুবদিয়া উপজেলা', NULL, NULL, NULL, '2015-01-27 19:35:44', '2020-11-17 08:12:20', NULL),
(3254, 6, 3237, 'Ukhia Upazila', NULL, 'উখিয়া উপজেলা', NULL, NULL, NULL, '2015-01-27 19:35:44', '2020-11-17 08:12:20', NULL),
(3255, 6, 3237, 'Maheshkhali Upazila', NULL, 'মহেশখালী উপজেলা', NULL, NULL, NULL, '2015-01-27 19:35:44', '2020-11-17 08:12:20', NULL),
(3256, 6, 3237, 'Pekua Upazila', NULL, 'পেকুয়া উপজেলা', NULL, NULL, NULL, '2015-01-27 19:35:44', '2020-11-17 08:12:20', NULL),
(3257, 6, 3237, 'Ramu Upazila', NULL, 'রামু উপজেলা', NULL, NULL, NULL, '2015-01-27 19:35:44', '2020-11-17 08:12:20', NULL),
(3258, 6, 3237, 'Teknaf Upazila', NULL, 'টেকনাফ উপজেলা', NULL, NULL, NULL, '2015-01-27 19:35:44', '2020-11-17 08:12:20', NULL),
(3260, 6, 3240, 'Fakirhat Upazila', NULL, 'ফকিরহাট উপজেলা', NULL, NULL, NULL, '2015-01-27 19:35:44', '2020-11-17 08:12:20', NULL),
(3261, 6, 3240, '\r\nBagerhat Sadar Upazila', NULL, 'বাগেরহাট সদর উপজেলা', NULL, NULL, NULL, '2015-01-27 19:35:44', '2020-11-17 08:12:20', NULL),
(3262, 6, 3240, 'Mollahat Upazila', NULL, 'মোল্লাহাট উপজেলা', NULL, NULL, NULL, '2015-01-27 19:35:44', '2020-11-17 08:12:20', NULL),
(3263, 6, 3240, 'Sharankhola Upazila', NULL, 'শরণখোলা উপজেলা', NULL, NULL, NULL, '2015-01-27 19:35:44', '2020-11-17 08:12:20', NULL),
(3264, 6, 3240, 'Rampal Upazila', NULL, 'রামপাল উপজেলা', NULL, NULL, NULL, '2015-01-27 19:35:44', '2020-11-17 08:12:20', NULL),
(3265, 6, 3240, 'Morelganj Upazila', NULL, 'মোড়েলগঞ্জ উপজেলা', NULL, NULL, NULL, '2015-01-27 19:35:44', '2020-11-17 08:12:20', NULL),
(3266, 6, 3240, 'Kachua Upazila', NULL, 'কচুয়া উপজেলা', NULL, NULL, NULL, '2015-01-27 19:35:44', '2020-11-17 08:12:20', NULL),
(3267, 6, 3240, 'Mongla Upazila', NULL, 'মোংলা উপজেলা', NULL, NULL, NULL, '2015-01-27 19:35:44', '2020-11-17 08:12:20', NULL),
(3268, 6, 3240, 'Chitalmari Upazila', NULL, 'চিতলমারী উপজেলা', NULL, NULL, NULL, '2015-01-27 19:35:44', '2020-11-17 08:12:20', NULL),
(3269, 6, 3245, 'Bandarban Sadar Upazila', NULL, 'বান্দরবান সদর উপজেলা', NULL, NULL, NULL, '2015-01-27 19:35:44', '2020-11-17 08:12:20', NULL),
(3270, 6, 3238, 'Khagrachhari Sadar Upazila', NULL, 'খাগড়াছড়ি সদর উপজেলা', NULL, NULL, NULL, '2015-01-27 19:35:44', '2020-11-17 08:12:20', NULL),
(3271, 6, 997, 'Pirojpur Sadar Upazila', NULL, 'পিরোজপুর সদর উপজেলা', NULL, NULL, NULL, '2015-01-27 19:35:44', '2020-11-17 08:12:20', NULL),
(3272, 6, 997, 'Nazirpur Upazila', NULL, 'নাজিরপুর উপজেলা', NULL, NULL, NULL, '2015-01-27 19:35:44', '2020-11-17 08:12:20', NULL),
(3273, 6, 997, 'Kaukhali Upazila', NULL, 'কাউখালী উপজেলা', NULL, NULL, NULL, '2015-01-27 19:35:44', '2020-11-17 08:12:20', NULL),
(3274, 6, 997, 'Jiangar Upazila', NULL, 'জিয়ানগর উপজেলা', NULL, NULL, NULL, '2015-01-27 19:35:44', '2020-11-17 08:12:20', NULL),
(3275, 6, 997, 'Bhandaria Upazila', NULL, 'ভান্ডারিয়া উপজেলা', NULL, NULL, NULL, '2015-01-27 19:35:44', '2020-11-17 08:12:20', NULL),
(3276, 6, 997, 'Mathbaria Upazila', NULL, 'মঠবাড়ীয়া উপজেলা', NULL, NULL, NULL, '2015-01-27 19:35:44', '2020-11-17 08:12:20', NULL),
(3277, 6, 997, 'Nesharabad Upazila', NULL, 'নেছারাবাদ উপজেলা', NULL, NULL, NULL, '2015-01-27 19:35:44', '2020-11-17 08:12:20', NULL),
(3278, 6, 3238, 'Dighinala Upazila', NULL, 'দিঘীনালা উপজেলা', NULL, NULL, NULL, '2015-01-27 19:35:44', '2020-11-17 08:12:20', NULL),
(3279, 6, 3238, 'Panchhari Upazila', NULL, 'পানছড়ি উপজেলা', NULL, NULL, NULL, '2015-01-27 19:35:44', '2020-11-17 08:12:20', NULL),
(3280, 6, 3238, 'Laxichhari Upazila', NULL, 'লক্ষীছড়ি উপজেলা', NULL, NULL, NULL, '2015-01-27 19:35:44', '2020-11-17 08:12:20', NULL),
(3281, 6, 3238, 'Mahalchhari Upazila', NULL, 'মহালছড়ি উপজেলা', NULL, NULL, NULL, '2015-01-27 19:35:44', '2020-11-17 08:12:20', NULL),
(3282, 6, 3238, 'Manikchhari upazila', NULL, 'মানিকছড়ি উপজেলা', NULL, NULL, NULL, '2015-01-27 19:35:44', '2020-11-17 08:12:20', NULL),
(3283, 6, 3247, 'Jhenaidah Sadar Upazila', NULL, 'ঝিনাইদহ সদর উপজেলা', NULL, NULL, NULL, '2015-01-27 19:35:44', '2020-11-17 08:12:20', NULL),
(3284, 6, 3247, 'Shailkupa Upazila', NULL, 'শৈলকুপা উপজেলা', NULL, NULL, NULL, '2015-01-27 19:35:44', '2020-11-17 08:12:20', NULL),
(3285, 6, 3247, 'Harinakundu Upazila', NULL, 'হরিণাকুন্ডু উপজেলা', NULL, NULL, NULL, '2015-01-27 19:35:44', '2020-11-17 08:12:20', NULL),
(3286, 6, 3247, 'Kaliganj Upazila', NULL, 'কালীগঞ্জ উপজেলা', NULL, NULL, NULL, '2015-01-27 19:35:44', '2020-11-17 08:12:20', NULL),
(3287, 6, 3247, 'Kotchandpur Upazila', NULL, 'কোটচাঁদপুর উপজেলা', NULL, NULL, NULL, '2015-01-27 19:35:44', '2020-11-17 08:12:20', NULL),
(3288, 6, 3247, 'Maheshpur Upazila', NULL, 'মহেশপুর উপজেলা', NULL, NULL, NULL, '2015-01-27 19:35:44', '2020-11-17 08:12:20', NULL),
(3289, 6, 3238, 'Ramgarh Upazila', NULL, 'রামগড় উপজেলা', NULL, NULL, NULL, '2015-01-27 19:35:44', '2020-11-17 08:12:20', NULL),
(3290, 6, 3238, 'Matiranga Upazila', NULL, 'মাটিরাঙ্গা উপজেলা', NULL, NULL, NULL, '2015-01-27 19:35:44', '2020-11-17 08:12:20', NULL),
(3291, 6, 3245, 'Alikadam Upazila', NULL, 'আলীকদম উপজেলা', NULL, NULL, NULL, '2015-01-27 19:35:44', '2020-11-17 08:12:20', NULL),
(3292, 6, 3245, 'Naikhyangchhari Upazila', NULL, 'নাইক্ষ্যংছড়ি উপজেলা', NULL, NULL, NULL, '2015-01-27 19:35:44', '2020-11-17 08:12:20', NULL),
(3293, 6, 3245, 'Roangchhari Upazila', NULL, 'রোয়াংছড়ি উপজেলা', NULL, NULL, NULL, '2015-01-27 19:35:44', '2020-11-17 08:12:20', NULL),
(3294, 6, 3245, 'Lama Upazila', NULL, 'লামা উপজেলা', NULL, NULL, NULL, '2015-01-27 19:35:44', '2020-11-17 08:12:20', NULL),
(3295, 6, 3245, 'Ruma Upazila', NULL, 'রুমা উপজেলা', NULL, NULL, NULL, '2015-01-27 19:35:44', '2020-11-17 08:12:20', NULL),
(3296, 6, 3245, 'Thanchi Upazila', NULL, 'থানচি উপজেলা', NULL, NULL, NULL, '2015-01-27 19:35:44', '2020-11-17 08:12:20', NULL),
(3323, 5, 69, 'Kurigram District', 6586, 'কুড়িগ্রাম জেলা', '40.78456394693304', '-98.73074238398436', 'M680.99 821.41v0.00 -3.19l-4.16 -3.64l4.16 -0.46l-2.77 -2.73h-3.23 0.00l-1.39 -4.10l3.23 -2.73v0.00 3.19l2.31 1.82l4.16 -3.64l0.46 -5.92l6.01 -5.01l-0.46 -1.82l-4.16 -0.46v0.00 -3.19l-1.85 1.36l-4.62 -6.37h-3.70 0.00l1.39 -8.19h6.47 0.00l0.92 1.82l-0.46 2.27l2.77 2.73l0.93 -1.82l2.31 -0.91v0.00 -2.27l-2.31 -0.46l-0.46 -4.10l5.08 -3.64h4.16 0.00v0.00 -2.28l-1.39 -0.91l-0.46 -3.64l-1.39 0.46l-0.92 1.82l-0.93 1.36l-1.85 -0.91l1.85 -3.19l-0.92 -1.82l-0.92 -1.82v0.00 -2.28h1.85 0.00l2.77 -3.19l0.92 -2.27l-0.46 -2.73l1.39 -1.36h4.16 0.00l2.77 2.28l-1.85 1.82l-0.46 2.27l-0.46 0.91l1.39 2.73l1.85 -1.36h5.08 0.00l1.39 4.10l4.62 7.74l-1.85 0.91v0.00 2.73l2.77 0.91l2.31 6.83h4.62 0.00l-4.62 4.10l4.62 1.36l3.23 1.37v0.00 1.36l-2.31 2.27l-4.16 3.64l0.46 5.01l-2.31 3.19l1.85 3.19l1.85 3.19l-2.77 2.73v0.00 2.73l2.31 0.46l-0.92 3.64l4.16 3.19v0.00 11.83l-2.31 4.55l-0.46 7.28l-0.92 4.10l-1.39 1.36l-0.46 5.01l-2.31 -1.36l-3.23 -1.82v0.00 2.73l1.85 1.36l-4.16 3.19l-1.85 -0.46v0.00 -1.82l-0.92 0.91l-3.70 -0.46v0.00 -2.27l1.85 -0.91l-1.85 -0.46v0.00 -2.27l1.39 -3.64l-5.55 -1.36l3.23 -1.36l-1.85 -2.73v0.00 -1.82l-4.16 -3.64h-3.23 0.00l-0.92 2.27l-1.39 -3.64l-5.54 -2.73l-1.85 -5.00l-2.31 2.28z', '2017-09-23 02:12:50', '2020-11-17 08:12:20', NULL),
(3440, 6, 3048, 'Alinagar Union', NULL, 'আলীনগর ইউনিয়ন', NULL, NULL, NULL, '2015-01-27 19:35:44', '2020-11-17 08:12:20', NULL),
(3458, 6, 3152, 'Rangunia Upazila', NULL, 'রাঙ্গুনিয়া উপজেলা', NULL, NULL, NULL, '2015-01-27 19:35:44', '2020-11-17 08:12:20', NULL),
(3599, 6, 3051, 'Maheshpur Union', NULL, 'মহেশপুর ইউনিয়ন', NULL, NULL, NULL, '2015-01-27 19:35:44', '2020-11-17 08:12:20', NULL),
(3840, 6, 1002, 'Barkal Upazila', NULL, 'বরকল উপজেলা', NULL, NULL, NULL, '2015-01-27 19:35:44', '2020-11-17 08:12:20', NULL),
(3841, 6, 1002, 'Langadu Upazila', NULL, 'লংগদু উপজেলা', NULL, NULL, NULL, '2015-01-27 19:35:44', '2020-11-17 08:12:20', NULL),
(3842, 6, 1002, 'Rajsthali Upazila', NULL, 'রাজস্থলী উপজেলা', NULL, NULL, NULL, '2015-01-27 19:35:44', '2020-11-17 08:12:20', NULL),
(3857, 6, 2258, 'Saturia Upazila', NULL, 'সাটুরিয়া উপজেলা', NULL, NULL, NULL, '2015-01-27 19:35:44', '2020-11-17 08:12:20', NULL),
(3863, 6, 2258, 'Manikganj Sadar Upazila', NULL, 'মানিকগঞ্জ সদর উপজেলা', NULL, NULL, NULL, '2015-01-27 19:35:44', '2020-11-17 08:12:20', NULL),
(3865, 6, 2258, 'Ghior Upazila', NULL, 'ঘিওর উপজেলা', NULL, NULL, NULL, '2015-01-27 19:35:44', '2020-11-17 08:12:20', NULL),
(3866, 6, 2258, 'Shibalaya Upazila', NULL, 'শিবালয় উপজেলা', NULL, NULL, NULL, '2015-01-27 19:35:44', '2020-11-17 08:12:20', NULL),
(3868, 6, 2258, 'Daulatpur Upazila ', NULL, 'দৌলতপুর উপজেলা', NULL, NULL, NULL, '2015-01-27 19:35:44', '2020-11-17 08:12:20', NULL),
(3869, 6, 2258, 'Singair Upazila ', NULL, 'সিংগাইর উপজেলা', NULL, NULL, NULL, '2015-01-27 19:35:44', '2020-11-17 08:12:20', NULL),
(3874, 6, 2257, 'Dewanganj Upazila ', NULL, 'দেওয়ানগঞ্জ উপজেলা', NULL, NULL, NULL, '2015-01-27 19:35:44', '2020-11-17 08:12:20', NULL),
(4056, 6, 999, 'Barisal Sadar Upazil', NULL, 'বরিশাল সদর উপজেলা', NULL, NULL, NULL, '2015-01-27 19:35:44', '2020-11-17 08:12:20', NULL),
(4057, 6, 999, 'Bakerganj Upazila', NULL, 'বাকেরগঞ্জ উপজেলা', NULL, NULL, NULL, '2015-01-27 19:35:44', '2020-11-17 08:12:20', NULL),
(4058, 6, 999, 'Babuganj Upazila', NULL, 'বাবুগঞ্জ উপজেলা', NULL, NULL, NULL, '2015-01-27 19:35:44', '2020-11-17 08:12:20', NULL),
(4059, 6, 999, 'Wazirpur Upazila', NULL, 'উজিরপুর  উপজেলা', NULL, NULL, NULL, '2015-01-27 19:35:44', '2020-11-17 08:12:20', NULL),
(4060, 6, 999, 'Banaripara Upazila ', NULL, 'বানারীপাড়া উপজেলা', NULL, NULL, NULL, '2015-01-27 19:35:44', '2020-11-17 08:12:20', NULL),
(4061, 6, 999, 'Gournadi Upazila', NULL, 'গৌরনদী উপজেলা', NULL, NULL, NULL, '2015-01-27 19:35:44', '2020-11-17 08:12:20', NULL),
(4062, 6, 999, 'Agailjhara Upazila', NULL, 'আগৈলঝাড়া উপজেলা', NULL, NULL, NULL, '2015-01-27 19:35:44', '2020-11-17 08:12:20', NULL),
(4063, 6, 999, 'Mehendiganj Upazila', NULL, 'মেহেন্দিগঞ্জ উপজেলা', NULL, NULL, NULL, '2015-01-27 19:35:44', '2020-11-17 08:12:20', NULL),
(4064, 6, 999, 'Muladi Upazila', NULL, 'মুলাদী  উপজেলা', NULL, NULL, NULL, '2015-01-27 19:35:44', '2020-11-17 08:12:20', NULL),
(4065, 6, 999, 'Hijla Upazila', NULL, 'হিজলা উপজেলা', NULL, NULL, NULL, '2015-01-27 19:35:44', '2020-11-17 08:12:20', NULL),
(4188, 6, 2257, 'Sarishabari Upazila', NULL, 'সরিষাবাড়ী উপজেলা', NULL, NULL, NULL, '2015-01-27 19:35:44', '2020-11-17 08:12:20', NULL),
(4190, 6, 2257, 'Madarganj Upazila', NULL, 'মাদারগঞ্জ উপজেলা', NULL, NULL, NULL, '2015-01-27 19:35:44', '2020-11-17 08:12:20', NULL),
(4191, 6, 2257, 'Bakshiganj upazila', NULL, 'বকশীগঞ্জ উপজেলা', NULL, NULL, NULL, '2015-01-27 19:35:44', '2020-11-17 08:12:20', NULL),
(4215, 6, 1006, 'Noakhali Sadar', NULL, 'নোয়াখালী সদর', NULL, NULL, NULL, '2015-01-27 19:35:44', '2020-11-17 08:12:20', NULL),
(4275, 6, 3041, 'Chamta Union', NULL, 'চামটা ইউনিয়ন', NULL, NULL, NULL, '2015-01-27 19:35:44', '2020-11-17 08:12:20', NULL),
(4279, 6, 1006, 'Companyganj Upazila', NULL, 'কোম্পানীগঞ্জ উপজেলা', NULL, NULL, NULL, '2015-01-27 19:35:44', '2020-11-17 08:12:20', NULL),
(4281, 6, 1006, 'Begumganj upazila', NULL, 'বেগমগঞ্জ উপজেলা', NULL, NULL, NULL, '2015-01-27 19:35:44', '2020-11-17 08:12:20', NULL),
(4350, 6, 3107, 'Amtali Upazila', NULL, 'আমতলী উপজেলা', NULL, NULL, NULL, '2015-01-27 19:35:44', '2020-11-17 08:12:20', NULL),
(4386, 6, 987, 'Chagalnaiya Upazila', NULL, 'ছাগলনাইয়া উপজেলা', NULL, NULL, NULL, '2015-01-27 19:35:44', '2020-11-17 08:12:20', NULL),
(4413, 6, 3107, 'Barguna Sadar Upazila', NULL, 'বরগুনা সদর উপজেলা', NULL, NULL, NULL, '2015-01-27 19:35:44', '2020-11-17 08:12:20', NULL),
(4414, 6, 3107, 'Betagi Upazila', NULL, 'বেতাগী উপজেলা', NULL, NULL, NULL, '2015-01-27 19:35:44', '2020-11-17 08:12:20', NULL),
(4427, 6, 1006, 'Hatia Upazila', NULL, 'হাতিয়া উপজেলা', NULL, NULL, NULL, '2015-01-27 19:35:44', '2020-11-17 08:12:20', NULL),
(4428, 6, 1006, 'Subarnachar upazila', NULL, 'সুবর্ণচর উপজেলা', NULL, NULL, NULL, '2015-01-27 19:35:44', '2020-11-17 08:12:20', NULL),
(4471, 6, 987, 'Feni Sadar Upazila', NULL, 'ফেনী সদর উপজেলা', NULL, NULL, NULL, '2015-01-27 19:35:44', '2020-11-17 08:12:20', NULL),
(4474, 6, 987, 'Sonagazi Upazila', NULL, 'সোনাগাজী উপজেলা', NULL, NULL, NULL, '2015-01-27 19:35:44', '2020-11-17 08:12:20', NULL),
(4485, 6, 3107, 'Bamna Upazila', NULL, 'বামনা উপজেলা', NULL, NULL, NULL, '2015-01-27 19:35:44', '2020-11-17 08:12:20', NULL),
(4486, 6, 3107, 'Patharghata Upazila', NULL, 'পাথরঘাটা উপজেলা', NULL, NULL, NULL, '2015-01-27 19:35:44', '2020-11-17 08:12:20', NULL),
(4629, 6, 987, 'Fulgazi Upazila', NULL, 'ফুলগাজী উপজেলা', NULL, NULL, NULL, '2015-01-27 19:35:44', '2020-11-17 08:12:20', NULL),
(4630, 6, 1006, 'Senbagh Upazila', NULL, 'সেনবাগ উপজেলা', NULL, NULL, NULL, '2015-01-27 19:35:44', '2020-11-17 08:12:20', NULL),
(4631, 6, 987, 'Parashuram Upazila', NULL, 'পরশুরাম উপজেলা', NULL, NULL, NULL, '2015-01-27 19:35:44', '2020-11-17 08:12:20', NULL),
(4632, 6, 987, 'Daganbhuiyan upazila', NULL, 'দাগনভূঞা উপজেলা', NULL, NULL, NULL, '2015-01-27 19:35:44', '2020-11-17 08:12:20', NULL),
(4633, 6, 1006, 'Chatkhil Upazila', NULL, 'চাটখিল উপজেলা', NULL, NULL, NULL, '2015-01-27 19:35:44', '2020-11-17 08:12:20', NULL),
(4671, 6, 1006, 'Sonaimuri Upazila', NULL, 'সোনাইমুড়ী উপজেলা', NULL, NULL, NULL, '2015-01-27 19:35:44', '2020-11-17 08:12:20', NULL),
(4706, 6, 3108, 'Laxmipur Sadar Upazila', NULL, 'লক্ষ্মীপুর সদর উপজেলা', NULL, NULL, NULL, '2015-01-27 19:35:44', '2020-11-17 08:12:20', NULL),
(4707, 6, 3108, 'Kamalnagar Upazila', NULL, 'কমলনগর  উপজেলা', NULL, NULL, NULL, '2015-01-27 19:35:44', '2020-11-17 08:12:20', NULL),
(4708, 6, 3108, 'Raipur Upazila', NULL, 'রায়পুর উপজেলা', NULL, NULL, NULL, '2015-01-27 19:35:44', '2020-11-17 08:12:20', NULL),
(4709, 6, 3108, 'Ramgati Upazila', NULL, 'রামগতি উপজেলা', NULL, NULL, NULL, '2015-01-27 19:35:44', '2020-11-17 08:12:20', NULL),
(4710, 6, 3108, 'Ramganj upazila', NULL, 'রামগঞ্জ উপজেলা', NULL, NULL, NULL, '2015-01-27 19:35:44', '2020-11-17 08:12:20', NULL),
(4727, 6, 4706, 'Mandari Union', NULL, 'মান্দারী ইউনিয়ন', NULL, NULL, NULL, '2015-01-27 19:35:44', '2020-11-17 08:12:20', NULL),
(4752, 6, 996, 'Patuakhali Sadar Upazila', NULL, 'পটুয়াখালী সদর উপজেলা', NULL, NULL, NULL, '2015-01-27 19:35:44', '2020-11-17 08:12:20', NULL),
(4753, 6, 996, 'Dumki Upazila', NULL, 'দুমকি উপজেলা', NULL, NULL, NULL, '2015-01-27 19:35:44', '2020-11-17 08:12:20', NULL),
(4754, 6, 996, 'Dashmina Upazila', NULL, 'দশমিনা উপজেলা', NULL, NULL, NULL, '2015-01-27 19:35:44', '2020-11-17 08:12:20', NULL),
(4791, 6, 998, 'Brahmanbaria Sadar Upazila', NULL, 'ব্রাহ্মণবাড়িয়া সদর উপজেলা', NULL, NULL, NULL, '2015-01-27 19:35:44', '2020-11-17 08:12:20', NULL),
(4792, 6, 998, 'Kasba Upazila', NULL, 'কসবা উপজেলা', NULL, NULL, NULL, '2015-01-27 19:35:44', '2020-11-17 08:12:20', NULL),
(4800, 6, 998, 'Nasirnagar Upazila', NULL, 'নাসিরনগর উপজেলা', NULL, NULL, NULL, '2015-01-27 19:35:44', '2020-11-17 08:12:20', NULL),
(4801, 6, 996, 'Kalapara Upazila', NULL, 'কলাপাড়া উপজেলা', NULL, NULL, NULL, '2015-01-27 19:35:44', '2020-11-17 08:12:20', NULL),
(4822, 6, 998, 'Sarail Upazila', NULL, 'সরাইল উপজেলা', NULL, NULL, NULL, '2015-01-27 19:35:44', '2020-11-17 08:12:20', NULL),
(4838, 6, 3152, 'Sitakunda Upazila', NULL, 'সীতাকুন্ড উপজেলা', NULL, NULL, NULL, '2015-01-27 19:35:44', '2020-11-17 08:12:20', NULL),
(4847, 6, 996, 'Mirzaganj Upazila', NULL, 'মির্জাগঞ্জ উপজেলা', NULL, NULL, NULL, '2015-01-27 19:35:44', '2020-11-17 08:12:20', NULL),
(4848, 6, 3152, 'Mirsarai Upazila', NULL, 'মীরসরাই উপজেলা', NULL, NULL, NULL, '2015-01-27 19:35:44', '2020-11-17 08:12:20', NULL),
(4889, 6, 3152, 'Patia Upazila', NULL, 'পটিয়া উপজেলা', NULL, NULL, NULL, '2015-01-27 19:35:44', '2020-11-17 08:12:20', NULL),
(4892, 6, 1002, 'Bilaichhari Upazila', NULL, 'বিলাইছড়ি উপজেলা', NULL, NULL, NULL, '2015-01-27 19:35:44', '2020-11-17 08:12:20', NULL),
(4893, 6, 1002, 'Jurachari Upazila', NULL, 'জুরাছড়ি উপজেলা', NULL, NULL, NULL, '2015-01-27 19:35:44', '2020-11-17 08:12:20', NULL),
(4894, 6, 1002, 'Naniyarchar Upazila', NULL, 'নানিয়ারচর উপজেলা', NULL, NULL, NULL, '2015-01-27 19:35:44', '2020-11-17 08:12:20', NULL),
(4968, 6, 3152, 'Sandwip Upazila', NULL, 'সন্দ্বীপ উপজেলা', NULL, NULL, NULL, '2015-01-27 19:35:44', '2020-11-17 08:12:20', NULL),
(4969, 6, 3152, 'Banshkhali Upazila', NULL, 'বাঁশখালী উপজেলা', NULL, NULL, NULL, '2015-01-27 19:35:44', '2020-11-17 08:12:20', NULL),
(4970, 6, 3152, 'Boalkhali Upazila', NULL, 'বোয়ালখালী উপজেলা', NULL, NULL, NULL, '2015-01-27 19:35:44', '2020-11-17 08:12:20', NULL),
(4971, 6, 3152, 'Anwara Upazila', NULL, 'আনোয়ারা উপজেলা', NULL, NULL, NULL, '2015-01-27 19:35:44', '2020-11-17 08:12:20', NULL),
(4972, 6, 3152, 'Chandnaish Upazila', NULL, 'চন্দনাইশ উপজেলা', NULL, NULL, NULL, '2015-01-27 19:35:44', '2020-11-17 08:12:20', NULL),
(4973, 6, 3152, 'Satkania Upazila', NULL, 'সাতকানিয়া উপজেলা', NULL, NULL, NULL, '2015-01-27 19:35:44', '2020-11-17 08:12:20', NULL),
(4974, 6, 3152, 'Lohagara Upazila', NULL, 'লোহাগাড়া উপজেলা', NULL, NULL, NULL, '2015-01-27 19:35:44', '2020-11-17 08:12:20', NULL),
(4975, 6, 3152, 'Hathazari Upazila', NULL, 'হাটহাজারী উপজেলা', NULL, NULL, NULL, '2015-01-27 19:35:44', '2020-11-17 08:12:20', NULL),
(4976, 6, 3152, 'Fatikchhari Upazila', NULL, 'ফটিকছড়ি উপজেলা', NULL, NULL, NULL, '2015-01-27 19:35:44', '2020-11-17 08:12:20', NULL),
(4977, 6, 3152, 'Raozan Upazila', NULL, 'রাউজান উপজেলা', NULL, NULL, NULL, '2015-01-27 19:35:44', '2020-11-17 08:12:20', NULL),
(4978, 6, 998, 'Ashuganj Upazila', NULL, 'আশুগঞ্জ উপজেলা', NULL, NULL, NULL, '2015-01-27 19:35:44', '2020-11-17 08:12:20', NULL),
(4979, 6, 998, 'Akhaura Upazila', NULL, 'আখাউড়া উপজেলা', NULL, NULL, NULL, '2015-01-27 19:35:44', '2020-11-17 08:12:20', NULL),
(4980, 6, 998, 'Nabinagar Upazila', NULL, 'নবীনগর উপজেলা', NULL, NULL, NULL, '2015-01-27 19:35:44', '2020-11-17 08:12:20', NULL),
(4982, 6, 998, 'Bancharampur Upazila', NULL, 'বাঞ্ছারামপুর উপজেলা', NULL, NULL, NULL, '2015-01-27 19:35:44', '2020-11-17 08:12:20', NULL),
(4986, 6, 998, 'Vijayanagar Upazila', NULL, 'বিজয়নগর উপজেলা', NULL, NULL, NULL, '2015-01-27 19:35:44', '2020-11-17 08:12:20', NULL),
(5046, 6, 1187, 'Bhola Sadar Upazila', NULL, 'ভোলা সদর উপজেলা', NULL, NULL, NULL, '2015-01-27 19:35:44', '2020-11-17 08:12:20', NULL),
(5061, 6, 1187, 'Borhan Uddin Upazila', NULL, 'বোরহান উদ্দিন উপজেলা', NULL, NULL, NULL, '2015-01-27 19:35:44', '2020-11-17 08:12:20', NULL),
(5063, 6, 1187, 'Daulatkhan Upazila', NULL, 'দৌলতখান উপজেলা', NULL, NULL, NULL, '2015-01-27 19:35:44', '2020-11-17 08:12:20', NULL),
(5160, 6, 1187, 'Monpura Upazila', NULL, 'মনপুরা উপজেলা', NULL, NULL, NULL, '2015-01-27 19:35:44', '2020-11-17 08:12:20', NULL),
(5161, 6, 1187, 'Tajumuddin Upazila', NULL, 'তজুমদ্দিন উপজেলা', NULL, NULL, NULL, '2015-01-27 19:35:44', '2020-11-17 08:12:20', NULL),
(5162, 6, 1187, 'Lalmohan Upazila', NULL, 'লালমোহন উপজেলা', NULL, NULL, NULL, '2015-01-27 19:35:44', '2020-11-17 08:12:20', NULL),
(5551, 6, 3252, 'East Big Veola Union', NULL, 'পূর্ব বড় ভেওলা ইউনিয়ন', NULL, NULL, NULL, '2015-01-27 19:35:44', '2020-11-17 08:12:20', NULL),
(5557, 6, 3252, 'Target Char Union', NULL, 'লক্ষ্যার চর ইউনিয়ন', NULL, NULL, NULL, '2015-01-27 19:35:44', '2020-11-17 08:12:20', NULL),
(5574, 3, 5934, 'Governance Innovatio', NULL, 'গভর্ন্যান্স ইনোভেশন ইউনিট', NULL, NULL, NULL, '2015-01-27 19:35:44', '2020-11-17 08:12:20', NULL),
(5577, 1, 0, 'Ministry of Commerce', NULL, 'বাণিজ্য মন্ত্রণালয়', NULL, NULL, NULL, '2015-02-14 03:04:28', '2020-11-17 08:12:20', NULL),
(5578, 1, 0, 'Ministry of Communications', NULL, 'যোগাযোগ মন্ত্রণালয়', NULL, NULL, NULL, '2015-02-14 03:04:28', '2020-11-17 08:12:20', NULL),
(5579, 1, 0, 'Ministry of Culture', NULL, 'সংস্কৃতি বিষয়ক মন্ত্রণালয়', NULL, NULL, NULL, '2015-02-14 03:04:28', '2020-11-17 08:12:20', NULL),
(5580, 1, 0, 'Ministry of Defense', NULL, 'প্রতিরক্ষা মন্ত্রণালয়', NULL, NULL, NULL, '2015-02-14 03:04:28', '2020-11-17 08:12:20', NULL),
(5581, 1, 0, 'Ministry of Disaster Management and Relief', NULL, 'দুর্যোগ ব্যবস্থাপনা ও ত্রাণ মন্ত্রণালয়', NULL, NULL, NULL, '2015-02-14 03:04:28', '2020-11-17 08:12:20', NULL),
(5582, 1, 0, 'Ministry of Education', NULL, 'শিক্ষা মন্ত্রণালয়', NULL, NULL, NULL, '2015-02-14 03:04:28', '2020-11-17 08:12:20', NULL),
(5583, 1, 0, 'Ministry of Environment and Forests', NULL, 'পরিবেশ ও বন মন্ত্রণালয়', NULL, NULL, NULL, '2015-02-14 03:04:28', '2020-11-17 08:12:20', NULL),
(5584, 1, 0, 'Ministry of Expatriate Welfare and Overseas Employment', NULL, 'প্রবাসী কল্যাণ ও বৈদেশিক কর্মসংস্থান মন্ত্রণালয়', NULL, NULL, NULL, '2015-02-14 03:04:28', '2020-11-17 08:12:20', NULL),
(5585, 1, 0, 'Ministry of Fisheries and Livestock', NULL, 'মৎস্য ও প্রাণিসম্পদ মন্ত্রণালয়', NULL, NULL, NULL, '2015-02-14 03:04:28', '2020-11-17 08:12:20', NULL),
(5586, 1, 0, 'Ministry of Food', NULL, 'খাদ্য মন্ত্রণালয়', NULL, NULL, NULL, '2015-02-14 03:04:28', '2020-11-17 08:12:20', NULL),
(5587, 1, 0, 'Ministry of Home Affairs', NULL, 'স্বরাষ্ট্র মন্ত্রণালয়', NULL, NULL, NULL, '2015-02-14 03:04:28', '2020-11-17 08:12:20', NULL),
(5590, 1, 0, 'Ministry of Industry', NULL, 'শিল্প মন্ত্রণালয়', NULL, NULL, NULL, '2015-02-14 03:04:28', '2020-11-17 08:12:20', NULL),
(5591, 1, 0, 'Ministry of Labor and Employment', NULL, 'শ্রম ও কর্মসংস্থান মন্ত্রণালয়', NULL, NULL, NULL, '2015-02-14 03:04:28', '2020-11-17 08:12:20', NULL),
(5593, 1, 0, 'Ministry of Liberation War Affairs', NULL, 'মুক্তিযুদ্ধ বিষয়ক মন্ত্রণালয়', NULL, NULL, NULL, '2015-02-14 03:04:28', '2020-11-17 08:12:20', NULL),
(5594, 1, 0, 'Planning Department', NULL, 'পরিকল্পনা বিভাগ', NULL, NULL, NULL, '2015-02-14 03:04:28', '2020-11-17 08:12:20', NULL),
(5595, 1, 0, 'Ministry of Posts, Telecommunications and Information Technology', NULL, 'ডাক, টেলিযোগাযোগ ও তথ্যপ্রযুক্তি মন্ত্রণালয়', NULL, NULL, NULL, '2015-02-14 03:04:28', '2020-11-17 08:12:20', NULL),
(5596, 1, 0, 'Department of Power', NULL, 'বিদ্যুৎ বিভাগ', NULL, NULL, NULL, '2015-02-14 03:04:28', '2020-11-17 08:12:20', NULL),
(5597, 1, 0, 'Ministry of Religious Affairs', NULL, 'ধর্ম বিষয়ক মন্ত্রণালয়', NULL, NULL, NULL, '2015-02-14 03:04:28', '2020-11-17 08:12:20', NULL),
(5598, 1, 0, 'Ministry of Public Administration', NULL, 'জনপ্রশাসন মন্ত্রণালয়', NULL, NULL, NULL, '2015-02-14 03:04:28', '2020-11-17 08:12:20', NULL),
(5599, 1, 0, 'Ministry of Primary and Mass Education', NULL, 'প্রাথমিক ও গণশিক্ষা মন্ত্রণালয়', NULL, NULL, NULL, '2015-02-14 03:04:28', '2020-11-17 08:12:20', NULL),
(5600, 1, 0, 'Ministry of Railways', NULL, 'রেলপথ মন্ত্রণালয়', NULL, NULL, NULL, '2015-02-14 03:04:28', '2020-11-17 08:12:20', NULL),
(5601, 1, 0, 'Ministry of Shipping', NULL, 'নৌ-পরিবহন মন্ত্রণালয়', NULL, NULL, NULL, '2015-02-14 03:04:28', '2020-11-17 08:12:20', NULL),
(5602, 1, 0, 'Ministry of Science and Technology', NULL, 'বিজ্ঞান ও প্রযুক্তি মন্ত্রণালয়', NULL, NULL, NULL, '2015-02-14 03:04:28', '2020-11-17 08:12:20', NULL),
(5603, 1, 0, 'Ministry of Water Resources', NULL, 'পানি সম্পদ মন্ত্রণালয়', NULL, NULL, NULL, '2015-02-14 03:04:28', '2020-11-17 08:12:20', NULL),
(5604, 1, 0, 'Ministry of Youth and Sports', NULL, 'যুব ও ক্রীড়া মন্ত্রণালয়', NULL, NULL, NULL, '2015-02-14 03:04:28', '2020-11-17 08:12:20', NULL),
(5683, 3, 5597, 'Bangladesh Islamic F', NULL, 'বাংলাদেশ ইসলামিক ফাউন্ডেশন', NULL, NULL, NULL, '2015-01-27 19:35:44', '2020-11-17 08:12:20', NULL),
(5688, 3, 5587, 'Department of Narcot', NULL, 'মাদকদ্রব্য নিয়ন্ত্রণ অধিদপ্তর', NULL, NULL, NULL, '2015-01-27 19:35:44', '2020-11-17 08:12:20', NULL),
(5717, 3, 5599, 'Department of Primar', NULL, 'প্রাথমিক শিক্ষা অধিদপ্তর', NULL, NULL, NULL, '2015-01-27 19:35:44', '2020-11-17 08:12:20', NULL),
(5739, 3, 758, 'Dhaka Custom House', NULL, 'ঢাকা কাস্টম হাউস', NULL, NULL, NULL, '2015-01-27 19:35:44', '2020-11-17 08:12:20', NULL),
(5803, 3, 756, 'Bangladesh Betar', NULL, 'বাংলাদেশ বেতার', NULL, NULL, NULL, '2015-01-27 19:35:44', '2020-11-17 08:12:20', NULL),
(5934, 1, 0, 'Prime Minister\'s Office', NULL, 'প্রধানমন্ত্রীর কার্যালয়', NULL, NULL, NULL, '2015-02-14 03:04:28', '2020-11-17 08:12:20', NULL),
(6099, 1, 5595, 'Department of Information and Communication Technology', NULL, 'তথ্য ও যোগাযোগ প্রযুক্তি বিভাগ', NULL, NULL, NULL, '2015-02-14 03:04:28', '2020-11-17 08:12:20', NULL),
(6107, 6, 996, 'Rangabali Upazila', NULL, 'রাঙ্গাবালী উপজেলা', NULL, NULL, NULL, '2015-01-27 19:35:44', '2020-11-17 08:12:20', NULL),
(6155, 6, 3107, 'Taltali Upazila', NULL, 'তালতলি উপজেলা', NULL, NULL, NULL, '2015-01-27 19:35:44', '2020-11-17 08:12:20', NULL),
(6160, 6, 2942, 'Tejgaon Development Circle', NULL, 'তেজগাঁও উন্নয়ন সার্কেল', NULL, NULL, NULL, '2015-01-27 19:35:44', '2020-11-17 08:12:20', NULL),
(6191, 6, 2001, 'Tarakanda Upazila', NULL, 'তারাকান্দা উপজেলা', NULL, NULL, NULL, '2015-01-27 19:35:44', '2020-11-17 08:12:20', NULL),
(6192, 1, 0, 'Cabinet Division', NULL, 'মন্ত্রিপরিষদ বিভাগ', NULL, NULL, NULL, '2015-02-14 03:04:28', '2020-11-17 08:12:20', NULL),
(6195, 3, 0, 'Bangladesh Telecommunication Regulatory Commission (BTRC)', NULL, 'বাংলাদেশ টেলিযোগাযোগ নিয়ন্ত্রণ কমিশন (বিটিআরসি)', NULL, NULL, NULL, '2015-01-27 19:35:44', '2020-11-17 08:12:20', NULL),
(6196, 3, 6200, 'Telephone Industry C', NULL, 'টেলিফোন শিল্প সংস্থা লিঃ', NULL, NULL, NULL, '2015-01-27 19:35:44', '2020-11-17 08:12:20', NULL),
(6198, 3, 6200, 'Bangladesh Telecommu', NULL, 'বাংলাদেশ টেলিকমিউনিকেশনস কোম্পানি লিমিটেড', NULL, NULL, NULL, '2015-01-27 19:35:44', '2020-11-17 08:12:20', NULL),
(6199, 1, 0, 'Division of the Armed Forces', NULL, 'সশস্ত্র বাহিনী বিভাগ', NULL, NULL, NULL, '2015-02-14 03:04:28', '2020-11-17 08:12:20', NULL),
(6200, 1, 5595, 'Department of Posts and Telecommunications', NULL, 'ডাক ও টেলিযোগাযোগ বিভাগ', NULL, NULL, NULL, '2015-02-14 03:04:28', '2020-11-17 08:12:20', NULL),
(6201, 3, 6200, 'Bangladesh Submarine', NULL, 'বাংলাদেশ সাবমেরিন ক্যাবল কোম্পানি', NULL, NULL, NULL, '2015-01-27 19:35:44', '2020-11-17 08:12:20', NULL),
(6202, 3, 6200, 'Teletalk Bangladesh', NULL, 'টেলিটক বাংলাদেশ', NULL, NULL, NULL, '2015-01-27 19:35:44', '2020-11-17 08:12:20', NULL),
(6203, 3, 756, 'Bangladesh Press Cou', NULL, 'বাংলাদেশ প্রেস কাউন্সিল', NULL, NULL, NULL, '2015-01-27 19:35:44', '2020-11-17 08:12:20', NULL),
(6204, 3, 756, 'Press Institute of B', NULL, 'প্রেস ইন্সটিটিউট অব বাংলাদেশ', NULL, NULL, NULL, '2015-01-27 19:35:44', '2020-11-17 08:12:20', NULL),
(6205, 3, 0, 'National Security Intelligence Agency', NULL, 'জাতীয় নিরাপত্তা গোয়েন্দা সংস্থা', NULL, NULL, NULL, '2015-01-27 19:35:44', '2020-11-17 08:12:20', NULL),
(6206, 3, 756, 'National Media Insti', NULL, 'জাতীয় গণমাধ্যম ইন্সটিটিউট', NULL, NULL, NULL, '2015-01-27 19:35:44', '2020-11-17 08:12:20', NULL),
(6207, 3, 5934, 'Special Security For', NULL, 'স্পেশাল সিকিউরিটি ফোর্স', NULL, NULL, NULL, '2015-01-27 19:35:44', '2020-11-17 08:12:20', NULL),
(6208, 3, 756, 'Department of Inform', NULL, 'তথ্য অধিদপ্তর (পিআইডি)', NULL, NULL, NULL, '2015-01-27 19:35:44', '2020-11-17 08:12:20', NULL),
(6209, 3, 5934, 'Bangladesh Economic ', NULL, 'বাংলাদেশ অর্থনৈতিক অঞ্চল কর্তৃপক্ষ', NULL, NULL, NULL, '2015-01-27 19:35:44', '2020-11-17 08:12:20', NULL),
(6210, 3, 756, 'Department of Mass C', NULL, 'গণযোগাযোগ অধিদপ্তর', NULL, NULL, NULL, '2015-01-27 19:35:44', '2020-11-17 08:12:20', NULL),
(6211, 3, 5934, 'Bangladesh Export Pr', NULL, 'বাংলাদেশ রপ্তানী প্রক্রিয়াজাতকরণ কর্তৃপক্ষ (বেপজা)', NULL, NULL, NULL, '2015-01-27 19:35:44', '2020-11-17 08:12:20', NULL),
(6212, 3, 756, 'Bangladesh Film Development Corporation', NULL, 'বাংলাদেশ চলচ্চিত্র উন্নয়ন কর্পোরেশন', NULL, NULL, NULL, '2015-01-27 19:35:44', '2020-11-17 08:12:20', NULL),
(6213, 3, 756, 'Bangladesh Film Archive', NULL, 'বাংলাদেশ ফিল্ম আর্কাইভ', NULL, NULL, NULL, '2015-01-27 19:35:44', '2020-11-17 08:12:20', NULL),
(6214, 3, 5934, 'Privatization Commission, Bangladesh', NULL, 'প্রাইভেটাইজেশন কমিশন, বাংলাদেশ', NULL, NULL, NULL, '2015-01-27 19:35:44', '2020-11-17 08:12:20', NULL),
(6215, 3, 756, 'Bangladesh News Agency', NULL, 'বাংলাদেশ সংবাদ সংস্থা', NULL, NULL, NULL, '2015-01-27 19:35:44', '2020-11-17 08:12:20', NULL),
(6216, 3, 5934, 'Public Private Partnership', NULL, 'পাবলিক প্রাইভেট পার্টনারশীট', NULL, NULL, NULL, '2015-01-27 19:35:44', '2020-11-17 08:12:20', NULL),
(6217, 3, 5597, 'Bangladesh Hajj Management Portal', NULL, 'বাংলাদেশ হজ্জ্ব ব্যবস্থাপনা পোর্টাল', NULL, NULL, NULL, '2015-01-27 19:35:44', '2020-11-17 08:12:20', NULL),
(6218, 3, 5934, 'Bureau of NGO Affairs', NULL, 'এনজিও বিষয়ক ব্যুরো', NULL, NULL, NULL, '2015-01-27 19:35:44', '2020-11-17 08:12:20', NULL),
(6219, 3, 5934, 'Shelter-2 project', NULL, 'আশ্রয়ণ-২ প্রকল্প', NULL, NULL, NULL, '2015-01-27 19:35:44', '2020-11-17 08:12:20', NULL),
(6221, 3, 0, 'District information', NULL, 'জেলা তথ্য বাতায়ণ', NULL, NULL, NULL, '2015-01-27 19:35:44', '2020-11-17 08:12:20', NULL),
(6222, 1, 0, 'Bangladesh National Parliament', NULL, 'বাংলাদেশ জাতীয় সংসদ', NULL, NULL, NULL, '2015-02-14 03:04:28', '2020-11-17 08:12:20', NULL),
(6223, 3, 5598, 'Bangladesh Institute of Administration and Management (BIAM) Foundation', NULL, 'বাংলাদেশ ইনস্টিটিউট অব এডমিনিস্ট্রেশন এন্ড ম্যানেজমেন্ট (বিয়াম) ফাউন্ডেশন', NULL, NULL, NULL, '2015-01-27 19:35:44', '2020-11-17 08:12:20', NULL),
(6224, 3, 5598, 'Bangladesh Civil Service (Administration) Academy', NULL, 'বাংলাদেশ সিভিল সার্ভিস (প্রশাসন) একাডেমী', NULL, NULL, NULL, '2015-01-27 19:35:44', '2020-11-17 08:12:20', NULL),
(6225, 3, 5598, 'Department of Printing and Publishing', NULL, 'মুদ্রণ ও প্রকাশনা অধিদপ্তর', NULL, NULL, NULL, '2015-01-27 19:35:44', '2020-11-17 08:12:20', NULL),
(6226, 3, 5598, 'Bangladesh Public Administration Training Center (BPATC)', NULL, 'বাংলাদেশ লোক প্রশাসন প্রশিক্ষণ কেন্দ্র (বিপিএটিসি)', NULL, NULL, NULL, '2015-01-27 19:35:44', '2020-11-17 08:12:20', NULL),
(6227, 1, 758, 'Department of Finance', NULL, 'অর্থ বিভাগ', NULL, NULL, NULL, '2015-02-14 03:04:28', '2020-11-17 08:12:20', NULL),
(6228, 3, 126, 'Bangladesh Krishi Bank', NULL, 'বাংলাদেশ কৃষি ব্যাংক', NULL, NULL, NULL, '2015-01-27 19:35:44', '2020-11-17 08:12:20', NULL),
(6229, 3, 126, 'Bangladesh Institute of Bank Management', NULL, 'বাংলাদেশ ইন্সটিটিউট অব ব্যাংক ম্যানেজমেন্ট', NULL, NULL, NULL, '2015-01-27 19:35:44', '2020-11-17 08:12:20', NULL),
(6230, 3, 6227, 'The Security Printing Corporation (Bangladesh) Ltd.', NULL, 'দ্য সিকিউরিটি প্রিন্টিং কর্পোরেশন (বাংলাদেশ) লিঃ', NULL, NULL, NULL, '2015-01-27 19:35:44', '2020-11-17 08:12:20', NULL),
(6231, 3, 6227, 'Bangladesh House Building Finance Corporation', NULL, 'বাংলাদেশ হাউস বিল্ডিং ফাইন্যান্স কর্পোরেশন', NULL, NULL, NULL, '2015-01-27 19:35:44', '2020-11-17 08:12:20', NULL),
(6232, 3, 6227, 'Investment Corporation of Bangladesh', NULL, 'ইনভেস্টমেন্ট কর্পোরেশন অব বাংলাদেশ', NULL, NULL, NULL, '2015-01-27 19:35:44', '2020-11-17 08:12:20', NULL),
(6233, 3, 126, 'Palli Karma Sahayak Foundation (PKSF)', NULL, 'পল্লী কর্ম-সহায়ক ফাউন্ডেশন (পিকেএসএফ)', NULL, NULL, NULL, '2015-01-27 19:35:44', '2020-11-17 08:12:20', NULL),
(6234, 3, 126, 'Chittagong Stock Exchange', NULL, 'চট্টগ্রাম স্টক এক্সচেঞ্জ', NULL, NULL, NULL, '2015-01-27 19:35:44', '2020-11-17 08:12:20', NULL),
(6235, 3, 126, 'Dhaka Stock Exchange', NULL, 'ঢাকা স্টক এক্সচেঞ্জ', NULL, NULL, NULL, '2015-01-27 19:35:44', '2020-11-17 08:12:20', NULL),
(6236, 3, 126, 'Employment Bank', NULL, 'কর্মসংস্থান ব্যাংক', NULL, NULL, NULL, '2015-01-27 19:35:44', '2020-11-17 08:12:20', NULL),
(6237, 3, 126, 'Bangladesh Securities and Exchange Commission', NULL, 'বাংলাদেশ সিকিউরিটিজ ও এক্সচেঞ্জ কমিশন', NULL, NULL, NULL, '2015-01-27 19:35:44', '2020-11-17 08:12:20', NULL),
(6238, 3, 6227, 'Office of the Controller General of Accounts', NULL, 'অফিস অফ দি কন্ট্রোলার জেনারেল অফ এ্যাকাউন্টস', NULL, NULL, NULL, '2015-01-27 19:35:44', '2020-11-17 08:12:20', NULL),
(6239, 3, 6227, 'Financial Management Reform Program', NULL, 'ফিনান্সিয়াল ম্যানেজমেন্ট রিফর্ম প্রোগ্রাম', NULL, NULL, NULL, '2015-01-27 19:35:44', '2020-11-17 08:12:20', NULL),
(6240, 3, 6227, 'Bangladesh Comptroller and Auditor General', NULL, 'বাংলাদেশ কম্পট্রোলার এন্ড অডিটর জেনারেল', NULL, NULL, NULL, '2015-01-27 19:35:44', '2020-11-17 08:12:20', NULL),
(6242, 1, 758, 'Department of Economic Relations', NULL, 'অর্থনৈতিক সম্পর্ক বিভাগ', NULL, NULL, NULL, '2015-02-14 03:04:28', '2020-11-17 08:12:20', NULL),
(6244, 3, 758, 'E-TIN registration', NULL, 'ই-টিআইএন রেজিস্ট্রেশন', NULL, NULL, '', '2015-01-27 19:35:44', '2020-11-17 08:12:20', NULL),
(6245, 3, 758, 'National Board of Revenue', NULL, 'জাতীয় রাজস্ব বোর্ড', NULL, NULL, NULL, '2015-01-27 19:35:44', '2020-11-17 08:12:20', NULL),
(6246, 3, 758, 'Department of National Savings', NULL, 'জাতীয় সঞ্চয় অধিদপ্তর', NULL, NULL, NULL, '2015-01-27 19:35:44', '2020-11-17 08:12:20', NULL),
(6247, 3, 758, 'Chittagong Custom House', NULL, 'চট্টগ্রাম কাস্টম হাউস', NULL, NULL, NULL, '2015-01-27 19:35:44', '2020-11-17 08:12:20', NULL),
(6248, 1, 0, 'Ministry of Law, Justice and Parliamentary Affairs', NULL, 'আইন, বিচার ও সংসদ বিষয়ক মন্ত্রণালয়', NULL, NULL, NULL, '2015-02-14 03:04:28', '2020-11-17 08:12:20', NULL),
(6249, 1, 6248, 'Department of Legislative and Parliamentary Affairs', NULL, 'লেজিসলেটিভ ও সংসদ বিষয়ক বিভাগ', NULL, NULL, NULL, '2015-02-14 03:04:28', '2020-11-17 08:12:20', NULL),
(6250, 3, 6251, 'Bangladesh Supreme Court', NULL, 'বাংলাদেশ সুপ্রীম কোর্ট', NULL, NULL, NULL, '2015-01-27 19:35:44', '2020-11-17 08:12:20', NULL),
(6251, 1, 6248, 'Department of Implementation, Monitoring, and Evaluation', NULL, 'আইন ও বিচার বিভাগ', NULL, NULL, NULL, '2015-02-14 03:04:28', '2020-11-17 08:12:20', NULL),
(6252, 3, 6251, 'Bangladesh Judicial Service Commission', NULL, 'বাংলাদেশ জুডিসিয়াল সার্ভিস কমিশন', NULL, NULL, NULL, '2015-01-27 19:35:44', '2020-11-17 08:12:20', NULL),
(6254, 3, 118, 'Bangladesh Agricultural Research Council', NULL, 'বাংলাদেশ কৃষি গবেষণা কাউন্সিল', NULL, NULL, NULL, '2015-01-27 19:35:44', '2020-11-17 08:12:20', NULL),
(6255, 3, 5590, 'Small and Medium Enterprise Foundation (SMEF)', NULL, 'স্মল এন্ড মিডিয়াম এন্টারপ্রাইজ ফাউন্ডেশন (এসএমইএফ)', NULL, NULL, NULL, '2015-01-27 19:35:44', '2020-11-17 08:12:20', NULL),
(6256, 3, 118, 'Integrated Agricultural Productivity Project\r\n', NULL, 'ইন্টিগ্রেটেড এগ্রিকালচারাল প্রোডা্ক্টিভিটি প্রজেক্ট', NULL, NULL, NULL, '2015-01-27 19:35:44', '2020-11-17 08:12:20', NULL),
(6257, 3, 6264, 'National e-Government Procurement\r\n', NULL, 'জাতীয় ই-গভর্ণমেন্ট প্রকিউরমেন্ট', NULL, NULL, NULL, '2015-01-27 19:35:44', '2020-11-17 08:12:20', NULL),
(6258, 3, 5590, 'Bangladesh Accreditation Board\r\n', NULL, 'বাংলাদেশ এ্যাক্রিডিটেশন বোর্ড', NULL, NULL, NULL, '2015-01-27 19:35:44', '2020-11-17 08:12:20', NULL),
(6259, 3, 118, 'Bangladesh Agriculture Development Corporation\r\n', NULL, 'বাংলাদেশ কৃষি উন্নয়ন কর্পোরেশন', NULL, NULL, NULL, '2015-01-27 19:35:44', '2020-11-17 08:12:20', NULL),
(6260, 3, 5594, 'Planning Commission\r\n', NULL, 'পরিকল্পনা কমিশন', NULL, NULL, NULL, '2015-01-27 19:35:44', '2020-11-17 08:12:20', NULL),
(6261, 3, 118, 'Department of Agricultural Extension\r\n', NULL, 'কৃষি সম্প্রসারণ অধিদপ্তর', NULL, NULL, NULL, '2015-01-27 19:35:44', '2020-11-17 08:12:20', NULL),
(6262, 3, 5590, 'Office of the Chief Boiler Inspector\r\n', NULL, 'প্রধান বয়লার পরিদর্শকের কার্যালয়', NULL, NULL, NULL, '2015-01-27 19:35:44', '2020-11-17 08:12:20', NULL),
(6263, 3, 118, 'Bangladesh Rice Research Institute (BRRI)', NULL, 'বাংলাদেশ ধান গবেষণা ইনস্টিটিউট (বিআরআরআই)', NULL, NULL, NULL, '2015-01-27 19:35:44', '2020-11-17 08:12:20', NULL),
(6264, 1, 5594, 'Department of Energy and Mineral Resources', NULL, 'বাস্তবায়ন, পরিবীক্ষণ ও মূল্যায়ন বিভাগ', NULL, NULL, NULL, '2015-02-14 03:04:28', '2020-11-17 08:12:20', NULL),
(6265, 3, 118, 'Bangladesh Agricultural Research Institute', NULL, 'বাংলাদেশ কৃষি গবেষণা ইনস্টিটিউট', NULL, NULL, NULL, '2015-01-27 19:35:44', '2020-11-17 08:12:20', NULL),
(6266, 3, 5590, 'Department of Patents, Designs, and Trademarks', NULL, 'প্যাটেন্ট, ডিজাইন ও ট্রেডমার্কস অধিদপ্তর', NULL, NULL, NULL, '2015-01-27 19:35:44', '2020-11-17 08:12:20', NULL),
(6268, 3, 0, 'SICT project', NULL, 'এসআইসিটি প্রকল্প', NULL, NULL, NULL, '2015-01-27 19:35:44', '2020-11-17 08:12:20', NULL),
(6269, 3, 6264, 'Central Purchasing Technical Unit', NULL, 'কেন্দ্রীয় ক্রয় কারিগরি ইউনিট', NULL, NULL, NULL, '2015-01-27 19:35:44', '2020-11-17 08:12:20', NULL),
(6270, 3, 5590, 'Bangladesh Chemical Industry Corporation', NULL, 'বাংলাদেশ রসায়ন শিল্প কর্পোরেশন', NULL, NULL, NULL, '2015-01-27 19:35:44', '2020-11-17 08:12:20', NULL),
(6271, 3, 5590, 'Bangladesh Steel and Engineering Corporation', NULL, 'বাংলাদেশ ইস্পাত ও প্রকৌশল কর্পোরেশন', NULL, NULL, NULL, '2015-01-27 19:35:44', '2020-11-17 08:12:20', NULL),
(6272, 3, 118, 'Bangladesh Jute Research Institute (BJRI)', NULL, 'বাংলাদেশ পাট গবেষণা ইনস্টিউট (বিজেআরআই)', NULL, NULL, NULL, '2015-01-27 19:35:44', '2020-11-17 08:12:20', NULL),
(6273, 3, 5590, 'Bangladesh Small and Cottage Industries Corporation', NULL, 'বাংলাদেশ ক্ষুদ্র ও কুটির শিল্প কর্পোরেশন', NULL, NULL, NULL, '2015-01-27 19:35:44', '2020-11-17 08:12:20', NULL),
(6274, 3, 118, 'Bangladesh Atomic Agriculture Research Institute', NULL, 'বাংলাদেশ পরমাণু কৃষি গবেষণা ইনস্টিটিউট', NULL, NULL, NULL, '2015-01-27 19:35:44', '2020-11-17 08:12:20', NULL),
(6275, 3, 5590, 'Bangladesh Institute of Management', NULL, 'বাংলাদেশ ইনস্টিটিউট অব ম্যানেজমেন্ট', NULL, NULL, NULL, '2015-01-27 19:35:44', '2020-11-17 08:12:20', NULL),
(6276, 3, 118, 'Bangladesh Sugar Research Institute', NULL, 'বাংলাদেশ চিনি গবেষণা ইনস্টিটিউট', NULL, NULL, NULL, '2015-01-27 19:35:44', '2020-11-17 08:12:20', NULL),
(6277, 3, 5583, 'Bangladesh Forest Department', NULL, 'বাংলাদেশ বন বিভাগ', NULL, NULL, NULL, '2015-01-27 19:35:44', '2020-11-17 08:12:20', NULL),
(6278, 3, 5590, 'Bangladesh Standards and Testing Institution', NULL, 'বাংলাদেশ স্ট্যান্ডার্ড এন্ড টেস্টিং ইনস্টিটিউশন', NULL, NULL, NULL, '2015-01-27 19:35:44', '2020-11-17 08:12:20', NULL),
(6279, 3, 5583, 'Department of the Environment', NULL, 'পরিবেশ অধিদপ্তর', NULL, NULL, NULL, '2015-01-27 19:35:44', '2020-11-17 08:12:20', NULL),
(6280, 3, 0, 'Bangladesh Forest Research Institute', NULL, 'বাংলাদেশ বন গবেষণা ইনস্টিটিউট', NULL, NULL, NULL, '2015-01-27 19:35:44', '2020-11-17 08:12:20', NULL),
(6281, 3, 118, 'Barind Multipurpose Development Authority', NULL, 'বরেন্দ্র বহুমুখী উন্নয়ন কর্তৃপক্ষ', NULL, NULL, NULL, '2015-01-27 19:35:44', '2020-11-17 08:12:20', NULL),
(6282, 3, 5590, 'Bangladesh Industrial Technical Support Center', NULL, 'বাংলাদেশ শিল্প কারিগরী সহায়তা কেন্দ্র', NULL, NULL, NULL, '2015-01-27 19:35:44', '2020-11-17 08:12:20', NULL),
(6283, 3, 5590, 'National Development Agency (NPO)', NULL, 'জাতীয় উন্নয়ন সংস্থা (এনপিও)', NULL, NULL, NULL, '2015-01-27 19:35:44', '2020-11-17 08:12:20', NULL);
INSERT INTO `areas` (`id`, `type_id`, `parent_id`, `name`, `region_id`, `eng_name`, `map_lat`, `map_lon`, `map_path`, `created_at`, `updated_at`, `deleted_at`) VALUES
(6284, 3, 5580, 'Bangladesh Ordnance Factories', NULL, 'বাংলাদেশ অর্ডন্যান্স ফ্যাক্টরীজ', NULL, NULL, NULL, '2015-01-27 19:35:44', '2020-11-17 08:12:20', NULL),
(6285, 3, 118, 'Cotton Development Board', NULL, 'তুলা উন্নয়ন বোর্ড', NULL, NULL, NULL, '2015-01-27 19:35:44', '2020-11-17 08:12:20', NULL),
(6286, 3, 5580, 'Bangladesh Meteorological Department', NULL, 'বাংলাদেশ আবহাওয়া অধিদপ্তর', NULL, NULL, NULL, '2015-01-27 19:35:44', '2020-11-17 08:12:20', NULL),
(6287, 3, 118, 'Seed Certification Agency', NULL, 'সীড সার্টিফিকেশন এজেন্সী', NULL, NULL, NULL, '2015-01-27 19:35:44', '2020-11-17 08:12:20', NULL),
(6288, 3, 5580, 'Comptroller General Defense Finance', NULL, 'কন্ট্রোলার জেনারেল ডিফেন্স ফাইন্যান্স', NULL, NULL, NULL, '2015-01-27 19:35:44', '2020-11-17 08:12:20', NULL),
(6289, 3, 118, 'Soil Resources Development Institute', NULL, 'মৃত্তিকা সম্পদ উন্নয়ন ইনস্টিটিউট', NULL, NULL, NULL, '2015-01-27 19:35:44', '2020-11-17 08:12:20', NULL),
(6290, 3, 5599, 'Bureau of Non-Formal Education', NULL, 'উপানুষ্ঠানিক শিক্ষা ব্যুরো', NULL, NULL, NULL, '2015-01-27 19:35:44', '2020-11-17 08:12:20', NULL),
(6291, 3, 5580, 'Directorate General of Defense Procurement', NULL, 'প্রতিরক্ষা ক্রয় মহা-পরিদপ্তর', NULL, NULL, NULL, '2015-01-27 19:35:44', '2020-11-17 08:12:20', NULL),
(6292, 3, 118, 'Department of Agricultural Marketing', NULL, 'কৃষি বিপণন অধিদপ্তর', NULL, NULL, NULL, '2015-01-27 19:35:44', '2020-11-17 08:12:20', NULL),
(6293, 3, 6199, 'Bangladesh Army', NULL, 'বাংলাদেশ সেনা বাহিনী', NULL, NULL, NULL, '2015-01-27 19:35:44', '2020-11-17 08:12:20', NULL),
(6294, 3, 0, 'Bangladesh Navy', NULL, 'বাংলাদেশ নৌবাহিনী', NULL, NULL, NULL, '2015-01-27 19:35:44', '2020-11-17 08:12:20', NULL),
(6295, 3, 6199, 'Bangladesh Air Force', NULL, 'বাংলাদেশ বিমান বাহিনী', NULL, NULL, NULL, '2015-01-27 19:35:44', '2020-11-17 08:12:20', NULL),
(6296, 3, 5580, 'Bangladesh Space Research and Remote Sensing Agency', NULL, 'বাংলাদেশ মহাকাশ গবেষণা ও দূর অনুধাবন সংস্থা', NULL, NULL, NULL, '2015-01-27 19:35:44', '2020-11-17 08:12:20', NULL),
(6297, 3, 5580, 'Military Institute of Science and Technology', NULL, 'মিলিটারি ইনস্টিটিউট অব সায়েন্স এন্ড টেকনোলজি', NULL, NULL, NULL, '2015-01-27 19:35:44', '2020-11-17 08:12:20', NULL),
(6298, 3, 118, 'Agricultural Information Service (AIS)', NULL, 'কৃষি তথ্য সার্ভিস (এআইএস)', NULL, NULL, NULL, '2015-01-27 19:35:44', '2020-11-17 08:12:20', NULL),
(6299, 3, 5580, 'Survey of Bangladesh', NULL, 'সার্ভে অব বাংলাদেশ', NULL, NULL, NULL, '2015-01-27 19:35:44', '2020-11-17 08:12:20', NULL),
(6300, 3, 5580, 'Military Command and Staff College', NULL, 'সামরিক বাহিনী কমান্ড এন্ড স্টাফ কলেজ', NULL, NULL, NULL, '2015-01-27 19:35:44', '2020-11-17 08:12:20', NULL),
(6301, 3, 5580, 'National Defense College', NULL, 'জাতীয় প্রতিরক্ষা কলেজ', NULL, NULL, NULL, '2015-01-27 19:35:44', '2020-11-17 08:12:20', NULL),
(6302, 3, 118, 'Bangladesh Applied Nutrition and Human Resource Development Board', NULL, 'বাংলাদেশ ফলিত পুষ্টি ও মানব সম্পদ উন্নয়ন বোর্ড', NULL, NULL, NULL, '2015-01-27 19:35:44', '2020-11-17 08:12:20', NULL),
(6303, 3, 5599, 'National Academy of Primary Education', NULL, 'জাতীয় প্রাথমিক শিক্ষা একাডেমী', NULL, NULL, NULL, '2015-01-27 19:35:44', '2020-11-17 08:12:20', NULL),
(6304, 3, 118, 'SAARC Agricultural Information Center (SAC)', NULL, 'সার্ক কৃষি তথ্য কেন্দ্র (এসএসি)', NULL, NULL, NULL, '2015-01-27 19:35:44', '2020-11-17 08:12:20', NULL),
(6305, 3, 5586, 'Department of Food', NULL, 'খাদ্য অধিদপ্তর', NULL, NULL, NULL, '2015-01-27 19:35:44', '2020-11-17 08:12:20', NULL),
(6306, 3, 5603, 'Center for Environmental and Geographic Information Services', NULL, 'সেন্টার ফর এনভায়রনমেন্টাল এন্ড জিওগ্রাফিক ইনফরমেশন সার্ভিসেস', NULL, NULL, NULL, '2015-01-27 19:35:44', '2020-11-17 08:12:20', NULL),
(6307, 3, 5591, 'Directorate of Labor', NULL, 'শ্রম পরিদপ্তর', NULL, NULL, NULL, '2015-01-27 19:35:44', '2020-11-17 08:12:20', NULL),
(6308, 3, 5591, 'Child labor unit', NULL, 'চাইল্ড লেবার ইউনিট', NULL, NULL, NULL, '2015-01-27 19:35:44', '2020-11-17 08:12:20', NULL),
(6309, 3, 5603, 'Bangladesh Haor and Wetland Development Board', NULL, 'বাংলাদেশ হাওড় ও জলাভূমি উন্নয়ন বোর্ড', NULL, NULL, NULL, '2015-01-27 19:35:44', '2020-11-17 08:12:20', NULL),
(6310, 3, 5603, 'River Research Institute', NULL, 'নদী গবেষণা ইন্সটিটিউট', NULL, NULL, NULL, '2015-01-27 19:35:44', '2020-11-17 08:12:20', NULL),
(6311, 3, 5581, 'Department of Disaster Management', NULL, 'দুর্যোগ ব্যবস্থাপনা অধিদপ্তর', NULL, NULL, NULL, '2015-01-27 19:35:44', '2020-11-17 08:12:20', NULL),
(6312, 3, 5603, 'Institute of Water Modeling', NULL, 'ইনস্টিটিউট অব ওয়াটার মডেলিং', NULL, NULL, NULL, '2015-01-27 19:35:44', '2020-11-17 08:12:20', NULL),
(6313, 3, 5603, 'Water Resources Planning Agency (WARPO)', NULL, 'পানি সম্পদ পরিকল্পনা সংস্থা (ওয়ারপো)', NULL, NULL, NULL, '2015-01-27 19:35:44', '2020-11-17 08:12:20', NULL),
(6314, 3, 124, 'Bangladesh Silk Foundation', NULL, 'বাংলাদেশ সিল্ক ফাউন্ডেশন', NULL, NULL, NULL, '2015-01-27 19:35:44', '2020-11-17 08:12:20', NULL),
(6315, 3, 5603, 'Bangladesh Water Development Board', NULL, 'বাংলাদেশ পানি উন্নয়ন বোর্ড', NULL, NULL, NULL, '2015-01-27 19:35:44', '2020-11-17 08:12:20', NULL),
(6316, 3, 5581, 'Bureau of Disaster Management', NULL, 'দূর্যোগ ব্যবস্থাপনা ব্যুরো', NULL, NULL, NULL, '2015-01-27 19:35:44', '2020-11-17 08:12:20', NULL),
(6317, 3, 124, 'Bangladesh Jute Mill Corporation', NULL, 'বাংলাদেশ পাটকল কর্পোরেশন', NULL, NULL, NULL, '2015-01-27 19:35:44', '2020-11-17 08:12:20', NULL),
(6318, 3, 5603, 'Joint River Commission, Bangladesh', NULL, 'যৌথ নদী কমিশন, বাংলাদেশ', NULL, NULL, NULL, '2015-01-27 19:35:44', '2020-11-17 08:12:20', NULL),
(6319, 3, 0, 'Department of Textiles', NULL, 'বস্ত্র দপ্তর', NULL, NULL, NULL, '2015-01-27 19:35:44', '2020-11-17 08:12:20', NULL),
(6320, 3, 5581, 'Department of Relief and Rehabilitation', NULL, 'ত্রাণ ও পূণর্বাসন অধিদপ্তর', NULL, NULL, NULL, '2015-01-27 19:35:44', '2020-11-17 08:12:20', NULL),
(6321, 3, 5603, 'Flood Forecasting and Warning Center', NULL, 'বন্যার পূর্বাভাস ও সতর্কীকরণ কেন্দ্র', NULL, NULL, NULL, '2015-01-27 19:35:44', '2020-11-17 08:12:20', NULL),
(6322, 3, 124, 'Bangladesh Weaving Board', NULL, 'বাংলাদেশ তাঁত বোর্ড', NULL, NULL, NULL, '2015-01-27 19:35:44', '2020-11-17 08:12:20', NULL),
(6323, 3, 124, 'Bangladesh Arms Factory Corporation', NULL, 'বাংলাদেশ বস্ত্র কারখানা কর্পোরেশন', NULL, NULL, NULL, '2015-01-27 19:35:44', '2020-11-17 08:12:20', NULL),
(6324, 3, 124, 'Bangladesh Silk Research and Training Institute', NULL, 'বাংলাদেশ রেশম গবেষণা ও প্রশিক্ষণ ইনস্টিটিউট', NULL, NULL, NULL, '2015-01-27 19:35:44', '2020-11-17 08:12:20', NULL),
(6325, 3, 124, 'Bangladesh Silk Board', NULL, 'বাংলাদেশ রেশম বোর্ড', NULL, NULL, NULL, '2015-01-27 19:35:44', '2020-11-17 08:12:20', NULL),
(6326, 3, 124, 'Department of Jute', NULL, 'পাট অধিদপ্তর', NULL, NULL, NULL, '2015-01-27 19:35:44', '2020-11-17 08:12:20', NULL),
(6327, 3, 1145, 'Bangladesh Deputy High Commission, Karachi, Pakistan', NULL, 'বাংলাদেশ ডেপুটি হাই কমিশন, করাচী, পাকিস্তান', NULL, NULL, NULL, '2015-01-27 19:35:44', '2020-11-17 08:12:20', NULL),
(6328, 3, 1145, 'Bangladesh High Commission, Kenya', NULL, 'বাংলাদেশ হাই কমিশন, কেনিয়া', NULL, NULL, NULL, '2015-01-27 19:35:44', '2020-11-17 08:12:20', NULL),
(6329, 3, 5596, 'Ashuganj Power Station Company Ltd.', NULL, 'আশুগঞ্জ পাওয়ার স্টেশন কোম্পানী লি.', NULL, NULL, NULL, '2015-01-27 19:35:44', '2020-11-17 08:12:20', NULL),
(6330, 3, 5596, 'Bangladesh Power Development Board', NULL, 'বাংলাদেশ বিদ্যুৎ উন্নয়ন বোর্ড', NULL, NULL, NULL, '2015-01-27 19:35:44', '2020-11-17 08:12:20', NULL),
(6331, 3, 5596, 'Dhaka Electricity Distribution Authority', NULL, 'ঢাকা বিদ্যুৎ বিতরণ কর্তৃপক্ষ', NULL, NULL, NULL, '2015-01-27 19:35:44', '2020-11-17 08:12:20', NULL),
(6332, 3, 1145, 'Embassy of Bangladesh, Jordan', NULL, 'বাংলাদেশ দূতাবাস, জর্ডান', NULL, NULL, NULL, '2015-01-27 19:35:44', '2020-11-17 08:12:20', NULL),
(6333, 3, 5582, 'Bangladesh Madrasa Teacher Training Institute', NULL, 'বাংলাদেশ মাদরাসা শিক্ষক প্রশিক্ষণ ইনস্টিটিউট', NULL, NULL, NULL, '2015-01-27 19:35:44', '2020-11-17 08:12:20', NULL),
(6334, 3, 5582, 'National Computer Training and Research Academy\r\n', NULL, 'জাতীয় কম্পিউটার প্রশিক্ষণ ও গবেষণা একাডেমী', NULL, NULL, NULL, '2015-01-27 19:35:44', '2020-11-17 08:12:20', NULL),
(6335, 3, 5596, 'Dhaka Electricity Distribution Company', NULL, 'ঢাকা বিদ্যুৎ বিতরণ কোম্পানি', NULL, NULL, NULL, '2015-01-27 19:35:44', '2020-11-17 08:12:20', NULL),
(6336, 3, 5582, 'Higher Education Quality Improvement Project', NULL, 'উচ্চশিক্ষা মানোন্নয়ন প্রকল্প', NULL, NULL, NULL, '2015-01-27 19:35:44', '2020-11-17 08:12:20', NULL),
(6337, 3, 1145, 'Bangladesh Deputy High Commission, Kolkata, India', NULL, 'বাংলাদেশ ডেপুটি হাই কমিশন, কোলকাতা, ভারত', NULL, NULL, NULL, '2015-01-27 19:35:44', '2020-11-17 08:12:20', NULL),
(6338, 3, 5596, 'Dhaka Power Distribution Company Limited', NULL, 'ঢাকা বিদ্যুৎ বিতরণ কোম্পানি লিমিটেড', NULL, NULL, NULL, '2015-01-27 19:35:44', '2020-11-17 08:12:20', NULL),
(6339, 3, 5582, 'Board of Secondary and Higher Secondary Education, Bangladesh', NULL, 'মাধ্যমিক ও উচ্চ মাধ্যমিক শিক্ষা বোর্ড, বাংলাদেশ', NULL, NULL, NULL, '2015-01-27 19:35:44', '2020-11-17 08:12:20', NULL),
(6340, 3, 5582, 'Bangladesh Technical Education Board', NULL, 'বাংলাদেশ কারিগরী শিক্ষা বোর্ড', NULL, NULL, NULL, '2015-01-27 19:35:44', '2020-11-17 08:12:20', NULL),
(6341, 3, 1145, 'Embassy of Bangladesh, France', NULL, 'বাংলাদেশ দূতাবাস, ফ্রান্স', NULL, NULL, NULL, '2015-01-27 19:35:44', '2020-11-17 08:12:20', NULL),
(6342, 3, 5596, 'Electricity Generation Company Ltd.', NULL, 'ইলেক্ট্রিসিটি জেনারেশন কোম্পানি লি.', NULL, NULL, NULL, '2015-01-27 19:35:44', '2020-11-17 08:12:20', NULL),
(6343, 3, 5596, 'West Zone Power Distribution Company Ltd.', NULL, 'ওয়েষ্ট জোন পাওয়ার ডিস্ট্রিবিউশন কোম্পানি লি.', NULL, NULL, NULL, '2015-01-27 19:35:44', '2020-11-17 08:12:20', NULL),
(6344, 3, 5596, 'Power cell', NULL, 'পাওয়ার সেল', NULL, NULL, NULL, '2015-01-27 19:35:44', '2020-11-17 08:12:20', NULL),
(6345, 3, 5596, 'Bangladesh Power Grid Company', NULL, 'বাংলাদেশ পাওয়ার গ্রিড কোম্পানি', NULL, NULL, NULL, '2015-01-27 19:35:44', '2020-11-17 08:12:20', NULL),
(6346, 3, 1145, 'Embassy of Bangladesh, Bahrain', NULL, 'বাংলাদেশ দূতাবাস, বাহরাইন', NULL, NULL, NULL, '2015-01-27 19:35:44', '2020-11-17 08:12:20', NULL),
(6347, 3, 5596, 'Rural Electrification Board', NULL, 'পল্লী বিদ্যুতায়ন বোর্ড', NULL, NULL, NULL, '2015-01-27 19:35:44', '2020-11-17 08:12:20', NULL),
(6348, 3, 1145, 'Bangladesh High Commission, Canberra, Australia', NULL, 'বাংলাদেশ হাই কমিশন, ক্যানবেরা, অস্ট্রেলিয়া', NULL, NULL, NULL, '2015-01-27 19:35:44', '2020-11-17 08:12:20', NULL),
(6349, 3, 5596, 'Palli Bidyut Company Limited', NULL, 'পল্লী বিদ্যুৎ কোম্পানি লিমিটেড', NULL, NULL, NULL, '2015-01-27 19:35:44', '2020-11-17 08:12:20', NULL),
(6350, 3, 1145, 'Bangladesh High Commission, Port Seri Begawan, Brunei Darussalam', NULL, 'বাংলাদেশ হাই কমিশন, বন্দর সেরি বেগাওয়ান, ব্রুনেই দারুস সালাম', NULL, NULL, NULL, '2015-01-27 19:35:44', '2020-11-17 08:12:20', NULL),
(6351, 3, 1145, 'Embassy of Bangladesh, Brussels, Belgium', NULL, 'বাংলাদেশ দূতাবাস, ব্রাসেলস, বেলজিয়াম', NULL, NULL, NULL, '2015-01-27 19:35:44', '2020-11-17 08:12:20', NULL),
(6352, 1, 5596, 'Department of Energy', NULL, 'জ্বালানি ও খনিজ সম্পদ বিভাগ', NULL, NULL, NULL, '2015-02-14 03:04:28', '2020-11-17 08:12:20', NULL),
(6353, 3, 1145, 'Bangladesh High Commission, Ottawa, Canada', NULL, 'বাংলাদেশ হাই কমিশন, অটোয়া, কানাডা', NULL, NULL, NULL, '2015-01-27 19:35:44', '2020-11-17 08:12:20', NULL),
(6354, 3, 6352, 'Titas Gas Transmission and Distribution Company', NULL, 'তিতাস গ্যাস ট্রান্সমিশন এন্ড ডিস্ট্রিবিউশন কোম্পানি', NULL, NULL, NULL, '2015-01-27 19:35:44', '2020-11-17 08:12:20', NULL),
(6355, 3, 1145, 'Embassy of Bangladesh, Berlin, Germany', NULL, 'বাংলাদেশ দূতাবাস, বার্লিন, জার্মানী', NULL, NULL, NULL, '2015-01-27 19:35:44', '2020-11-17 08:12:20', NULL),
(6356, 3, 6352, 'Converted Natural Gas Company Ltd.', NULL, 'রূপান্তরিত প্রাকৃতিক গ্যাস কোম্পানী লিঃ', NULL, NULL, NULL, '2015-01-27 19:35:44', '2020-11-17 08:12:20', NULL),
(6357, 3, 6352, 'Bangladesh Oil, Gas and Mineral Corporation', NULL, 'বাংলাদেশ তৈল, গ্যাস ও খনিজ কর্পোরেশন', NULL, NULL, NULL, '2015-01-27 19:35:44', '2020-11-17 08:12:20', NULL),
(6358, 3, 1145, 'Bangladesh High Commission, New Delhi, India', NULL, 'বাংলাদেশ হাই কমিশন, নয়াদিল্লী, ভারত', NULL, NULL, NULL, '2015-01-27 19:35:44', '2020-11-17 08:12:20', NULL),
(6359, 3, 0, 'Bangladesh Energy Regulatory Commission', NULL, 'বাংলাদেশ এনার্জি রেগুলেটরি কমিশন', NULL, NULL, NULL, '2015-01-27 19:35:44', '2020-11-17 08:12:20', NULL),
(6360, 3, 5577, 'National Department of Consumer Protection', NULL, 'জাতীয় ভোক্তা অধিকার সংরক্ষণ অধিদপ্তর', NULL, NULL, NULL, '2015-01-27 19:35:44', '2020-11-17 08:12:20', NULL),
(6361, 3, 5582, 'Department of Secondary and Higher Education', NULL, 'মাধ্যমিক ও উচ্চশিক্ষা অধিদপ্তর', NULL, NULL, NULL, '2015-01-27 19:35:44', '2020-11-17 08:12:20', NULL),
(6362, 3, 5582, 'Department of Technical Education', NULL, 'কারিগরী শিক্ষা অধিদপ্তর', NULL, NULL, NULL, '2015-01-27 19:35:44', '2020-11-17 08:12:20', NULL),
(6363, 3, 5582, 'National Curriculum and Textbook Board', NULL, 'জাতীয় পাঠ্যক্রম ও পাঠ্যপুস্তক বোর্ড', NULL, NULL, NULL, '2015-01-27 19:35:44', '2020-11-17 08:12:20', NULL),
(6364, 3, 5582, 'Bangladesh Madrasa Education Board', NULL, 'বাংলাদেশ মাদরাসা শিক্ষা বোর্ড', NULL, NULL, NULL, '2015-01-27 19:35:44', '2020-11-17 08:12:20', NULL),
(6365, 3, 5582, 'University Grants Commission', NULL, 'বিশ্ববিদ্যালয় মঞ্জুরী কমিশন', NULL, NULL, NULL, '2015-01-27 19:35:44', '2020-11-17 08:12:20', NULL),
(6366, 3, 5582, 'National Academy of Education Management', NULL, 'জাতীয় শিক্ষা ব্যবস্থাপনা একাডেমী', NULL, NULL, NULL, '2015-01-27 19:35:44', '2020-11-17 08:12:20', NULL),
(6367, 3, 5577, 'Bangladesh Tariff Commission', NULL, 'বাংলাদেশ ট্যারিফ কমিশন', NULL, NULL, NULL, '2015-01-27 19:35:44', '2020-11-17 08:12:20', NULL),
(6368, 3, 5582, 'Department of Inspection and Audit', NULL, 'পরিদর্শন ও নিরীক্ষা অধিদপ্তর', NULL, NULL, NULL, '2015-01-27 19:35:44', '2020-11-17 08:12:20', NULL),
(6369, 3, 5582, 'Department of Education Engineering', NULL, 'শিক্ষা প্রকৌশল অধিদপ্তর', NULL, NULL, NULL, '2015-01-27 19:35:44', '2020-11-17 08:12:20', NULL),
(6370, 3, 5582, 'Private Teacher Registration and Certification Authority', NULL, 'বেসরকারী শিক্ষক নিবন্ধন ও সনদ কর্তৃপক্ষ', NULL, NULL, NULL, '2015-01-27 19:35:44', '2020-11-17 08:12:20', NULL),
(6371, 3, 5577, 'Department of Import and Export Control', NULL, 'আমদানি ও রপ্তানি নিয়ন্ত্রণ অধিদপ্তর', NULL, NULL, NULL, '2015-01-27 19:35:44', '2020-11-17 08:12:20', NULL),
(6372, 3, 5577, 'Life Insurance Corporation', NULL, 'জীবন বীমা কর্পোরেশন', NULL, NULL, NULL, '2015-01-27 19:35:44', '2020-11-17 08:12:20', NULL),
(6373, 3, 1145, 'Embassy of Bangladesh, Rome, Italy', NULL, 'বাংলাদেশ দূতাবাস, রোম, ইতালী', NULL, NULL, NULL, '2015-01-27 19:35:44', '2020-11-17 08:12:20', NULL),
(6374, 3, 5577, 'Institute of Chartered Accountants of Bangladesh', NULL, 'ইনস্টিটিউট অব চার্টার্ড একাউন্ট্যান্ট অব বাংলাদেশ', NULL, NULL, NULL, '2015-01-27 19:35:44', '2020-11-17 08:12:20', NULL),
(6375, 3, 1145, 'Embassy of Bangladesh, Tokyo, Japan', NULL, 'বাংলাদেশ দূতাবাস, টোকিও, জাপান', NULL, NULL, NULL, '2015-01-27 19:35:44', '2020-11-17 08:12:20', NULL),
(6376, 3, 1145, 'Bangladesh High Commission, Kuala Lumpur, Malaysia', NULL, 'বাংলাদেশ হাই কমিশন, কুয়ালালামপুর, মালয়েশিয়া', NULL, NULL, NULL, '2015-01-27 19:35:44', '2020-11-17 08:12:20', NULL),
(6377, 3, 5577, 'General Insurance Corporation', NULL, 'সাধারণ বীমা কর্পোরেশন', NULL, NULL, NULL, '2015-01-27 19:35:44', '2020-11-17 08:12:20', NULL),
(6378, 3, 1145, 'Embassy of Bangladesh, Moscow, Russian Federation', NULL, 'বাংলাদেশ দূতাবাস, মস্কো, রাশিয়া ফেডারেশন', NULL, NULL, NULL, '2015-01-27 19:35:44', '2020-11-17 08:12:20', NULL),
(6379, 3, 5577, 'Office of the Registrar of Joint Stock Companies and Firms', NULL, 'অফিস অব দি রেজিস্ট্রার অব জয়েন্ট স্টক কোম্পানি এন্ড ফার্ম', NULL, NULL, NULL, '2015-01-27 19:35:44', '2020-11-17 08:12:20', NULL),
(6380, 3, 1145, 'Embassy of Bangladesh, The Hague, Netherlands', NULL, 'বাংলাদেশ দূতাবাস, হেগ, নেদারল্যান্ড', NULL, NULL, NULL, '2015-01-27 19:35:44', '2020-11-17 08:12:20', NULL),
(6381, 3, 5577, 'Institute of Cost and Management Accountant', NULL, 'ইনস্টিটিউট অব কস্ট এন্ড ম্যানেজমেন্ট একাউন্ট্যান্ট', NULL, NULL, NULL, '2015-01-27 19:35:44', '2020-11-17 08:12:20', NULL),
(6382, 3, 1145, 'Bangladesh High Commission, Islamabad, Pakistan', NULL, 'বাংলাদেশ হাই কমিশন, ইসলামাবাদ, পাকিস্তান', NULL, NULL, NULL, '2015-01-27 19:35:44', '2020-11-17 08:12:20', NULL),
(6383, 3, 5577, 'Trading Corporation of Bangladesh (TCB)', NULL, 'ট্রেডিং কর্পোরেশন অব বাংলাদেশ (টিসিবি)', NULL, NULL, NULL, '2015-01-27 19:35:44', '2020-11-17 08:12:20', NULL),
(6384, 3, 5577, 'Bangladesh Export Development Bureau', NULL, 'বাংলাদেশ রপ্তানী উন্নয়ন ব্যুরো', NULL, NULL, NULL, '2015-01-27 19:35:44', '2020-11-17 08:12:20', NULL),
(6385, 3, 6490, 'Bangladesh Civil Aviation Authority', NULL, 'বাংলাদেশ বেসামরিক বিমান চলাচল কর্তৃপক্ষ', NULL, NULL, NULL, '2015-01-27 19:35:44', '2020-11-17 08:12:20', NULL),
(6386, 3, 5576, 'Bangladesh Tourism Corporation', NULL, 'বাংলাদেশ পর্যটন কর্পোরেশন', NULL, NULL, NULL, '2015-01-27 19:35:44', '2020-11-17 08:12:20', NULL),
(6387, 3, 5588, 'Department of Architecture Department of Urban Development', NULL, 'স্থাপত্য অধিদপ্তরনগর উন্নয়ন অধিদপ্তর', NULL, NULL, NULL, '2015-01-27 19:35:44', '2020-11-17 08:12:20', NULL),
(6388, 3, 5576, 'Bangladesh Biman', NULL, 'বাংলাদেশ বিমান', NULL, NULL, NULL, '2015-01-27 19:35:44', '2020-11-17 08:12:20', NULL),
(6389, 3, 5576, 'Ruposhi Bangla Hotel', NULL, 'রূপসী বাংলা হোটেল', NULL, NULL, NULL, '2015-01-27 19:35:44', '2020-11-17 08:12:20', NULL),
(6390, 3, 5588, 'Directorate of Public Housing', NULL, 'সরকারী আবাসন পরিদপ্তর', NULL, NULL, NULL, '2015-01-27 19:35:44', '2020-11-17 08:12:20', NULL),
(6391, 3, 6484, 'Department of Public Works', NULL, 'গণপূর্ত আধিদপ্তর', NULL, NULL, NULL, '2015-01-27 19:35:44', '2020-11-17 08:12:20', NULL),
(6393, 3, 5577, 'Bangladesh Sugar Board', NULL, 'বাংলাদেশ চিনি বোর্ড', NULL, NULL, NULL, '2015-01-27 19:35:44', '2020-11-17 08:12:20', NULL),
(6395, 3, 0, 'Department of Livestock', NULL, 'প্রাণিসম্পদ অধিদপ্তর', NULL, NULL, NULL, '2015-01-27 19:35:44', '2020-11-17 08:12:20', NULL),
(6396, 3, 0, 'Chittagong Development Authority', NULL, 'চট্টগ্রাম উন্নয়ন কর্তৃপক্ষ', NULL, NULL, NULL, '2015-01-27 19:35:44', '2020-11-17 08:12:20', NULL),
(6397, 3, 0, 'Department of Fisheries', NULL, 'মৎস্য অধিদপ্তর', NULL, NULL, NULL, '2015-01-27 19:35:44', '2020-11-17 08:12:20', NULL),
(6398, 3, 0, 'Bangladesh Livestock Research Institute', NULL, 'বাংলাদেশ প্রাণিসম্পদ গবেষণা ইনস্টিটিউট', NULL, NULL, NULL, '2015-01-27 19:35:44', '2020-11-17 08:12:20', NULL),
(6399, 3, 5602, 'Bangabandhu Sheikh Mujibur Rahman Novo Theater', NULL, 'বঙ্গবন্ধু শেখ মুজিবুর রহমান নভো থিয়েটার', NULL, NULL, NULL, '2015-01-27 19:35:44', '2020-11-17 08:12:20', NULL),
(6401, 3, 5602, 'Bangladesh Council for Scientific and Industrial Research (BCSIR)', NULL, 'বাংলাদেশ বিজ্ঞান ও শিল্প গবেষণা পরিষদ (বিসিএসআইআর)', NULL, NULL, NULL, '2015-01-27 19:35:44', '2020-11-17 08:12:20', NULL),
(6402, 3, 5604, 'Bangladesh Sports Education Institute', NULL, 'বাংলাদেশ ক্রীড়া শিক্ষা প্রতিষ্ঠান', NULL, NULL, NULL, '2015-01-27 19:35:44', '2020-11-17 08:12:20', NULL),
(6403, 3, 5588, 'Housing and Building Research Institute', NULL, 'হাউজিং এন্ড বিল্ডিং রিসার্চ ইনস্টিটিউট', NULL, NULL, NULL, '2015-01-27 19:35:44', '2020-11-17 08:12:20', NULL),
(6404, 3, 5604, 'Department of Youth Development', NULL, 'যুব উন্নয়ন অধিদপ্তর', NULL, NULL, NULL, '2015-01-27 19:35:44', '2020-11-17 08:12:20', NULL),
(6405, 3, 5602, 'National Institute of Biotechnology', NULL, 'ন্যাশনাল ইন্সটিটিউট অব বায়োটেকনোলজী', NULL, NULL, NULL, '2015-01-27 19:35:44', '2020-11-17 08:12:20', NULL),
(6406, 3, 0, 'Khulna Development Authority', NULL, 'খুলনা উন্নয়ন কর্তৃপক্ষ', NULL, NULL, NULL, '2015-01-27 19:35:44', '2020-11-17 08:12:20', NULL),
(6407, 3, 5600, 'Bangladesh Railway', NULL, 'বাংলাদেশ রেলওয়ে', NULL, NULL, NULL, '2015-01-27 19:35:44', '2020-11-17 08:12:20', NULL),
(6408, 3, 5602, 'Bangladesh Atomic Energy Commission', NULL, 'বাংলাদেশ পরমাণু শক্তি কমিশন', NULL, NULL, NULL, '2015-01-27 19:35:44', '2020-11-17 08:12:20', NULL),
(6409, 1, 5578, 'Roads Department', NULL, 'সড়ক বিভাগ', NULL, NULL, NULL, '2015-02-14 03:04:28', '2020-11-17 08:12:20', NULL),
(6410, 3, 1145, 'Embassy of Bangladesh, Riyadh, Saudi Arabia', NULL, 'বাংলাদেশ দূতাবাস, রিয়াদ, সৌদি আরব', NULL, NULL, NULL, '2015-01-27 19:35:44', '2020-11-17 08:12:20', NULL),
(6411, 3, 5602, 'Bangladesh National Scientific and Technical Documentation Center', NULL, 'বাংলাদেশ ন্যাশনাল সায়েন্টিফিক এন্ড টেকনিক্যাল ডকুমেন্টশন সেন্টার', NULL, NULL, NULL, '2015-01-27 19:35:44', '2020-11-17 08:12:20', NULL),
(6412, 3, 6409, 'Department of Roads and Highways', NULL, 'সড়ক ও জনপদ অধিদপ্তর', NULL, NULL, NULL, '2015-01-27 19:35:44', '2020-11-17 08:12:20', NULL),
(6413, 3, 0, 'Bangladesh Road Transport Corporation', NULL, 'বাংলাদেশ সড়ক পরিবহণ কর্পোরেশন', NULL, NULL, NULL, '2015-01-27 19:35:44', '2020-11-17 08:12:20', NULL),
(6414, 3, 5602, 'National Museum of Science and Technology', NULL, 'জাতীয় বিজ্ঞান ও প্রযুক্তি জাদুঘর', NULL, NULL, NULL, '2015-01-27 19:35:44', '2020-11-17 08:12:20', NULL),
(6415, 3, 6409, 'Bangladesh Road Transport Authority', NULL, 'বাংলাদেশ সড়ক পরিবহণ কর্তৃপক্ষ', NULL, NULL, NULL, '2015-01-27 19:35:44', '2020-11-17 08:12:20', NULL),
(6416, 3, 6409, 'Dhaka Transport Coordinating Authority', NULL, 'ঢাকা পরিবহণ সমন্বয় কর্তৃপক্ষ', NULL, NULL, NULL, '2015-01-27 19:35:44', '2020-11-17 08:12:20', NULL),
(6417, 3, 6099, 'Bangladesh Computer Council (BCC)', NULL, 'বাংলাদেশ কম্পিউটার কাউন্সিল (বিসিসি)', NULL, NULL, NULL, '2015-01-27 19:35:44', '2020-11-17 08:12:20', NULL),
(6418, 3, 125, 'Bangladesh Bridge Authority', NULL, 'বাংলাদেশ সেতু কর্তৃপক্ষ', NULL, NULL, NULL, '2015-01-27 19:35:44', '2020-11-17 08:12:20', NULL),
(6419, 3, 1145, 'Bangladesh Consulate, Jeddah, Saudi Arabia', NULL, 'বাংলাদেশ কনস্যুলেট, জেদ্দা, সৌদি আরব', NULL, NULL, NULL, '2015-01-27 19:35:44', '2020-11-17 08:12:20', NULL),
(6420, 3, 6099, 'Controller of Certifying Authorities', NULL, 'কন্ট্রোলার অব সার্টিফাইং অথরিটিজ', NULL, NULL, NULL, '2015-01-27 19:35:44', '2020-11-17 08:12:20', NULL),
(6421, 3, 1145, 'Bangladesh High Commission, Singapore', NULL, 'বাংলাদেশ হাই কমিশন, সিঙ্গাপুর', NULL, NULL, NULL, '2015-01-27 19:35:44', '2020-11-17 08:12:20', NULL),
(6422, 3, 6099, 'Bangladesh Hi-Tech Park Authority', NULL, 'বাংলাদেশ হাই-টেক পার্ক কর্তৃপক্ষ', NULL, NULL, NULL, '2015-01-27 19:35:44', '2020-11-17 08:12:20', NULL),
(6423, 1, 6480, 'Roads Department', NULL, 'সড়ক বিভাগ', NULL, NULL, NULL, '2015-02-14 03:04:28', '2020-11-17 08:12:20', NULL),
(6424, 3, 0, 'Dhaka North City Corporation', NULL, 'ঢাকা উত্তর সিটি কর্পোরেশন', NULL, NULL, NULL, '2015-01-27 19:35:44', '2020-11-17 08:12:20', NULL),
(6425, 3, 1145, 'Embassy of Bangladesh, Stockholm, Sweden', NULL, 'বাংলাদেশ দূতাবাস, স্টকহোম, সুইডেন', NULL, NULL, NULL, '2015-01-27 19:35:44', '2020-11-17 08:12:20', NULL),
(6426, 3, 116, 'Sheikh Zayed Bin Sultan Al Nahyan Trust (Bangladesh)', NULL, 'শেখ জায়েদ বিন সুলতান আল নাহিয়ান ট্রাস্ট (বাংলাদেশ)', NULL, NULL, NULL, '2015-01-27 19:35:44', '2020-11-17 08:12:20', NULL),
(6427, 3, 0, 'Department of Public Health Engineering', NULL, 'জনস্বাস্থ্য প্রকৌশল অধিদপ্তর', NULL, NULL, NULL, '2015-01-27 19:35:44', '2020-11-17 08:12:20', NULL),
(6428, 3, 1145, 'Bangladesh High Commission, London, United Kingdom', NULL, 'বাংলাদেশ হাই কমিশন, লন্ডন, যুক্তরাজ্য', NULL, NULL, NULL, '2015-01-27 19:35:44', '2020-11-17 08:12:20', NULL),
(6429, 3, 1145, 'Embassy of Bangladesh, Washington DC, USA', NULL, 'বাংলাদেশ দূতাবাস, ওয়াশিংটন ডিসি, ইউএসএ', NULL, NULL, NULL, '2015-01-27 19:35:44', '2020-11-17 08:12:20', NULL),
(6430, 3, 0, 'Dhaka South City Corporation', NULL, 'ঢাকা দক্ষিণ সিটি কর্পোরেশন', NULL, NULL, NULL, '2015-01-27 19:35:44', '2020-11-17 08:12:20', NULL),
(6431, 3, 0, 'Chittagong City Corporation', NULL, 'চট্টগ্রাম সিটি কর্পোরেশন', NULL, NULL, NULL, '2015-01-27 19:35:44', '2020-11-17 08:12:20', NULL),
(6432, 3, 1145, 'Permanent Mission of Bangladesh to the United Nations', NULL, 'জাতিসংঘে বাংলাদেশের স্থায়ী মিশন', NULL, NULL, NULL, '2015-01-27 19:35:44', '2020-11-17 08:12:20', NULL),
(6433, 3, 116, 'National Disability Development Foundation', NULL, 'জাতীয় প্রতিবন্ধী উন্নয়ন ফাউন্ডেশন', NULL, NULL, NULL, '2015-01-27 19:35:44', '2020-11-17 08:12:20', NULL),
(6434, 3, 1145, 'Bangladesh Consulate General, New York, USA', NULL, 'বাংলাদেশ কনস্যুলেট জেনারেল, নিউ ইয়র্ক, ইউএসএ', NULL, NULL, NULL, '2015-01-27 19:35:44', '2020-11-17 08:12:20', NULL),
(6435, 3, 1145, 'Bangladesh Consulate General, Los Angeles, USA', NULL, 'বাংলাদেশ কনসুলেট জেনারেল, লস এঞ্জেলস, ইউএসএ', NULL, NULL, NULL, '2015-01-27 19:35:44', '2020-11-17 08:12:20', NULL),
(6436, 3, 0, 'Narayanganj City Corporation', NULL, 'নারায়ণগঞ্জ সিটি কর্পোরেশন', NULL, NULL, NULL, '2015-01-27 19:35:44', '2020-11-17 08:12:20', NULL),
(6437, 3, 116, 'Department of Social Services', NULL, 'সমাজসেবা অধিদপ্তর', NULL, NULL, NULL, '2015-01-27 19:35:44', '2020-11-17 08:12:20', NULL),
(6438, 3, 1145, 'Embassy of Bangladesh, China', NULL, 'বাংলাদেশ দূতাবাস, চীন', NULL, NULL, NULL, '2015-01-27 19:35:44', '2020-11-17 08:12:20', NULL),
(6439, 3, 0, 'Khulna City Corporation', NULL, 'খুলনা সিটি কর্পোরেশন', NULL, NULL, NULL, '2015-01-27 19:35:44', '2020-11-17 08:12:20', NULL),
(6440, 3, 0, 'Sylhet City Corporation', NULL, 'সিলেট সিটি কর্পোরেশন', NULL, NULL, NULL, '2015-01-27 19:35:44', '2020-11-17 08:12:20', NULL),
(6441, 3, 116, 'Bangladesh National Social Welfare Council', NULL, 'বাংলাদেশ জাতীয় সমাজকল্যাণ পরিষদ', NULL, NULL, NULL, '2015-01-27 19:35:44', '2020-11-17 08:12:20', NULL),
(6442, 3, 5584, 'Expatriate Welfare Bank', NULL, 'প্রবাসী কল্যাণ ব্যাংক', NULL, NULL, NULL, '2015-01-27 19:35:44', '2020-11-17 08:12:20', NULL),
(6443, 3, 5584, 'Bangladesh Overseas Employment and Services Ltd. (Boycell)', NULL, 'বাংলাদেশ অভারসীজ এমপ্লয়মেন্ট এন্ড সার্ভিসেস লিঃ (বোয়েসেল)', NULL, NULL, NULL, '2015-01-27 19:35:44', '2020-11-17 08:12:20', NULL),
(6444, 3, 5584, 'Bureau of Manpower Employment and Training', NULL, 'জনশক্তি কর্মসংস্থান ও প্রশিক্ষণ ব্যুরো', NULL, NULL, NULL, '2015-01-27 19:35:44', '2020-11-17 08:12:20', NULL),
(6445, 3, 5601, 'Bangladesh Marine Academy', NULL, 'বাংলাদেশ মেরিন একাডেমী', NULL, NULL, NULL, '2015-01-27 19:35:44', '2020-11-17 08:12:20', NULL),
(6446, 3, 0, 'Bangladesh Election Commission', NULL, 'বাংলাদেশ নির্বাচন কমিশন', NULL, NULL, NULL, '2015-01-27 19:35:44', '2020-11-17 08:12:20', NULL),
(6447, 3, 0, 'Water Supply and Sewerage Authority', NULL, 'পানি সরবরাহ ও পয়: নিষ্কাশন কর্তৃপক্ষ', NULL, NULL, NULL, '2015-01-27 19:35:44', '2020-11-17 08:12:20', NULL),
(6448, 1, 5594, 'Department of Statistics and Information Management', NULL, 'পরিসংখ্যান এবং তথ্য ব্যবস্থাপনা বিভাগ', NULL, NULL, NULL, '2015-02-14 03:04:28', '2020-11-17 08:12:20', NULL),
(6449, 3, 6448, 'Bangladesh Bureau of Statistics', NULL, 'বাংলাদেশ পরিসংখ্যান ব্যুরো', NULL, NULL, NULL, '2015-01-27 19:35:44', '2020-11-17 08:12:20', NULL),
(6450, 3, 5579, 'Nazrul Institute', NULL, 'নজরুল ইন্সটিটিউট', NULL, NULL, NULL, '2015-01-27 19:35:44', '2020-11-17 08:12:20', NULL),
(6451, 3, 5579, 'Bangladesh Shilpakala Academy', NULL, 'বাংলাদেশ শিল্পকলা একাডেমী', NULL, NULL, NULL, '2015-01-27 19:35:44', '2020-11-17 08:12:20', NULL),
(6452, 3, 5579, 'Bangla Academy', NULL, 'বাংলা একাডেমী', NULL, NULL, NULL, '2015-01-27 19:35:44', '2020-11-17 08:12:20', NULL),
(6453, 3, 5579, 'Bangladesh National Museum', NULL, 'বাংলাদেশ জাতীয় জাদুঘর', NULL, NULL, NULL, '2015-01-27 19:35:44', '2020-11-17 08:12:20', NULL),
(6454, 3, 5579, 'Department of Public Libraries', NULL, 'গণগ্রন্থাগার অধিদপ্তর', NULL, NULL, NULL, '2015-01-27 19:35:44', '2020-11-17 08:12:20', NULL),
(6455, 3, 5579, 'Bangladesh Copyright Office', NULL, 'বাংলাদেশ কপিরাইট অফিস', NULL, NULL, NULL, '2015-01-27 19:35:44', '2020-11-17 08:12:20', NULL),
(6456, 3, 5579, 'Department of Archives and Libraries', NULL, 'আর্কাইভস ও গ্রন্থাগার অধিদপ্তর', NULL, NULL, NULL, '2015-01-27 19:35:44', '2020-11-17 08:12:20', NULL),
(6457, 1, 0, 'Department of Rural Development and Cooperatives', NULL, 'পল্লী উন্নয়ন ও সমবায় বিভাগ', NULL, NULL, NULL, '2015-02-14 03:04:28', '2020-11-17 08:12:20', NULL),
(6458, 3, 6457, 'A house is a farm', NULL, 'একটি বাড়ি একটি খামার', NULL, NULL, NULL, '2015-01-27 19:35:44', '2020-11-17 08:12:20', NULL),
(6459, 3, 5587, 'Department of Prisons', NULL, 'কারা অধিদপ্তর', NULL, NULL, NULL, '2015-01-27 19:35:44', '2020-11-17 08:12:20', NULL),
(6460, 3, 6457, 'Bangladesh Rural Development Academy', NULL, 'বাংলাদেশ পল্লী উন্নয়ন একাডেমী', NULL, NULL, NULL, '2015-01-27 19:35:44', '2020-11-17 08:12:20', NULL),
(6461, 3, 6457, 'Department of Cooper', NULL, 'সমবায় অধিদপ্তর', NULL, NULL, NULL, '2015-01-27 19:35:44', '2020-11-17 08:12:20', NULL),
(6462, 3, 6457, 'Bangladesh Rural Development Board', NULL, 'বাংলাদেশ পল্লী উন্নয়ন বোর্ড', NULL, NULL, NULL, '2015-01-27 19:35:44', '2020-11-17 08:12:20', NULL),
(6463, 3, 5587, 'Police Reform Program (PRP)', NULL, 'পুলিশ রিফর্ম প্রোগ্রাম (পিআরপি)', NULL, NULL, NULL, '2015-01-27 19:35:44', '2020-11-17 08:12:20', NULL),
(6464, 3, 5587, 'Dhaka Metropolitan Police', NULL, 'ঢাকা মেট্রোপলিটন পুলিশ', NULL, NULL, NULL, '2015-01-27 19:35:44', '2020-11-17 08:12:20', NULL),
(6465, 3, 5587, 'Police Internal Oversight', NULL, 'পুলিশ ইন্টারনাল ওভারসাইট', NULL, NULL, NULL, '2015-01-27 19:35:44', '2020-11-17 08:12:20', NULL),
(6466, 3, 5587, 'Department of Immigration and Passports', NULL, 'বহিরাগমন ও পাসপোর্ট অধিদপ্তর', NULL, NULL, NULL, '2015-01-27 19:35:44', '2020-11-17 08:12:20', NULL),
(6467, 3, 5587, 'Border Guard Bangladesh', NULL, 'বর্ডার গার্ড বাংলাদেশ', NULL, NULL, NULL, '2015-01-27 19:35:44', '2020-11-17 08:12:20', NULL),
(6468, 3, 120, 'Department of Drug Administration', NULL, 'ঔষধ প্রশাসন অধিদপ্তর', NULL, NULL, NULL, '2015-01-27 19:35:44', '2020-11-17 08:12:20', NULL),
(6469, 3, 5587, 'Bangladesh Ansar and Village Defense Force', NULL, 'বাংলাদেশ আনসার ও গ্রাম প্রতিরক্ষা বাহিনী', NULL, NULL, NULL, '2015-01-27 19:35:44', '2020-11-17 08:12:20', NULL),
(6470, 3, 120, 'Department of Family Planning', NULL, 'পরিবার পরিকল্পনা অধিদপ্তর', NULL, NULL, NULL, '2015-01-27 19:35:44', '2020-11-17 08:12:20', NULL),
(6471, 3, 5587, 'Bangladesh Coast Guard', NULL, 'বাংলাদেশ কোস্ট গার্ড', NULL, NULL, NULL, '2015-01-27 19:35:44', '2020-11-17 08:12:20', NULL),
(6472, 3, 120, 'Department of Health', NULL, 'স্বাস্থ্য অধিদপ্তর', NULL, NULL, NULL, '2015-01-27 19:35:44', '2020-11-17 08:12:20', NULL),
(6473, 3, 5587, 'Rapid Action Battalion', NULL, 'র‌্যাপিড এ্যাকশন ব্যাটালিয়ন', NULL, NULL, NULL, '2015-01-27 19:35:44', '2020-11-17 08:12:20', NULL),
(6474, 3, 120, 'International Center for Diarrhea Research, Bangladesh', NULL, 'আন্তর্জাতিক উদরাময় রোগ গবেষণা কেন্দ্র, বাংলাদেশ', NULL, NULL, NULL, '2015-01-27 19:35:44', '2020-11-17 08:12:20', NULL),
(6475, 3, 120, 'National Electro-Medical Equipment Maintenance Workshop and Training Center', NULL, 'ন্যাশনাল ইলেকট্রো-মেডিকেল ইকুইপমেন্ট মেইনটেন্যান্স ওয়ার্কসপ এন্ড ট্রেনিং সেন্টার', NULL, NULL, NULL, '2015-01-27 19:35:44', '2020-11-17 08:12:20', NULL),
(6476, 3, 120, 'National Population Research and Training Center', NULL, 'জাতীয় জনসংখ্যা গবেষণা ও প্রশিক্ষণ কেন্দ্র', NULL, NULL, NULL, '2015-01-27 19:35:44', '2020-11-17 08:12:20', NULL),
(6477, 3, 756, 'Bangladesh Television', NULL, 'বাংলাদেশ টেলিভিশন', NULL, NULL, NULL, '2015-01-27 19:35:44', '2020-11-17 08:12:20', NULL),
(6478, 3, 756, 'Bangladesh Film Censor Board', NULL, 'বাংলাদেশ চলচ্চিত্র সেন্সর বোর্ড', NULL, NULL, NULL, '2015-01-27 19:35:44', '2020-11-17 08:12:20', NULL),
(6481, 3, 122, 'Department of Women\'s Affairs', NULL, 'মহিলা বিষয়ক অধিদপ্তর', NULL, NULL, NULL, '2015-01-27 19:35:44', '2020-11-17 08:12:20', NULL),
(6482, 3, 6423, 'Department of Local Government Engineering', NULL, 'স্থানীয় সরকার প্রকৌশল অধিদপ্তর', NULL, NULL, NULL, '2015-01-27 19:35:44', '2020-11-17 08:12:20', NULL),
(6483, 3, 5587, 'Police Headquarters, Bangladesh Police', NULL, 'পুলিশ হেডকোয়াটার্স, বাংলাদেশ পুলিশ', NULL, NULL, NULL, '2015-01-27 19:35:44', '2020-11-17 08:12:20', NULL),
(6484, 1, 0, 'Ministry of Housing and Public Works', NULL, 'গৃহায়ণ ও গণপূর্ত মন্ত্রণালয়', NULL, NULL, NULL, '2015-02-14 03:04:28', '2020-11-17 08:12:20', NULL),
(6485, 3, 0, 'Test', NULL, 'টেষ্ট', NULL, NULL, NULL, '2015-01-27 19:35:44', '2020-11-17 08:12:20', NULL),
(6487, 1, 0, 'Ministry of Land', NULL, 'ভূমি মন্ত্রণালয়', NULL, NULL, NULL, '2015-02-14 03:04:28', '2020-11-17 08:12:20', NULL),
(6488, 1, 0, 'Office of the President', NULL, 'রাষ্ট্রপতির কার্যালয়', NULL, NULL, NULL, '2015-02-14 03:04:28', '2020-11-17 08:12:20', NULL),
(6489, 1, 0, 'Ministry of Chittagong Hill Tracts Affairs', NULL, 'পার্বত্য চট্টগ্রাম বিষয়ক মন্ত্রণালয়', NULL, NULL, NULL, '2015-02-14 03:04:28', '2020-11-17 08:12:20', NULL),
(6490, 1, 0, 'Ministry of Civil Aviation and Tourism', NULL, 'বেসামরিক বিমান পরিবহন ও পর্যটন মন্ত্রণালয়', NULL, NULL, NULL, '2015-02-14 03:04:28', '2020-11-17 08:12:20', NULL),
(6509, 3, 6099, 'Department of Information and Communication Technology', NULL, 'তথ্য ও যোগাযোগ প্রযুক্তি অধিদপ্তর', NULL, NULL, NULL, '2015-01-27 19:35:44', '2020-11-17 08:12:20', NULL),
(6511, 3, 6488, 'Public Department', NULL, 'জন বিভাগ', NULL, NULL, NULL, '2015-01-27 19:35:44', '2020-11-17 08:12:20', NULL),
(6512, 3, 6488, 'Your section', NULL, 'আপন বিভাগ', NULL, NULL, NULL, '2015-01-27 19:35:44', '2020-11-17 08:12:20', NULL),
(6515, 3, 6199, 'Bangladesh Navy', NULL, 'বাংলাদেশ নৌ-বাহিনী', NULL, NULL, NULL, '2015-01-27 19:35:44', '2020-11-17 08:12:20', NULL),
(6516, 3, 5582, 'Bangladesh Bureau of Education Information and Statistics (BANBASE)', NULL, 'বাংলাদেশ শিক্ষা তথ্য ও পরিসংখ্যান ব্যুরো (ব্যানবেইস)', NULL, NULL, NULL, '2015-01-27 19:35:44', '2020-11-17 08:12:20', NULL),
(6517, 3, 5598, 'Department of Government Vehicles', NULL, 'সরকারি যানবাহন অধিদপ্তর', NULL, NULL, NULL, '2015-01-27 19:35:44', '2020-11-17 08:12:20', NULL),
(6518, 3, 5601, 'Bangladesh Inland Water Transport Authority', NULL, 'বাংলাদেশ অভ্যন্তরীণ নৌ-পরিবহন কর্তৃপক্ষ', NULL, NULL, NULL, '2015-01-27 19:35:44', '2020-11-17 08:12:20', NULL),
(6519, 3, 5601, 'Bangladesh Inland Water Transport Corporation', NULL, 'বাংলাদেশ অভ্যন্তরীণ নৌ-পরিবহন কর্পোরেশন', NULL, NULL, NULL, '2015-01-27 19:35:44', '2020-11-17 08:12:20', NULL),
(6520, 3, 5601, 'Bangladesh Shipping Corporation', NULL, 'বাংলাদেশ শিপিং কর্পোরেশন', NULL, NULL, NULL, '2015-01-27 19:35:44', '2020-11-17 08:12:20', NULL),
(6521, 3, 5601, 'Department of Shipping', NULL, 'শিপিং অধিদপ্তর', NULL, NULL, NULL, '2015-01-27 19:35:44', '2020-11-17 08:12:20', NULL),
(6522, 3, 5598, 'Bangladesh Employees Welfare Board (BKB)', NULL, 'বাংলাদেশ কর্মচারি কল্যাণ বোর্ড (বিকেকেবি)', NULL, NULL, NULL, '2015-01-27 19:35:44', '2020-11-17 08:12:20', NULL),
(6523, 3, 5601, 'Chittagong Port Authority', NULL, 'চট্টগ্রাম বন্দর কর্তৃপক্ষ', NULL, NULL, NULL, '2015-01-27 19:35:44', '2020-11-17 08:12:20', NULL),
(6524, 3, 5601, 'Mongla Port Authority', NULL, 'মংলা বন্দর কর্তৃপক্ষ', NULL, NULL, NULL, '2015-01-27 19:35:44', '2020-11-17 08:12:20', NULL),
(6525, 3, 6457, 'Rural Development Academy', NULL, 'পল্লী উন্নয়ন একাডেমী', NULL, NULL, NULL, '2015-01-27 19:35:44', '2020-11-17 08:12:20', NULL),
(6528, 3, 126, 'Bangladesh Bank', NULL, 'বাংলাদেশ ব্যাংক', NULL, NULL, NULL, '2015-01-27 19:35:44', '2020-11-17 08:12:20', NULL),
(6529, 3, 126, 'Microcredit Regulatory Authority', NULL, 'মাইক্রোক্রেডিট রেগুলেটরী অথরিটি', NULL, NULL, NULL, '2015-01-27 19:35:44', '2020-11-17 08:12:20', NULL),
(6530, 3, 126, 'Insurance Development and Regulation Authority Bangladesh', NULL, 'বীমা উন্নয়ন ও নিয়ন্ত্রক কর্তৃপক্ষ বাংলাদেশ', NULL, NULL, NULL, '2015-01-27 19:35:44', '2020-11-17 08:12:20', NULL),
(6531, 3, 5598, 'Bangladesh Public Service Commission', NULL, 'বাংলাদেশ সরকারি কর্ম কমিশন', NULL, NULL, NULL, '2015-01-27 19:35:44', '2020-11-17 08:12:20', NULL),
(6532, 3, 6423, 'Department of Public Health Engineering', NULL, 'জনস্বাস্থ্য প্রোকৌশল অধিদপ্তর', NULL, NULL, NULL, '2015-01-27 19:35:44', '2020-11-17 08:12:20', NULL),
(6533, 3, 6484, 'Department of Architecture', NULL, 'স্থাপত্য অধিদপ্তর', NULL, NULL, NULL, '2015-01-27 19:35:44', '2020-11-17 08:12:20', NULL),
(6534, 3, 6484, 'National Housing Authority', NULL, 'জাতীয় গৃহায়ন কর্তৃপক্ষ', NULL, NULL, NULL, '2015-01-27 19:35:44', '2020-11-17 08:12:20', NULL),
(6535, 3, 6484, 'Department of Urban Development', NULL, 'নগর উন্নয়ন অধিদপ্তর', NULL, NULL, NULL, '2015-01-27 19:35:44', '2020-11-17 08:12:20', NULL),
(6536, 3, 6484, 'Capital Development Authority (RAJUK)', NULL, 'রাজধানী উন্নয়ন কর্তৃপক্ষ (রাজউক)', NULL, NULL, NULL, '2015-01-27 19:35:44', '2020-11-17 08:12:20', NULL),
(6537, 3, 6484, 'Chittagong Development Authority', NULL, 'চট্টগ্রাম উন্নয়ন কর্তৃপক্ষ', NULL, NULL, NULL, '2015-01-27 19:35:44', '2020-11-17 08:12:20', NULL),
(6538, 3, 6484, 'Rajshahi Development Authority', NULL, 'রাজশাহী উন্নয়ন কর্তৃপক্ষ', NULL, NULL, NULL, '2015-01-27 19:35:44', '2020-11-17 08:12:20', NULL),
(6539, 3, 6484, 'Khulna Development A', NULL, 'খুলনা উন্নয়ন কর্তৃপক্ষ', NULL, NULL, NULL, '2015-01-27 19:35:44', '2020-11-17 08:12:20', NULL),
(6540, 3, 6484, 'Housing and Building Research Institute', NULL, 'হাউজিং এন্ড বিল্ডিং রিসার্চ ইনষ্টিটিউট', NULL, NULL, NULL, '2015-01-27 19:35:44', '2020-11-17 08:12:20', NULL),
(6541, 1, 0, 'Ministry of Power, Energy and Mineral Resources', NULL, 'বিদ্যুৎ, জ্বালানি ও খনিজ সম্পদ মন্ত্রণালয়', NULL, NULL, NULL, '2015-02-14 03:04:28', '2020-11-17 08:12:20', NULL),
(6542, 1, 0, 'Ministry of Planning', NULL, 'পরিকল্পনা মন্ত্রণালয়', NULL, NULL, NULL, '2015-02-14 03:04:28', '2020-11-17 08:12:20', NULL),
(6543, 1, 0, 'Ministry of Local Government, Rural Development and Cooperatives', NULL, 'স্থানীয় সরকার, পল্লী উন্নয়ন ও সমবায় মন্ত্রণালয়', NULL, NULL, NULL, '2015-02-14 03:04:28', '2020-11-17 08:12:20', NULL),
(6545, 3, 6227, 'Salary and Employment Commission 2013', NULL, 'বেতন ও চাকরি কমিশন ২০১৩', NULL, NULL, NULL, '2015-01-27 19:35:44', '2020-11-17 08:12:20', NULL),
(6554, 3, 0, 'Department of Public Transport', NULL, 'সরকারী যানবাহন অধিদপ্তর', NULL, NULL, NULL, '2015-01-27 19:35:44', '2020-11-17 08:12:20', NULL),
(6555, 3, 5934, 'Access to Information (A2I) program', NULL, 'একসেস টু ইনফরমেশন (এটুআই) প্রোগ্রাম', NULL, NULL, NULL, '2015-12-13 22:48:37', '2020-11-17 08:12:20', NULL),
(6556, 3, 6200, 'Postal Department', NULL, 'ডাক বিভাগ', NULL, NULL, NULL, '2016-01-11 22:20:30', '2020-11-17 08:12:20', NULL),
(6557, 4, 0, 'Mymensingh Division', NULL, 'ময়মনসিংহ', NULL, NULL, NULL, '2017-10-03 16:19:23', '2020-11-17 08:12:20', NULL),
(6558, 2, 6542, 'Implementation Monitoring and Evaluation Division', NULL, 'বাস্তবায়ন পরিবীক্ষণ ও মূল্যায়ন বিভাগ', NULL, NULL, NULL, '2016-06-27 20:30:46', '2020-11-17 08:12:20', NULL),
(6559, 6, 2942, 'Mirpur Metro', NULL, 'মিরপুর মেট্রো', NULL, NULL, NULL, '2017-07-23 03:41:35', '2020-11-17 08:12:20', NULL),
(6560, 6, 2942, 'Mohammadpur Metro', NULL, 'মোহাম্মদপুর মেট্রো', NULL, NULL, NULL, '2017-07-23 03:42:29', '2020-11-17 08:12:20', NULL),
(6561, 6, 2942, 'Gulshan Metro', NULL, 'গুলশান মেট্রো', NULL, NULL, NULL, '2017-07-23 03:42:31', '2020-11-17 08:12:20', NULL),
(6562, 6, 2942, 'Uttara Metro', NULL, 'উত্তরা মেট্রো', NULL, NULL, NULL, '2017-07-23 03:42:33', '2020-11-17 08:12:20', NULL),
(6563, 6, 2942, 'Kamrangirchar Metro', NULL, 'কামরাঙ্গীরচর মেট্রো', NULL, NULL, NULL, '2017-07-23 03:42:35', '2020-11-17 08:12:20', NULL),
(6564, 6, 1004, 'Boalia Metro', NULL, 'বোয়ালিয়া মেট্রো', NULL, NULL, NULL, '2017-07-23 03:45:56', '2020-11-17 08:12:20', NULL),
(6565, 6, 1004, 'Motihar Metro', NULL, 'মতিহার মেট্রো', NULL, NULL, NULL, '2017-07-23 03:45:58', '2020-11-17 08:12:20', NULL),
(6566, 6, 2056, 'Daulatpur Metro', NULL, 'দৌলতপুর মেট্রো', NULL, NULL, NULL, '2017-07-23 03:48:46', '2020-11-17 08:12:20', NULL),
(6567, 6, 2056, 'Salty metro', NULL, 'লবণচরা মেট্রো', NULL, NULL, NULL, '2017-07-23 03:48:50', '2020-11-17 08:12:20', NULL),
(6568, 6, 3152, 'Double Mooring Metro', NULL, 'ডাবলমুড়িং মেট্রো', NULL, NULL, NULL, '2017-07-23 03:59:03', '2020-11-17 08:12:20', NULL),
(6569, 6, 3152, 'Panchlaish Metro', NULL, 'পাঁচলাইশ মেট্রো', NULL, NULL, NULL, '2017-07-23 03:59:05', '2020-11-17 08:12:20', NULL),
(6570, 6, 3152, 'Patenga Metro', NULL, 'পতেঙ্গা মেট্রো', NULL, NULL, NULL, '2017-07-23 03:59:07', '2020-11-17 08:12:20', NULL),
(6571, 6, 128, 'Amberkhana Metro', NULL, 'আম্বরখানা মেট্রো', NULL, NULL, NULL, '2017-07-23 03:53:12', '2020-11-17 08:12:20', NULL),
(6572, 6, 999, 'Rupatali Metro', NULL, 'রূপাতলী মেট্রো', NULL, NULL, NULL, '2017-07-23 03:54:30', '2020-11-17 08:12:20', NULL),
(6573, 6, 1987, 'Tajhat Metro', NULL, 'তাজহাট মেট্রো', NULL, NULL, NULL, '2017-07-23 03:55:56', '2020-11-17 08:12:20', NULL),
(6574, 6, 2001, 'Phulpur Upazila', NULL, 'ফুলপুর  উপজেলা', NULL, NULL, NULL, '2017-07-23 04:04:50', '2020-11-17 08:12:20', NULL),
(6575, 6, 72, 'Rajapur Upazila', NULL, 'রাজাপুর উপজেলা', NULL, NULL, NULL, '2017-07-23 04:07:30', '2020-11-17 08:12:20', NULL),
(6576, 6, 996, 'Galachipa Upazila', NULL, 'গলাচিপা উপজেলা', NULL, NULL, NULL, '2017-07-23 04:08:36', '2020-11-17 08:12:20', NULL),
(6577, 6, 1007, 'Bandar Upazila', NULL, 'বন্দর উপজেলা', NULL, NULL, NULL, '2017-07-23 04:09:52', '2020-11-17 08:12:20', NULL),
(6578, 6, 1185, 'Khetlal Upazila', NULL, 'ক্ষেতলাল উপজেলা', NULL, NULL, NULL, '2017-07-23 04:25:01', '2020-11-17 08:12:20', NULL),
(6579, 6, 1185, 'Panchbibi Upazila', NULL, 'পাঁচবিবি উপজেলা', NULL, NULL, NULL, '2017-07-23 04:25:02', '2020-11-17 08:12:20', NULL),
(6580, 6, 128, 'Osmani Nagar Upazila', NULL, 'ওসমানী নগর উপজেলা', NULL, NULL, NULL, '2017-07-31 03:12:09', '2020-11-17 08:12:20', NULL),
(6581, 6, 1040, 'Naldanga Upazila', NULL, 'নলডাঙ্গা  উপজেলা', NULL, NULL, NULL, '2017-07-31 03:13:24', '2020-11-17 08:12:20', NULL),
(6582, 6, 996, 'Rangabali Upazila', NULL, 'রাঙ্গাবালী  উপজেলা', NULL, NULL, NULL, '2017-07-31 03:15:14', '2020-11-17 08:12:20', NULL),
(6583, 6, 2262, 'Purbadhala Upazila', NULL, 'পূর্বধলা উপজেলা', NULL, NULL, NULL, '2017-07-31 03:16:18', '2020-11-17 08:12:20', NULL),
(6584, 6, 1006, 'Kabirhat Upazila', NULL, 'কবিরহাট উপজেলা', NULL, NULL, NULL, '2017-07-31 03:18:35', '2020-11-17 08:12:20', NULL),
(6585, 6, 1187, 'Charfassion Upazila', NULL, 'চরফ্যাশন উপজেলা', NULL, NULL, NULL, '2017-07-31 03:19:55', '2020-11-17 08:12:20', NULL),
(6586, 7, 0, 'Rangpur', NULL, 'রংপুর', NULL, NULL, NULL, '2017-09-23 02:05:22', '2020-11-17 08:12:20', NULL),
(6587, 7, 0, 'Dinajpur', NULL, 'দিনাজপুর', NULL, NULL, NULL, '2017-09-23 02:05:31', '2020-11-17 08:12:20', NULL),
(6588, 7, 0, 'Bogra', NULL, 'বগুড়া', NULL, NULL, NULL, '2017-09-23 02:05:41', '2020-11-17 08:12:20', NULL),
(6589, 7, 0, 'Rajshahi', NULL, 'রাজশাহী', NULL, NULL, NULL, '2017-09-23 02:05:53', '2020-11-17 08:12:20', NULL),
(6590, 7, 0, 'Jessore', NULL, 'যশোর', NULL, NULL, NULL, '2017-09-23 02:06:04', '2020-11-17 08:12:20', NULL),
(6591, 7, 0, 'Khulna', NULL, 'খুলনা', NULL, NULL, NULL, '2017-09-23 02:06:13', '2020-11-17 08:12:20', NULL),
(6592, 7, 0, 'Barisal', NULL, 'বরিশাল', NULL, NULL, NULL, '2017-09-23 02:06:23', '2020-11-17 08:12:20', NULL),
(6593, 7, 0, 'Dhaka', NULL, 'ফরিদপুর', NULL, NULL, NULL, '2017-09-23 02:06:32', '2020-11-17 08:12:20', NULL),
(6594, 7, 0, 'Dhaka', NULL, 'ঢাকা', NULL, NULL, NULL, '2017-09-23 02:06:41', '2020-11-17 08:12:20', NULL),
(6595, 7, 0, 'Mymensingh', NULL, 'ময়মনসিংহ', NULL, NULL, NULL, '2017-09-23 02:07:18', '2020-11-17 08:12:20', NULL),
(6596, 7, 0, 'Sylhet', NULL, 'সিলেট', NULL, NULL, NULL, '2017-09-23 02:07:26', '2020-11-17 08:12:20', NULL),
(6597, 7, 0, 'Comilla', NULL, 'কুমিল্লা', NULL, NULL, NULL, '2017-09-23 02:07:36', '2020-11-17 08:12:20', NULL),
(6598, 7, 0, 'Chittagong', NULL, 'চট্টগ্রাম', NULL, NULL, NULL, '2017-09-23 02:07:44', '2020-11-17 08:12:20', NULL),
(6599, 7, 0, 'Rangamati', NULL, 'রাঙ্গামাটি', NULL, NULL, NULL, '2017-09-23 03:03:55', '2020-11-17 08:12:20', NULL);

-- --------------------------------------------------------

--
-- Table structure for table `brands`
--

CREATE TABLE `brands` (
  `id` int(11) NOT NULL,
  `warehouse_id` int(11) DEFAULT NULL,
  `code` varchar(20) DEFAULT NULL,
  `name` varchar(50) NOT NULL,
  `image` text,
  `slug` varchar(55) DEFAULT NULL,
  `created_at` datetime NOT NULL,
  `updated_at` timestamp NOT NULL DEFAULT CURRENT_TIMESTAMP ON UPDATE CURRENT_TIMESTAMP,
  `deleted_at` datetime DEFAULT NULL
) ENGINE=InnoDB DEFAULT CHARSET=utf8;

--
-- Dumping data for table `brands`
--

INSERT INTO `brands` (`id`, `warehouse_id`, `code`, `name`, `image`, `slug`, `created_at`, `updated_at`, `deleted_at`) VALUES
(1, 22, 'brand-202', 'দরজিবারি', '/images/1533453978315_brand.jpg', 'দরজিবারি', '2018-08-05 13:26:18', '2020-11-19 12:23:49', NULL),
(2, 22, 'sdsd', 'ব্যাঙ', '/images/1533454050647_brand.jpg', 'ব্যাঙ', '2018-08-05 13:27:30', '2020-11-18 11:43:03', '2020-11-18 11:43:03'),
(3, 23, 'rere', 'chondrobindhu', '/images/35ee4ecb-8251-45b1-953a-8aedb9bfb2ac.jpg', 'chondrobindhu', '2018-08-05 21:07:43', '2020-11-21 10:42:20', NULL),
(6, 23, '001', 'Gucci', '/images/1dd99c60-5fb8-40cd-9ab4-61c4e9c427aa.jpeg', 'gucci', '2018-11-29 13:49:39', '2020-11-04 12:47:43', NULL),
(7, 22, 'rex001', 'Rex', NULL, 'rex', '2020-11-17 05:51:03', '2020-11-21 10:41:41', '2020-11-21 10:41:41'),
(8, NULL, 'polo', 'Polo', NULL, 'polo', '2020-11-30 04:17:09', '2020-11-30 04:17:09', NULL),
(9, NULL, 'infinity', 'Infinity', NULL, 'infinity', '2020-11-30 04:17:34', '2020-11-30 09:51:05', '2020-11-30 09:51:05'),
(10, NULL, 'aarong', 'Aarong', NULL, 'aarong', '2020-11-30 04:18:36', '2020-11-30 04:18:36', NULL),
(11, NULL, 'infinity', 'INFINITY', NULL, 'infinity', '2020-11-30 04:33:03', '2020-11-30 04:33:03', NULL),
(12, NULL, '67', 'Samsung', '/images/6631dbe9-9d1b-48df-a5c6-fa63aa4d52b4.jpg', 'samsung', '2020-11-30 05:22:07', '2020-11-30 05:22:07', NULL),
(13, NULL, 'amin-jeweller', 'Amin Jewellers', NULL, 'amin-jewellers', '2020-11-30 07:17:07', '2020-11-30 07:17:07', NULL),
(14, NULL, 'nivea', 'Nivea', NULL, 'nivea', '2020-11-30 09:53:42', '2020-11-30 09:53:42', NULL),
(15, NULL, 'dove', 'Dove', NULL, 'dove', '2020-11-30 09:59:02', '2020-11-30 09:59:02', NULL),
(16, NULL, 'infa-feeder', 'Infa-feeder', NULL, 'infa-feeder', '2020-11-30 10:25:22', '2020-11-30 10:25:22', NULL),
(17, NULL, 'other', 'Other brands', NULL, 'other-brands', '2020-11-30 10:52:53', '2020-11-30 10:52:53', NULL),
(18, NULL, '100', 'Kiyara', '/images/3cdbd555-8a42-4621-b022-0db8af089108.jpg', 'kiyara', '2020-12-01 06:22:37', '2020-12-01 06:22:37', NULL);

-- --------------------------------------------------------

--
-- Table structure for table `carts`
--

CREATE TABLE `carts` (
  `id` int(11) NOT NULL,
  `user_id` int(11) DEFAULT NULL,
  `ip_address` varchar(45) DEFAULT NULL,
  `total_quantity` int(11) NOT NULL,
  `total_price` decimal(25,4) NOT NULL,
  `status` tinyint(4) DEFAULT NULL,
  `created_at` datetime NOT NULL DEFAULT '1970-01-01 00:00:00',
  `updated_at` timestamp NULL DEFAULT CURRENT_TIMESTAMP,
  `deleted_at` datetime DEFAULT NULL
) ENGINE=InnoDB DEFAULT CHARSET=latin1;

--
-- Dumping data for table `carts`
--

INSERT INTO `carts` (`id`, `user_id`, `ip_address`, `total_quantity`, `total_price`, `status`, `created_at`, `updated_at`, `deleted_at`) VALUES
(1, 54, '', 2, '4000.0000', 1, '2020-12-14 09:55:08', '2020-12-17 06:43:29', '2020-12-17 06:43:29'),
(2, 65, '', 2, '2000.0000', 1, '2020-12-14 09:57:16', '2020-12-14 11:50:28', '2020-12-14 11:50:28'),
(3, 65, '', 4, '14019.0000', 1, '2020-12-14 11:50:28', '2020-12-14 12:41:51', '2020-12-14 12:41:51'),
(4, 65, '', 2, '1540.0000', 1, '2020-12-14 12:41:51', '2020-12-14 13:12:12', '2020-12-14 13:12:12'),
(5, 65, '', 1, '990.0000', 1, '2020-12-14 13:12:13', '2020-12-14 13:51:04', '2020-12-14 13:51:04'),
(6, 65, '', 16, '25370.0000', 1, '2020-12-14 13:51:04', '2020-12-15 07:43:01', '2020-12-15 07:43:01'),
(7, 65, '', 5, '6145.0000', 1, '2020-12-15 07:43:01', '2020-12-15 07:50:31', '2020-12-15 07:50:31'),
(8, 65, '', 4, '9240.0000', 1, '2020-12-15 07:50:31', '2020-12-15 07:53:15', '2020-12-15 07:53:15'),
(9, 65, '', 3, '6880.0000', 1, '2020-12-15 07:53:15', '2020-12-15 07:53:55', '2020-12-15 07:53:55'),
(10, 65, '', 5, '7709.0000', 1, '2020-12-15 07:53:55', '2020-12-15 07:56:25', '2020-12-15 07:56:25'),
(11, 65, '', 2, '7000.0000', 1, '2020-12-15 07:56:25', '2020-12-15 07:59:59', '2020-12-15 07:59:59'),
(12, 65, '', 2, '12540.0000', 1, '2020-12-15 07:59:59', '2020-12-15 10:11:02', '2020-12-15 10:11:02'),
(13, 65, '', 0, '210.0000', 1, '2020-12-15 10:11:02', '2020-12-17 06:40:20', '2020-12-17 06:40:20'),
(14, 65, '', 2, '2675.0000', 1, '2020-12-17 06:40:20', '2020-12-17 06:53:58', '2020-12-17 06:53:58'),
(15, 54, '', 20, '121779.0000', 1, '2020-12-17 06:43:29', '2020-12-22 08:25:14', '2020-12-22 08:25:14'),
(16, 65, '', 3, '4575.0000', 1, '2020-12-17 06:53:58', '2020-12-17 07:13:42', '2020-12-17 07:13:42'),
(17, 65, '', 1, '1520.0000', 1, '2020-12-17 07:13:42', '2020-12-17 07:14:21', '2020-12-17 07:14:21'),
(18, 65, '', 3, '1318.0000', 1, '2020-12-17 07:15:17', '2020-12-22 08:30:04', '2020-12-22 08:30:04'),
(19, 54, '', 0, '0.0000', 1, '2020-12-22 08:25:14', '2020-12-22 10:27:52', NULL),
(20, 65, '', 3, '3540.0000', 1, '2020-12-22 08:30:04', '2020-12-22 08:30:28', '2020-12-22 08:30:28'),
(21, 65, '', 16, '26529.0000', 1, '2020-12-22 08:30:28', '2020-12-22 08:32:26', '2020-12-22 08:32:26'),
(22, 65, '', 2, '2100.0000', 1, '2020-12-22 08:32:27', '2020-12-22 11:30:17', '2020-12-22 11:30:17'),
(23, 65, '', 0, '0.0000', 1, '2020-12-22 11:30:17', '2020-12-22 11:30:17', NULL),
(24, 60, '', 0, '0.0000', 1, '2020-12-26 05:46:29', '2020-12-26 05:46:29', NULL),
(25, 142, '', 0, '0.0000', 1, '2020-12-26 05:48:22', '2020-12-26 05:48:22', NULL);

-- --------------------------------------------------------

--
-- Table structure for table `cart_items`
--

CREATE TABLE `cart_items` (
  `id` int(11) NOT NULL,
  `cart_id` int(11) NOT NULL,
  `product_id` int(11) DEFAULT NULL,
  `product_unit_price` decimal(15,4) DEFAULT NULL,
  `product_quantity` decimal(15,4) NOT NULL,
  `product_total_price` decimal(25,4) NOT NULL,
  `cart_item_variants` text,
  `created_at` datetime NOT NULL DEFAULT '1970-01-01 00:00:00',
  `updated_at` timestamp NOT NULL DEFAULT CURRENT_TIMESTAMP,
  `deleted_at` datetime DEFAULT NULL
) ENGINE=InnoDB DEFAULT CHARSET=latin1;

--
-- Dumping data for table `cart_items`
--

INSERT INTO `cart_items` (`id`, `cart_id`, `product_id`, `product_unit_price`, `product_quantity`, `product_total_price`, `cart_item_variants`, `created_at`, `updated_at`, `deleted_at`) VALUES
(1, 2, 39, '1450.0000', '1.0000', '1450.0000', NULL, '2020-12-14 11:49:15', '2020-12-14 11:50:28', '2020-12-14 11:50:28'),
(2, 2, 41, '550.0000', '1.0000', '550.0000', NULL, '2020-12-14 11:49:20', '2020-12-14 11:50:28', '2020-12-14 11:50:28'),
(3, 3, 252, '111.0000', '1.0000', '111.0000', NULL, '2020-12-14 11:52:00', '2020-12-14 12:40:23', '2020-12-14 12:40:23'),
(4, 3, 255, '1000.0000', '1.0000', '1000.0000', NULL, '2020-12-14 11:52:03', '2020-12-14 12:13:14', '2020-12-14 12:13:14'),
(5, 3, 38, '1200.0000', '1.0000', '1200.0000', NULL, '2020-12-14 12:40:03', '2020-12-14 12:40:21', '2020-12-14 12:40:21'),
(6, 3, 39, '1450.0000', '1.0000', '1450.0000', NULL, '2020-12-14 12:40:04', '2020-12-14 12:41:51', '2020-12-14 12:41:51'),
(7, 3, 257, '1569.0000', '1.0000', '1569.0000', NULL, '2020-12-14 12:40:10', '2020-12-14 12:41:51', '2020-12-14 12:41:51'),
(8, 3, 256, '10000.0000', '1.0000', '10000.0000', NULL, '2020-12-14 12:40:11', '2020-12-14 12:41:51', '2020-12-14 12:41:51'),
(9, 3, 255, '1000.0000', '1.0000', '1000.0000', NULL, '2020-12-14 12:40:13', '2020-12-14 12:41:51', '2020-12-14 12:41:51'),
(10, 4, 256, '10000.0000', '1.0000', '10000.0000', NULL, '2020-12-14 12:42:06', '2020-12-14 12:43:54', '2020-12-14 12:43:54'),
(11, 4, 257, '1569.0000', '1.0000', '1569.0000', NULL, '2020-12-14 12:42:07', '2020-12-14 13:10:42', '2020-12-14 13:10:42'),
(12, 4, 36, '1520.0000', '1.0000', '1520.0000', NULL, '2020-12-14 12:42:12', '2020-12-14 13:11:41', '2020-12-14 13:11:41'),
(13, 4, 40, '990.0000', '1.0000', '990.0000', NULL, '2020-12-14 12:42:17', '2020-12-14 13:11:42', '2020-12-14 13:11:42'),
(14, 4, 41, '550.0000', '1.0000', '550.0000', NULL, '2020-12-14 12:42:21', '2020-12-14 13:11:44', '2020-12-14 13:11:44'),
(15, 4, 124, '894.0000', '1.0000', '894.0000', NULL, '2020-12-14 12:42:32', '2020-12-14 13:11:45', '2020-12-14 13:11:45'),
(16, 4, 205, '894.0000', '1.0000', '894.0000', NULL, '2020-12-14 12:42:36', '2020-12-14 13:11:47', '2020-12-14 13:11:47'),
(17, 4, 206, '894.0000', '1.0000', '894.0000', NULL, '2020-12-14 12:42:38', '2020-12-14 13:11:48', '2020-12-14 13:11:48'),
(18, 4, 251, '1234.0000', '1.0000', '1234.0000', NULL, '2020-12-14 12:42:40', '2020-12-14 13:11:49', '2020-12-14 13:11:49'),
(19, 4, 37, '1740.0000', '1.0000', '1740.0000', NULL, '2020-12-14 13:10:18', '2020-12-14 13:11:51', '2020-12-14 13:11:51'),
(20, 4, 44, '1790.0000', '1.0000', '1790.0000', NULL, '2020-12-14 13:10:31', '2020-12-14 13:11:52', '2020-12-14 13:11:52'),
(21, 4, 45, '550.0000', '1.0000', '550.0000', NULL, '2020-12-14 13:10:32', '2020-12-14 13:11:54', '2020-12-14 13:11:54'),
(22, 4, 40, '990.0000', '1.0000', '990.0000', NULL, '2020-12-14 13:12:03', '2020-12-14 13:12:12', '2020-12-14 13:12:12'),
(23, 4, 41, '550.0000', '1.0000', '550.0000', NULL, '2020-12-14 13:12:07', '2020-12-14 13:12:12', '2020-12-14 13:12:12'),
(24, 5, 40, '990.0000', '1.0000', '990.0000', NULL, '2020-12-14 13:50:56', '2020-12-14 13:51:04', '2020-12-14 13:51:04'),
(25, 6, 263, '2000.0000', '4.0000', '8000.0000', NULL, '2020-12-15 07:40:52', '2020-12-15 07:43:01', '2020-12-15 07:43:01'),
(26, 6, 39, '1450.0000', '1.0000', '1450.0000', NULL, '2020-12-15 07:41:40', '2020-12-15 07:43:01', '2020-12-15 07:43:01'),
(27, 6, 265, '3000.0000', '1.0000', '3000.0000', NULL, '2020-12-15 07:41:44', '2020-12-15 07:43:01', '2020-12-15 07:43:01'),
(28, 6, 264, '4000.0000', '1.0000', '4000.0000', NULL, '2020-12-15 07:41:46', '2020-12-15 07:43:01', '2020-12-15 07:43:01'),
(29, 6, 36, '1520.0000', '1.0000', '1520.0000', NULL, '2020-12-15 07:42:19', '2020-12-15 07:43:01', '2020-12-15 07:43:01'),
(30, 6, 43, '230.0000', '1.0000', '230.0000', NULL, '2020-12-15 07:42:29', '2020-12-15 07:43:01', '2020-12-15 07:43:01'),
(31, 6, 44, '1790.0000', '1.0000', '1790.0000', NULL, '2020-12-15 07:42:30', '2020-12-15 07:43:01', '2020-12-15 07:43:01'),
(32, 6, 45, '550.0000', '1.0000', '550.0000', NULL, '2020-12-15 07:42:32', '2020-12-15 07:43:01', '2020-12-15 07:43:01'),
(33, 6, 52, '995.0000', '1.0000', '995.0000', NULL, '2020-12-15 07:42:38', '2020-12-15 07:43:01', '2020-12-15 07:43:01'),
(34, 6, 53, '1680.0000', '1.0000', '1680.0000', NULL, '2020-12-15 07:42:39', '2020-12-15 07:43:01', '2020-12-15 07:43:01'),
(35, 6, 51, '1900.0000', '1.0000', '1900.0000', NULL, '2020-12-15 07:42:41', '2020-12-15 07:43:01', '2020-12-15 07:43:01'),
(36, 6, 60, '95.0000', '1.0000', '95.0000', NULL, '2020-12-15 07:42:45', '2020-12-15 07:43:01', '2020-12-15 07:43:01'),
(37, 6, 61, '160.0000', '1.0000', '160.0000', NULL, '2020-12-15 07:42:46', '2020-12-15 07:43:01', '2020-12-15 07:43:01'),
(38, 7, 39, '1450.0000', '1.0000', '1450.0000', NULL, '2020-12-15 07:43:39', '2020-12-15 07:46:58', '2020-12-15 07:46:58'),
(39, 7, 40, '990.0000', '1.0000', '990.0000', NULL, '2020-12-15 07:43:40', '2020-12-15 07:47:01', '2020-12-15 07:47:01'),
(40, 7, 41, '550.0000', '1.0000', '550.0000', NULL, '2020-12-15 07:43:46', '2020-12-15 07:47:02', '2020-12-15 07:47:02'),
(41, 7, 68, '1500.0000', '1.0000', '1500.0000', NULL, '2020-12-15 07:43:56', '2020-12-15 07:47:04', '2020-12-15 07:47:04'),
(42, 7, 251, '1234.0000', '1.0000', '1234.0000', NULL, '2020-12-15 07:43:58', '2020-12-15 07:47:06', '2020-12-15 07:47:06'),
(43, 7, 240, '600.0000', '1.0000', '600.0000', NULL, '2020-12-15 07:44:01', '2020-12-15 07:47:07', '2020-12-15 07:47:07'),
(44, 7, 244, '2000.0000', '1.0000', '2000.0000', NULL, '2020-12-15 07:44:02', '2020-12-15 07:47:09', '2020-12-15 07:47:09'),
(45, 7, 208, '5000.0000', '1.0000', '5000.0000', NULL, '2020-12-15 07:44:06', '2020-12-15 07:47:12', '2020-12-15 07:47:12'),
(46, 7, 116, '1600.0000', '1.0000', '1600.0000', NULL, '2020-12-15 07:44:09', '2020-12-15 07:47:14', '2020-12-15 07:47:14'),
(47, 7, 110, '3000.0000', '1.0000', '3000.0000', NULL, '2020-12-15 07:44:11', '2020-12-15 07:47:15', '2020-12-15 07:47:15'),
(48, 7, 112, '5000.0000', '1.0000', '5000.0000', NULL, '2020-12-15 07:44:13', '2020-12-15 07:47:17', '2020-12-15 07:47:17'),
(49, 7, 39, '1450.0000', '1.0000', '1450.0000', NULL, '2020-12-15 07:47:25', '2020-12-15 07:49:41', '2020-12-15 07:49:41'),
(50, 7, 40, '990.0000', '1.0000', '990.0000', NULL, '2020-12-15 07:47:27', '2020-12-15 07:49:43', '2020-12-15 07:49:43'),
(51, 7, 41, '550.0000', '1.0000', '550.0000', NULL, '2020-12-15 07:47:31', '2020-12-15 07:49:45', '2020-12-15 07:49:45'),
(52, 7, 251, '1234.0000', '1.0000', '1234.0000', NULL, '2020-12-15 07:47:38', '2020-12-15 07:49:46', '2020-12-15 07:49:46'),
(53, 7, 68, '1500.0000', '1.0000', '1500.0000', NULL, '2020-12-15 07:47:40', '2020-12-15 07:49:48', '2020-12-15 07:49:48'),
(54, 7, 240, '600.0000', '1.0000', '600.0000', NULL, '2020-12-15 07:47:42', '2020-12-15 07:49:49', '2020-12-15 07:49:49'),
(55, 7, 150, '1015.0000', '1.0000', '1015.0000', NULL, '2020-12-15 07:47:46', '2020-12-15 07:49:51', '2020-12-15 07:49:51'),
(56, 7, 157, '1015.0000', '1.0000', '1015.0000', NULL, '2020-12-15 07:47:48', '2020-12-15 07:49:53', '2020-12-15 07:49:53'),
(57, 7, 164, '1015.0000', '1.0000', '1015.0000', NULL, '2020-12-15 07:47:50', '2020-12-15 07:49:56', '2020-12-15 07:49:56'),
(58, 7, 239, '1000.0000', '1.0000', '1000.0000', NULL, '2020-12-15 07:47:55', '2020-12-15 07:49:58', '2020-12-15 07:49:58'),
(59, 7, 246, '1000.0000', '1.0000', '1000.0000', NULL, '2020-12-15 07:47:56', '2020-12-15 07:50:01', '2020-12-15 07:50:01'),
(60, 7, 152, '500.0000', '1.0000', '500.0000', NULL, '2020-12-15 07:48:02', '2020-12-15 07:50:03', '2020-12-15 07:50:03'),
(61, 7, 252, '111.0000', '1.0000', '111.0000', NULL, '2020-12-15 07:48:04', '2020-12-15 07:50:05', '2020-12-15 07:50:05'),
(62, 7, 80, '1700.0000', '1.0000', '1700.0000', NULL, '2020-12-15 07:48:06', '2020-12-15 07:50:06', '2020-12-15 07:50:06'),
(63, 7, 44, '1790.0000', '1.0000', '1790.0000', NULL, '2020-12-15 07:50:11', '2020-12-15 07:50:31', '2020-12-15 07:50:31'),
(64, 7, 45, '550.0000', '1.0000', '550.0000', NULL, '2020-12-15 07:50:12', '2020-12-15 07:50:31', '2020-12-15 07:50:31'),
(65, 7, 46, '1130.0000', '1.0000', '1130.0000', NULL, '2020-12-15 07:50:14', '2020-12-15 07:50:31', '2020-12-15 07:50:31'),
(66, 7, 52, '995.0000', '1.0000', '995.0000', NULL, '2020-12-15 07:50:17', '2020-12-15 07:50:31', '2020-12-15 07:50:31'),
(67, 7, 53, '1680.0000', '1.0000', '1680.0000', NULL, '2020-12-15 07:50:19', '2020-12-15 07:50:31', '2020-12-15 07:50:31'),
(68, 8, 265, '3000.0000', '2.0000', '6000.0000', NULL, '2020-12-15 07:52:06', '2020-12-15 07:53:15', '2020-12-15 07:53:15'),
(69, 8, 39, '1450.0000', '1.0000', '1450.0000', NULL, '2020-12-15 07:52:21', '2020-12-15 07:53:15', '2020-12-15 07:53:15'),
(70, 8, 44, '1790.0000', '1.0000', '1790.0000', NULL, '2020-12-15 07:52:24', '2020-12-15 07:53:15', '2020-12-15 07:53:15'),
(71, 9, 58, '6270.0000', '1.0000', '6270.0000', NULL, '2020-12-15 07:53:33', '2020-12-15 07:53:55', '2020-12-15 07:53:55'),
(72, 9, 62, '350.0000', '1.0000', '350.0000', NULL, '2020-12-15 07:53:34', '2020-12-15 07:53:55', '2020-12-15 07:53:55'),
(73, 9, 63, '260.0000', '1.0000', '260.0000', NULL, '2020-12-15 07:53:42', '2020-12-15 07:53:55', '2020-12-15 07:53:55'),
(74, 10, 52, '995.0000', '1.0000', '995.0000', NULL, '2020-12-15 07:54:11', '2020-12-15 07:56:25', '2020-12-15 07:56:25'),
(75, 10, 53, '1680.0000', '1.0000', '1680.0000', NULL, '2020-12-15 07:54:12', '2020-12-15 07:56:25', '2020-12-15 07:56:25'),
(76, 10, 48, '1800.0000', '1.0000', '1800.0000', NULL, '2020-12-15 07:54:15', '2020-12-15 07:56:25', '2020-12-15 07:56:25'),
(77, 10, 251, '1234.0000', '1.0000', '1234.0000', NULL, '2020-12-15 07:54:27', '2020-12-15 07:56:25', '2020-12-15 07:56:25'),
(78, 10, 263, '2000.0000', '1.0000', '2000.0000', NULL, '2020-12-15 07:54:32', '2020-12-15 07:56:25', '2020-12-15 07:56:25'),
(79, 11, 58, '6270.0000', '1.0000', '6270.0000', NULL, '2020-12-15 07:56:34', '2020-12-15 07:59:10', '2020-12-15 07:59:10'),
(80, 11, 57, '10450.0000', '1.0000', '10450.0000', NULL, '2020-12-15 07:56:35', '2020-12-15 07:59:12', '2020-12-15 07:59:12'),
(81, 11, 118, '2500.0000', '1.0000', '2500.0000', NULL, '2020-12-15 07:56:46', '2020-12-15 07:59:13', '2020-12-15 07:59:13'),
(82, 11, 82, '24000.0000', '1.0000', '24000.0000', NULL, '2020-12-15 07:57:05', '2020-12-15 07:59:17', '2020-12-15 07:59:17'),
(83, 11, 91, '45000.0000', '1.0000', '45000.0000', NULL, '2020-12-15 07:57:06', '2020-12-15 07:59:15', '2020-12-15 07:59:15'),
(84, 11, 36, '1520.0000', '1.0000', '1520.0000', NULL, '2020-12-15 07:59:00', '2020-12-15 07:59:20', '2020-12-15 07:59:20'),
(85, 11, 265, '3000.0000', '1.0000', '3000.0000', NULL, '2020-12-15 07:59:31', '2020-12-15 07:59:59', '2020-12-15 07:59:59'),
(86, 11, 264, '4000.0000', '1.0000', '4000.0000', NULL, '2020-12-15 07:59:32', '2020-12-15 07:59:59', '2020-12-15 07:59:59'),
(87, 11, 263, '2000.0000', '1.0000', '2000.0000', NULL, '2020-12-15 07:59:34', '2020-12-15 07:59:51', '2020-12-15 07:59:51'),
(88, 11, 41, '570.0000', '1.0000', '570.0000', NULL, '2020-12-15 07:59:39', '2020-12-15 07:59:47', '2020-12-15 07:59:47'),
(89, 12, 58, '6270.0000', '2.0000', '12540.0000', NULL, '2020-12-15 10:10:45', '2020-12-15 10:11:02', '2020-12-15 10:11:02'),
(90, 13, 63, '260.0000', '1.0000', '260.0000', NULL, '2020-12-15 10:29:50', '2020-12-17 06:29:20', '2020-12-17 06:29:20'),
(91, 13, 64, '1080.0000', '1.0000', '1080.0000', NULL, '2020-12-15 10:29:51', '2020-12-17 06:29:22', '2020-12-17 06:29:22'),
(92, 13, 65, '500.0000', '1.0000', '500.0000', NULL, '2020-12-15 10:29:56', '2020-12-17 06:29:23', '2020-12-17 06:29:23'),
(93, 13, 68, '1500.0000', '1.0000', '1500.0000', NULL, '2020-12-15 10:30:07', '2020-12-17 06:29:25', '2020-12-17 06:29:25'),
(94, 13, 74, '500.0000', '1.0000', '500.0000', NULL, '2020-12-15 10:30:12', '2020-12-17 06:29:26', '2020-12-17 06:29:26'),
(95, 13, 75, '1200.0000', '1.0000', '1200.0000', NULL, '2020-12-15 10:30:16', '2020-12-15 10:31:52', '2020-12-15 10:31:52'),
(96, 13, 71, '230.0000', '1.0000', '230.0000', NULL, '2020-12-15 10:30:22', '2020-12-15 10:31:06', '2020-12-15 10:31:06'),
(97, 13, 61, '160.0000', '1.0000', '160.0000', NULL, '2020-12-15 10:30:49', '2020-12-15 10:31:03', '2020-12-15 10:31:03'),
(98, 13, 59, '0.0000', '1.0000', '0.0000', NULL, '2020-12-15 10:30:52', '2020-12-15 10:31:00', '2020-12-15 10:31:00'),
(99, 13, 40, '990.0000', '1.0000', '990.0000', NULL, '2020-12-15 10:32:09', '2020-12-17 06:29:28', '2020-12-17 06:29:28'),
(100, 13, 39, '1450.0000', '1.0000', '1450.0000', NULL, '2020-12-15 10:32:10', '2020-12-17 06:29:29', '2020-12-17 06:29:29'),
(101, 13, 43, '230.0000', '1.0000', '230.0000', NULL, '2020-12-15 10:32:11', '2020-12-17 06:29:31', '2020-12-17 06:29:31'),
(102, 13, 44, '1790.0000', '1.0000', '1790.0000', NULL, '2020-12-15 10:32:13', '2020-12-17 06:29:33', '2020-12-17 06:29:33'),
(103, 13, 45, '550.0000', '1.0000', '550.0000', NULL, '2020-12-15 10:32:14', '2020-12-17 06:29:34', '2020-12-17 06:29:34'),
(104, 13, 264, '4000.0000', '1.0000', '4000.0000', NULL, '2020-12-15 12:35:10', '2020-12-17 06:29:35', '2020-12-17 06:29:35'),
(105, 1, 263, '2000.0000', '2.0000', '4000.0000', NULL, '2020-12-16 19:16:16', '2020-12-17 06:43:29', '2020-12-17 06:43:29'),
(106, 13, 116, '1600.0000', '1.0000', '1600.0000', NULL, '2020-12-17 06:27:23', '2020-12-17 06:29:37', '2020-12-17 06:29:37'),
(107, 13, 110, '3000.0000', '1.0000', '3000.0000', NULL, '2020-12-17 06:27:24', '2020-12-17 06:29:39', '2020-12-17 06:29:39'),
(108, 13, 157, '1015.0000', '1.0000', '1015.0000', NULL, '2020-12-17 06:27:28', '2020-12-17 06:29:41', '2020-12-17 06:29:41'),
(109, 13, 160, '1015.0000', '1.0000', '1015.0000', NULL, '2020-12-17 06:27:30', '2020-12-17 06:29:42', '2020-12-17 06:29:42'),
(110, 13, 164, '1015.0000', '1.0000', '1015.0000', NULL, '2020-12-17 06:27:35', '2020-12-17 06:29:44', '2020-12-17 06:29:44'),
(111, 13, 36, '1520.0000', '1.0000', '1520.0000', NULL, '2020-12-17 06:30:29', '2020-12-17 06:31:57', '2020-12-17 06:31:57'),
(112, 13, 37, '1740.0000', '1.0000', '1740.0000', NULL, '2020-12-17 06:30:38', '2020-12-17 06:31:59', '2020-12-17 06:31:59'),
(113, 13, 44, '1790.0000', '1.0000', '1790.0000', NULL, '2020-12-17 06:30:46', '2020-12-17 06:32:03', '2020-12-17 06:32:03'),
(114, 13, 45, '550.0000', '1.0000', '550.0000', NULL, '2020-12-17 06:30:48', '2020-12-17 06:32:05', '2020-12-17 06:32:05'),
(115, 13, 46, '1130.0000', '1.0000', '1130.0000', NULL, '2020-12-17 06:30:50', '2020-12-17 06:38:51', '2020-12-17 06:38:51'),
(116, 13, 40, '990.0000', '1.0000', '990.0000', NULL, '2020-12-17 06:30:52', '2020-12-17 06:39:09', '2020-12-17 06:39:09'),
(117, 13, 41, '550.0000', '1.0000', '550.0000', NULL, '2020-12-17 06:30:59', '2020-12-17 06:39:11', '2020-12-17 06:39:11'),
(118, 13, 52, '995.0000', '1.0000', '995.0000', NULL, '2020-12-17 06:31:09', '2020-12-17 06:39:13', '2020-12-17 06:39:13'),
(119, 13, 53, '1680.0000', '1.0000', '1680.0000', NULL, '2020-12-17 06:31:10', '2020-12-17 06:39:14', '2020-12-17 06:39:14'),
(120, 13, 51, '1900.0000', '1.0000', '1900.0000', NULL, '2020-12-17 06:31:14', '2020-12-17 06:39:16', '2020-12-17 06:39:16'),
(121, 13, 47, '1099.0000', '1.0000', '1099.0000', NULL, '2020-12-17 06:31:16', '2020-12-17 06:39:17', '2020-12-17 06:39:17'),
(122, 13, 60, '95.0000', '1.0000', '95.0000', NULL, '2020-12-17 06:31:26', '2020-12-17 06:39:18', '2020-12-17 06:39:18'),
(123, 13, 62, '350.0000', '1.0000', '350.0000', NULL, '2020-12-17 06:31:28', '2020-12-17 06:39:20', '2020-12-17 06:39:20'),
(124, 13, 68, '1500.0000', '1.0000', '1500.0000', NULL, '2020-12-17 06:31:33', '2020-12-17 06:39:21', '2020-12-17 06:39:21'),
(125, 13, 74, '500.0000', '1.0000', '500.0000', NULL, '2020-12-17 06:31:35', '2020-12-17 06:39:23', '2020-12-17 06:39:23'),
(126, 13, 75, '1200.0000', '1.0000', '1200.0000', NULL, '2020-12-17 06:31:41', '2020-12-17 06:31:55', '2020-12-17 06:31:55'),
(127, 13, 65, '500.0000', '1.0000', '500.0000', NULL, '2020-12-17 06:32:12', '2020-12-17 06:39:24', '2020-12-17 06:39:24'),
(128, 13, 64, '1080.0000', '1.0000', '1080.0000', NULL, '2020-12-17 06:32:13', '2020-12-17 06:39:26', '2020-12-17 06:39:26'),
(129, 13, 66, '1300.0000', '1.0000', '1300.0000', NULL, '2020-12-17 06:32:15', '2020-12-17 06:39:27', '2020-12-17 06:39:27'),
(130, 13, 63, '260.0000', '1.0000', '260.0000', NULL, '2020-12-17 06:32:17', '2020-12-17 06:39:30', '2020-12-17 06:39:30'),
(131, 13, 71, '230.0000', '1.0000', '230.0000', NULL, '2020-12-17 06:32:21', '2020-12-17 06:39:32', '2020-12-17 06:39:32'),
(132, 13, 37, '1730.0000', '1.0000', '1730.0000', NULL, '2020-12-17 06:40:01', '2020-12-17 06:40:20', '2020-12-17 06:40:20'),
(133, 14, 52, '995.0000', '1.0000', '995.0000', NULL, '2020-12-17 06:41:52', '2020-12-17 06:53:58', '2020-12-17 06:53:58'),
(134, 14, 53, '1680.0000', '1.0000', '1680.0000', NULL, '2020-12-17 06:41:54', '2020-12-17 06:53:58', '2020-12-17 06:53:58'),
(135, 15, 58, '6270.0000', '1.0000', '6270.0000', NULL, '2020-12-17 06:43:51', '2020-12-22 08:25:14', '2020-12-22 08:25:14'),
(136, 15, 57, '10450.0000', '1.0000', '10450.0000', NULL, '2020-12-17 06:43:52', '2020-12-22 08:25:14', '2020-12-22 08:25:14'),
(137, 15, 37, '1740.0000', '1.0000', '1740.0000', NULL, '2020-12-17 06:46:10', '2020-12-22 08:25:14', '2020-12-22 08:25:14'),
(138, 15, 36, '1520.0000', '1.0000', '1520.0000', NULL, '2020-12-17 06:46:16', '2020-12-22 08:25:14', '2020-12-22 08:25:14'),
(139, 15, 38, '1200.0000', '1.0000', '1200.0000', NULL, '2020-12-17 06:46:21', '2020-12-22 08:25:14', '2020-12-22 08:25:14'),
(140, 15, 39, '1450.0000', '1.0000', '1450.0000', NULL, '2020-12-17 06:46:22', '2020-12-22 08:25:14', '2020-12-22 08:25:14'),
(141, 15, 265, '3000.0000', '1.0000', '3000.0000', NULL, '2020-12-17 06:46:25', '2020-12-22 08:25:14', '2020-12-22 08:25:14'),
(142, 15, 266, '10000.0000', '1.0000', '10000.0000', NULL, '2020-12-17 06:46:26', '2020-12-22 08:25:14', '2020-12-22 08:25:14'),
(143, 15, 267, '1000.0000', '1.0000', '1000.0000', NULL, '2020-12-17 06:46:27', '2020-12-22 08:25:14', '2020-12-22 08:25:14'),
(144, 15, 263, '2000.0000', '1.0000', '2000.0000', NULL, '2020-12-17 06:46:28', '2020-12-22 08:25:14', '2020-12-22 08:25:14'),
(145, 15, 262, '6000.0000', '1.0000', '6000.0000', NULL, '2020-12-17 06:46:29', '2020-12-22 08:25:14', '2020-12-22 08:25:14'),
(146, 15, 44, '1790.0000', '1.0000', '1790.0000', NULL, '2020-12-17 06:46:31', '2020-12-22 08:25:14', '2020-12-22 08:25:14'),
(147, 15, 40, '990.0000', '1.0000', '990.0000', NULL, '2020-12-17 06:46:32', '2020-12-22 08:25:14', '2020-12-22 08:25:14'),
(148, 15, 43, '230.0000', '1.0000', '230.0000', NULL, '2020-12-17 06:46:33', '2020-12-22 08:25:14', '2020-12-22 08:25:14'),
(149, 16, 52, '995.0000', '1.0000', '995.0000', NULL, '2020-12-17 07:11:36', '2020-12-17 07:13:42', '2020-12-17 07:13:42'),
(150, 16, 53, '1680.0000', '1.0000', '1680.0000', NULL, '2020-12-17 07:11:38', '2020-12-17 07:13:42', '2020-12-17 07:13:42'),
(151, 16, 51, '1900.0000', '1.0000', '1900.0000', NULL, '2020-12-17 07:11:39', '2020-12-17 07:13:42', '2020-12-17 07:13:42'),
(152, 17, 36, '1520.0000', '1.0000', '1520.0000', NULL, '2020-12-17 07:13:59', '2020-12-17 07:14:21', '2020-12-17 07:14:21'),
(153, 18, 239, '1000.0000', '2.0000', '2000.0000', NULL, '2020-12-17 07:16:55', '2020-12-17 09:25:40', '2020-12-17 09:25:40'),
(154, 18, 65, '500.0000', '1.0000', '500.0000', NULL, '2020-12-17 07:22:06', '2020-12-17 09:25:42', '2020-12-17 09:25:42'),
(155, 15, 82, '24000.0000', '1.0000', '24000.0000', NULL, '2020-12-17 07:22:50', '2020-12-22 08:25:14', '2020-12-22 08:25:14'),
(156, 15, 254, '900.0000', '1.0000', '900.0000', NULL, '2020-12-17 07:22:52', '2020-12-22 08:25:14', '2020-12-22 08:25:14'),
(157, 15, 91, '45000.0000', '1.0000', '45000.0000', NULL, '2020-12-17 07:22:53', '2020-12-22 08:25:14', '2020-12-22 08:25:14'),
(158, 18, 118, '2500.0000', '1.0000', '2500.0000', NULL, '2020-12-20 06:35:02', '2020-12-20 07:08:02', '2020-12-20 07:08:02'),
(159, 18, 120, '3000.0000', '1.0000', '3000.0000', NULL, '2020-12-20 06:35:03', '2020-12-20 07:08:04', '2020-12-20 07:08:04'),
(160, 18, 122, '300.0000', '1.0000', '300.0000', NULL, '2020-12-20 06:35:05', '2020-12-20 07:08:06', '2020-12-20 07:08:06'),
(161, 18, 93, '195.0000', '1.0000', '195.0000', NULL, '2020-12-20 06:35:07', '2020-12-20 07:08:08', '2020-12-20 07:08:08'),
(162, 18, 264, '4000.0000', '1.0000', '4000.0000', NULL, '2020-12-20 06:35:13', '2020-12-20 07:08:09', '2020-12-20 07:08:09'),
(163, 18, 68, '1500.0000', '1.0000', '1500.0000', NULL, '2020-12-20 06:35:15', '2020-12-20 07:08:11', '2020-12-20 07:08:11'),
(164, 18, 41, '550.0000', '1.0000', '550.0000', NULL, '2020-12-20 06:35:19', '2020-12-20 07:08:12', '2020-12-20 07:08:12'),
(165, 18, 263, '2000.0000', '1.0000', '2000.0000', NULL, '2020-12-20 06:35:27', '2020-12-20 07:08:14', '2020-12-20 07:08:14'),
(166, 18, 269, '2000.0000', '1.0000', '2000.0000', NULL, '2020-12-20 06:35:29', '2020-12-20 07:08:15', '2020-12-20 07:08:15'),
(167, 18, 268, '1000.0000', '1.0000', '1000.0000', NULL, '2020-12-20 06:35:30', '2020-12-20 07:08:17', '2020-12-20 07:08:17'),
(168, 18, 267, '1000.0000', '1.0000', '1000.0000', NULL, '2020-12-20 06:35:33', '2020-12-20 07:08:18', '2020-12-20 07:08:18'),
(169, 18, 261, '4904.0000', '1.0000', '4904.0000', NULL, '2020-12-20 06:35:35', '2020-12-20 07:08:20', '2020-12-20 07:08:20'),
(170, 18, 262, '6000.0000', '1.0000', '6000.0000', NULL, '2020-12-20 06:35:37', '2020-12-20 07:08:22', '2020-12-20 07:08:22'),
(171, 18, 44, '1790.0000', '1.0000', '1790.0000', NULL, '2020-12-20 06:35:42', '2020-12-20 06:35:50', '2020-12-20 06:35:50'),
(172, 18, 39, '1450.0000', '1.0000', '1450.0000', NULL, '2020-12-20 07:08:45', '2020-12-20 07:12:21', '2020-12-20 07:12:21'),
(173, 18, 40, '990.0000', '1.0000', '990.0000', NULL, '2020-12-20 07:08:47', '2020-12-20 07:12:23', '2020-12-20 07:12:23'),
(174, 18, 41, '550.0000', '1.0000', '550.0000', NULL, '2020-12-20 07:08:52', '2020-12-20 07:12:25', '2020-12-20 07:12:25'),
(175, 18, 264, '4000.0000', '1.0000', '4000.0000', NULL, '2020-12-20 07:08:58', '2020-12-20 07:12:26', '2020-12-20 07:12:26'),
(176, 18, 68, '1500.0000', '1.0000', '1500.0000', NULL, '2020-12-20 07:09:01', '2020-12-20 07:12:28', '2020-12-20 07:12:28'),
(177, 18, 251, '1234.0000', '1.0000', '1234.0000', NULL, '2020-12-20 07:09:06', '2020-12-20 07:12:30', '2020-12-20 07:12:30'),
(178, 18, 240, '600.0000', '1.0000', '600.0000', NULL, '2020-12-20 07:09:07', '2020-12-20 07:12:31', '2020-12-20 07:12:31'),
(179, 18, 269, '2000.0000', '1.0000', '2000.0000', NULL, '2020-12-20 07:09:10', '2020-12-20 07:12:33', '2020-12-20 07:12:33'),
(180, 18, 160, '1015.0000', '1.0000', '1015.0000', NULL, '2020-12-20 07:09:16', '2020-12-20 07:12:34', '2020-12-20 07:12:34'),
(181, 18, 162, '1015.0000', '1.0000', '1015.0000', NULL, '2020-12-20 07:09:18', '2020-12-20 07:12:37', '2020-12-20 07:12:37'),
(182, 18, 168, '1015.0000', '1.0000', '1015.0000', NULL, '2020-12-20 07:09:20', '2020-12-20 07:12:39', '2020-12-20 07:12:39'),
(183, 18, 118, '2500.0000', '1.0000', '2500.0000', NULL, '2020-12-20 07:09:48', '2020-12-20 07:12:41', '2020-12-20 07:12:41'),
(184, 18, 120, '3000.0000', '1.0000', '3000.0000', NULL, '2020-12-20 07:09:50', '2020-12-20 07:12:42', '2020-12-20 07:12:42'),
(185, 18, 93, '195.0000', '1.0000', '195.0000', NULL, '2020-12-20 07:09:52', '2020-12-20 07:12:44', '2020-12-20 07:12:44'),
(186, 18, 263, '2000.0000', '1.0000', '2000.0000', NULL, '2020-12-20 07:12:53', '2020-12-20 07:13:18', '2020-12-20 07:13:18'),
(187, 18, 269, '2000.0000', '1.0000', '2000.0000', NULL, '2020-12-20 07:15:05', '2020-12-20 07:16:58', '2020-12-20 07:16:58'),
(188, 18, 268, '1000.0000', '1.0000', '1000.0000', NULL, '2020-12-20 07:15:06', '2020-12-20 07:16:59', '2020-12-20 07:16:59'),
(189, 18, 41, '570.0000', '1.0000', '570.0000', NULL, '2020-12-20 07:15:12', '2020-12-20 07:17:00', '2020-12-20 07:17:00'),
(190, 18, 262, '6000.0000', '1.0000', '6000.0000', NULL, '2020-12-20 07:15:21', '2020-12-20 07:17:01', '2020-12-20 07:17:01'),
(191, 18, 267, '1000.0000', '1.0000', '1000.0000', NULL, '2020-12-20 07:15:31', '2020-12-20 07:17:02', '2020-12-20 07:17:02'),
(192, 18, 52, '995.0000', '1.0000', '995.0000', NULL, '2020-12-20 07:15:37', '2020-12-20 07:17:02', '2020-12-20 07:17:02'),
(193, 18, 53, '1680.0000', '1.0000', '1680.0000', NULL, '2020-12-20 07:15:39', '2020-12-20 07:17:03', '2020-12-20 07:17:03'),
(194, 18, 60, '95.0000', '1.0000', '95.0000', NULL, '2020-12-20 07:15:45', '2020-12-20 07:17:04', '2020-12-20 07:17:04'),
(195, 18, 62, '350.0000', '1.0000', '350.0000', NULL, '2020-12-20 07:15:54', '2020-12-20 07:17:05', '2020-12-20 07:17:05'),
(196, 18, 112, '5000.0000', '1.0000', '5000.0000', NULL, '2020-12-20 07:16:28', '2020-12-20 07:17:06', '2020-12-20 07:17:06'),
(197, 18, 240, '600.0000', '1.0000', '600.0000', NULL, '2020-12-20 07:16:33', '2020-12-20 07:17:06', '2020-12-20 07:17:06'),
(198, 18, 68, '1500.0000', '1.0000', '1500.0000', NULL, '2020-12-20 07:16:36', '2020-12-20 07:17:07', '2020-12-20 07:17:07'),
(199, 18, 264, '4000.0000', '1.0000', '4000.0000', NULL, '2020-12-20 07:16:37', '2020-12-22 05:11:21', '2020-12-22 05:11:21'),
(200, 18, 246, '1000.0000', '1.0000', '1000.0000', NULL, '2020-12-20 07:16:43', '2020-12-20 11:48:02', '2020-12-20 11:48:02'),
(201, 18, 263, '2000.0000', '1.0000', '2000.0000', NULL, '2020-12-20 11:47:37', '2020-12-22 05:11:22', '2020-12-22 05:11:22'),
(202, 18, 269, '2000.0000', '1.0000', '2000.0000', NULL, '2020-12-20 11:47:39', '2020-12-22 05:11:23', '2020-12-22 05:11:23'),
(203, 18, 268, '1000.0000', '1.0000', '1000.0000', NULL, '2020-12-20 11:47:40', '2020-12-22 05:11:25', '2020-12-22 05:11:25'),
(204, 18, 262, '6000.0000', '1.0000', '6000.0000', NULL, '2020-12-20 11:47:42', '2020-12-22 05:11:15', '2020-12-22 05:11:15'),
(205, 18, 261, '4904.0000', '1.0000', '4904.0000', NULL, '2020-12-20 11:47:43', '2020-12-20 11:47:54', '2020-12-20 11:47:54'),
(206, 18, 38, '1200.0000', '1.0000', '1200.0000', NULL, '2020-12-22 05:11:33', '2020-12-22 05:53:14', '2020-12-22 05:53:14'),
(207, 18, 39, '1450.0000', '1.0000', '1450.0000', NULL, '2020-12-22 05:11:35', '2020-12-22 05:53:15', '2020-12-22 05:53:15'),
(208, 18, 269, '2000.0000', '1.0000', '2000.0000', NULL, '2020-12-22 05:11:40', '2020-12-22 05:53:17', '2020-12-22 05:53:17'),
(209, 18, 263, '2000.0000', '1.0000', '2000.0000', NULL, '2020-12-22 05:53:34', '2020-12-22 05:54:10', '2020-12-22 05:54:10'),
(210, 18, 263, '2000.0000', '1.0000', '2000.0000', NULL, '2020-12-22 05:56:36', '2020-12-22 06:02:15', '2020-12-22 06:02:15'),
(211, 18, 268, '1000.0000', '1.0000', '1000.0000', NULL, '2020-12-22 05:56:38', '2020-12-22 06:02:17', '2020-12-22 06:02:17'),
(212, 18, 44, '1790.0000', '1.0000', '1790.0000', NULL, '2020-12-22 05:56:49', '2020-12-22 06:02:19', '2020-12-22 06:02:19'),
(213, 18, 40, '990.0000', '1.0000', '990.0000', NULL, '2020-12-22 06:02:27', '2020-12-22 06:04:41', '2020-12-22 06:04:41'),
(214, 18, 41, '550.0000', '1.0000', '550.0000', NULL, '2020-12-22 06:02:33', '2020-12-22 06:04:44', '2020-12-22 06:04:44'),
(215, 18, 262, '6000.0000', '1.0000', '6000.0000', NULL, '2020-12-22 06:02:39', '2020-12-22 06:04:45', '2020-12-22 06:04:45'),
(216, 18, 263, '2000.0000', '1.0000', '2000.0000', NULL, '2020-12-22 06:02:41', '2020-12-22 06:04:39', '2020-12-22 06:04:39'),
(217, 18, 44, '1790.0000', '1.0000', '1790.0000', NULL, '2020-12-22 06:05:24', '2020-12-22 07:58:43', '2020-12-22 07:58:43'),
(218, 18, 45, '550.0000', '1.0000', '550.0000', NULL, '2020-12-22 06:05:25', '2020-12-22 07:58:45', '2020-12-22 07:58:45'),
(219, 18, 46, '1130.0000', '1.0000', '1130.0000', NULL, '2020-12-22 06:05:26', '2020-12-22 07:58:47', '2020-12-22 07:58:47'),
(220, 18, 39, '1450.0000', '1.0000', '1450.0000', NULL, '2020-12-22 06:05:38', '2020-12-22 07:58:48', '2020-12-22 07:58:48'),
(221, 15, 37, '1720.0000', '2.0000', '3440.0000', NULL, '2020-12-22 07:11:08', '2020-12-22 08:25:14', '2020-12-22 08:25:14'),
(222, 18, 40, '990.0000', '1.0000', '990.0000', NULL, '2020-12-22 07:58:55', '2020-12-22 08:28:45', '2020-12-22 08:28:45'),
(223, 18, 41, '550.0000', '1.0000', '550.0000', NULL, '2020-12-22 07:59:00', '2020-12-22 08:28:50', '2020-12-22 08:28:50'),
(224, 18, 263, '2000.0000', '1.0000', '2000.0000', NULL, '2020-12-22 07:59:05', '2020-12-22 08:28:51', '2020-12-22 08:28:51'),
(225, 18, 269, '2000.0000', '1.0000', '2000.0000', NULL, '2020-12-22 07:59:06', '2020-12-22 08:28:47', '2020-12-22 08:28:47'),
(226, 15, 94, '799.0000', '1.0000', '799.0000', NULL, '2020-12-22 08:02:16', '2020-12-22 08:25:14', '2020-12-22 08:25:14'),
(227, 18, 36, '1520.0000', '1.0000', '1520.0000', NULL, '2020-12-22 08:29:05', '2020-12-22 08:29:32', '2020-12-22 08:29:32'),
(228, 18, 116, '1600.0000', '1.0000', '1600.0000', NULL, '2020-12-22 08:29:08', '2020-12-22 08:29:31', '2020-12-22 08:29:31'),
(229, 18, 124, '894.0000', '1.0000', '894.0000', NULL, '2020-12-22 08:29:13', '2020-12-22 08:29:34', '2020-12-22 08:29:34'),
(230, 18, 129, '894.0000', '1.0000', '894.0000', NULL, '2020-12-22 08:29:16', '2020-12-22 08:29:38', '2020-12-22 08:29:38'),
(231, 18, 130, '894.0000', '1.0000', '894.0000', NULL, '2020-12-22 08:29:18', '2020-12-22 08:29:40', '2020-12-22 08:29:40'),
(232, 18, 197, '894.0000', '1.0000', '894.0000', NULL, '2020-12-22 08:29:20', '2020-12-22 08:30:04', '2020-12-22 08:30:04'),
(233, 18, 251, '1234.0000', '1.0000', '1234.0000', NULL, '2020-12-22 08:29:24', '2020-12-22 08:30:04', '2020-12-22 08:30:04'),
(234, 18, 38, '1200.0000', '1.0000', '1200.0000', NULL, '2020-12-22 08:29:26', '2020-12-22 08:29:37', '2020-12-22 08:29:37'),
(235, 18, 39, '1450.0000', '1.0000', '1450.0000', NULL, '2020-12-22 08:29:27', '2020-12-22 08:30:04', '2020-12-22 08:30:04'),
(236, 18, 37, '1740.0000', '1.0000', '1740.0000', NULL, '2020-12-22 08:29:53', '2020-12-22 08:30:04', '2020-12-22 08:30:04'),
(237, 20, 269, '2000.0000', '1.0000', '2000.0000', NULL, '2020-12-22 08:30:16', '2020-12-22 08:30:28', '2020-12-22 08:30:28'),
(238, 20, 40, '990.0000', '1.0000', '990.0000', NULL, '2020-12-22 08:30:18', '2020-12-22 08:30:28', '2020-12-22 08:30:28'),
(239, 20, 45, '550.0000', '1.0000', '550.0000', NULL, '2020-12-22 08:30:20', '2020-12-22 08:30:28', '2020-12-22 08:30:28'),
(240, 21, 39, '1450.0000', '1.0000', '1450.0000', NULL, '2020-12-22 08:30:39', '2020-12-22 08:32:26', '2020-12-22 08:32:26'),
(241, 21, 40, '990.0000', '1.0000', '990.0000', NULL, '2020-12-22 08:30:41', '2020-12-22 08:32:27', '2020-12-22 08:32:27'),
(242, 21, 41, '550.0000', '1.0000', '550.0000', NULL, '2020-12-22 08:30:45', '2020-12-22 08:32:27', '2020-12-22 08:32:27'),
(243, 21, 269, '2000.0000', '1.0000', '2000.0000', NULL, '2020-12-22 08:30:54', '2020-12-22 08:32:27', '2020-12-22 08:32:27'),
(244, 21, 268, '1000.0000', '1.0000', '1000.0000', NULL, '2020-12-22 08:30:55', '2020-12-22 08:32:27', '2020-12-22 08:32:27'),
(245, 21, 267, '1000.0000', '1.0000', '1000.0000', NULL, '2020-12-22 08:30:56', '2020-12-22 08:32:27', '2020-12-22 08:32:27'),
(246, 21, 263, '2000.0000', '1.0000', '2000.0000', NULL, '2020-12-22 08:30:59', '2020-12-22 08:32:27', '2020-12-22 08:32:27'),
(247, 21, 261, '4904.0000', '1.0000', '4904.0000', NULL, '2020-12-22 08:31:02', '2020-12-22 08:32:27', '2020-12-22 08:32:27'),
(248, 21, 45, '550.0000', '1.0000', '550.0000', NULL, '2020-12-22 08:31:50', '2020-12-22 08:32:27', '2020-12-22 08:32:27'),
(249, 21, 46, '1130.0000', '1.0000', '1130.0000', NULL, '2020-12-22 08:31:51', '2020-12-22 08:32:27', '2020-12-22 08:32:27'),
(250, 21, 44, '1790.0000', '1.0000', '1790.0000', NULL, '2020-12-22 08:31:53', '2020-12-22 08:32:27', '2020-12-22 08:32:27'),
(251, 21, 43, '230.0000', '1.0000', '230.0000', NULL, '2020-12-22 08:31:54', '2020-12-22 08:32:27', '2020-12-22 08:32:27'),
(252, 21, 48, '1800.0000', '1.0000', '1800.0000', NULL, '2020-12-22 08:32:04', '2020-12-22 08:32:27', '2020-12-22 08:32:27'),
(253, 21, 49, '3675.0000', '1.0000', '3675.0000', NULL, '2020-12-22 08:32:05', '2020-12-22 08:32:27', '2020-12-22 08:32:27'),
(254, 21, 50, '1900.0000', '1.0000', '1900.0000', NULL, '2020-12-22 08:32:07', '2020-12-22 08:32:27', '2020-12-22 08:32:27'),
(255, 21, 54, '1560.0000', '1.0000', '1560.0000', NULL, '2020-12-22 08:32:09', '2020-12-22 08:32:27', '2020-12-22 08:32:27'),
(256, 22, 48, '1800.0000', '1.0000', '1800.0000', NULL, '2020-12-22 09:34:14', '2020-12-22 10:30:12', '2020-12-22 10:30:12'),
(257, 22, 49, '3675.0000', '1.0000', '3675.0000', NULL, '2020-12-22 09:34:17', '2020-12-22 10:27:46', '2020-12-22 10:27:46'),
(258, 19, 71, '230.0000', '1.0000', '230.0000', NULL, '2020-12-22 10:25:44', '2020-12-22 10:27:16', '2020-12-22 10:27:16'),
(259, 19, 58, '6270.0000', '1.0000', '6270.0000', NULL, '2020-12-22 10:25:58', '2020-12-22 10:27:31', '2020-12-22 10:27:31'),
(260, 19, 57, '10450.0000', '1.0000', '10450.0000', NULL, '2020-12-22 10:25:59', '2020-12-22 10:27:33', '2020-12-22 10:27:33'),
(261, 19, 98, '180.0000', '1.0000', '180.0000', NULL, '2020-12-22 10:26:05', '2020-12-22 10:27:35', '2020-12-22 10:27:35'),
(262, 19, 96, '120.0000', '1.0000', '120.0000', NULL, '2020-12-22 10:26:06', '2020-12-22 10:27:38', '2020-12-22 10:27:38'),
(263, 19, 94, '799.0000', '1.0000', '799.0000', NULL, '2020-12-22 10:26:08', '2020-12-22 10:27:41', '2020-12-22 10:27:41'),
(264, 19, 100, '230.0000', '1.0000', '230.0000', NULL, '2020-12-22 10:26:09', '2020-12-22 10:27:43', '2020-12-22 10:27:43'),
(265, 19, 102, '500.0000', '1.0000', '500.0000', NULL, '2020-12-22 10:26:11', '2020-12-22 10:27:46', '2020-12-22 10:27:46'),
(266, 19, 118, '2500.0000', '1.0000', '2500.0000', NULL, '2020-12-22 10:26:18', '2020-12-22 10:27:48', '2020-12-22 10:27:48'),
(267, 19, 120, '3000.0000', '1.0000', '3000.0000', NULL, '2020-12-22 10:26:20', '2020-12-22 10:27:50', '2020-12-22 10:27:50'),
(268, 19, 122, '300.0000', '1.0000', '300.0000', NULL, '2020-12-22 10:26:21', '2020-12-22 10:27:52', '2020-12-22 10:27:52'),
(269, 19, 93, '195.0000', '1.0000', '195.0000', NULL, '2020-12-22 10:26:23', '2020-12-22 10:26:46', '2020-12-22 10:26:46'),
(270, 22, 270, '100.0000', '1.0000', '100.0000', NULL, '2020-12-22 11:30:08', '2020-12-22 11:30:17', '2020-12-22 11:30:17'),
(271, 22, 269, '2000.0000', '1.0000', '2000.0000', NULL, '2020-12-22 11:30:09', '2020-12-22 11:30:17', '2020-12-22 11:30:17');

-- --------------------------------------------------------

--
-- Table structure for table `cart_items_variants`
--

CREATE TABLE `cart_items_variants` (
  `id` int(11) NOT NULL,
  `cart_item_id` int(11) NOT NULL,
  `variant_id` int(11) DEFAULT NULL,
  `product_id` int(11) NOT NULL,
  `warehouse_variant_id` int(11) NOT NULL,
  `product_variant_id` int(11) DEFAULT NULL,
  `created_at` datetime NOT NULL DEFAULT '1970-01-01 00:00:00',
  `updated_at` timestamp NOT NULL DEFAULT CURRENT_TIMESTAMP,
  `deleted_at` datetime DEFAULT NULL
) ENGINE=InnoDB DEFAULT CHARSET=latin1;

--
-- Dumping data for table `cart_items_variants`
--

INSERT INTO `cart_items_variants` (`id`, `cart_item_id`, `variant_id`, `product_id`, `warehouse_variant_id`, `product_variant_id`, `created_at`, `updated_at`, `deleted_at`) VALUES
(1, 2, 1, 41, 31, 24, '2020-12-14 11:49:20', '2020-12-14 11:50:28', '2020-12-14 11:50:28'),
(2, 12, 5, 36, 28, 13, '2020-12-14 12:42:12', '2020-12-14 13:11:41', '2020-12-14 13:11:41'),
(3, 12, 2, 36, 27, 12, '2020-12-14 12:42:12', '2020-12-14 13:11:41', '2020-12-14 13:11:41'),
(4, 14, 1, 41, 31, 24, '2020-12-14 12:42:21', '2020-12-14 13:11:44', '2020-12-14 13:11:44'),
(5, 15, 5, 124, 50, 28, '2020-12-14 12:42:32', '2020-12-14 13:11:45', '2020-12-14 13:11:45'),
(6, 15, 2, 124, 40, 32, '2020-12-14 12:42:32', '2020-12-14 13:11:45', '2020-12-14 13:11:45'),
(7, 19, 1, 37, 31, 15, '2020-12-14 13:10:18', '2020-12-14 13:11:51', '2020-12-14 13:11:51'),
(8, 19, 2, 37, 27, 20, '2020-12-14 13:10:18', '2020-12-14 13:11:51', '2020-12-14 13:11:51'),
(9, 23, 1, 41, 31, 24, '2020-12-14 13:12:07', '2020-12-14 13:12:12', '2020-12-14 13:12:12'),
(10, 29, 2, 36, 27, 12, '2020-12-15 07:42:19', '2020-12-15 07:43:01', '2020-12-15 07:43:01'),
(11, 29, 5, 36, 28, 13, '2020-12-15 07:42:19', '2020-12-15 07:43:01', '2020-12-15 07:43:01'),
(12, 40, 1, 41, 31, 24, '2020-12-15 07:43:46', '2020-12-15 07:47:02', '2020-12-15 07:47:02'),
(13, 51, 1, 41, 31, 24, '2020-12-15 07:47:31', '2020-12-15 07:49:45', '2020-12-15 07:49:45'),
(14, 84, 5, 36, 28, 13, '2020-12-15 07:59:00', '2020-12-15 07:59:20', '2020-12-15 07:59:20'),
(15, 84, 2, 36, 27, 12, '2020-12-15 07:59:00', '2020-12-15 07:59:20', '2020-12-15 07:59:20'),
(16, 88, 1, 41, 32, 25, '2020-12-15 07:59:39', '2020-12-15 07:59:47', '2020-12-15 07:59:47'),
(17, 111, 5, 36, 28, 13, '2020-12-17 06:30:29', '2020-12-17 06:31:57', '2020-12-17 06:31:57'),
(18, 111, 2, 36, 27, 12, '2020-12-17 06:30:29', '2020-12-17 06:31:57', '2020-12-17 06:31:57'),
(19, 112, 1, 37, 31, 15, '2020-12-17 06:30:38', '2020-12-17 06:31:59', '2020-12-17 06:31:59'),
(20, 112, 2, 37, 27, 20, '2020-12-17 06:30:38', '2020-12-17 06:31:59', '2020-12-17 06:31:59'),
(21, 117, 1, 41, 31, 24, '2020-12-17 06:30:59', '2020-12-17 06:39:11', '2020-12-17 06:39:11'),
(22, 132, 1, 37, 32, 18, '2020-12-17 06:40:01', '2020-12-17 06:40:20', '2020-12-17 06:40:20'),
(23, 132, 2, 37, 27, 20, '2020-12-17 06:40:01', '2020-12-17 06:40:20', '2020-12-17 06:40:20'),
(24, 137, 1, 37, 31, 15, '2020-12-17 06:46:10', '2020-12-22 08:25:14', '2020-12-22 08:25:14'),
(25, 137, 2, 37, 27, 20, '2020-12-17 06:46:10', '2020-12-22 08:25:14', '2020-12-22 08:25:14'),
(26, 138, 2, 36, 27, 12, '2020-12-17 06:46:16', '2020-12-22 08:25:14', '2020-12-22 08:25:14'),
(27, 138, 5, 36, 28, 13, '2020-12-17 06:46:16', '2020-12-22 08:25:14', '2020-12-22 08:25:14'),
(28, 152, 5, 36, 28, 13, '2020-12-17 07:13:59', '2020-12-17 07:14:21', '2020-12-17 07:14:21'),
(29, 152, 2, 36, 27, 12, '2020-12-17 07:13:59', '2020-12-17 07:14:21', '2020-12-17 07:14:21'),
(30, 164, 1, 41, 31, 24, '2020-12-20 06:35:19', '2020-12-20 07:08:12', '2020-12-20 07:08:12'),
(31, 174, 1, 41, 31, 24, '2020-12-20 07:08:52', '2020-12-20 07:12:25', '2020-12-20 07:12:25'),
(32, 189, 1, 41, 32, 25, '2020-12-20 07:15:12', '2020-12-20 07:17:00', '2020-12-20 07:17:00'),
(33, 214, 1, 41, 31, 24, '2020-12-22 06:02:33', '2020-12-22 06:04:44', '2020-12-22 06:04:44'),
(34, 221, 1, 37, 33, 19, '2020-12-22 07:11:08', '2020-12-22 08:25:14', '2020-12-22 08:25:14'),
(35, 221, 2, 37, 27, 20, '2020-12-22 07:11:08', '2020-12-22 08:25:14', '2020-12-22 08:25:14'),
(36, 223, 1, 41, 31, 24, '2020-12-22 07:59:00', '2020-12-22 08:28:50', '2020-12-22 08:28:50'),
(37, 227, 5, 36, 28, 13, '2020-12-22 08:29:05', '2020-12-22 08:29:32', '2020-12-22 08:29:32'),
(38, 227, 2, 36, 27, 12, '2020-12-22 08:29:05', '2020-12-22 08:29:32', '2020-12-22 08:29:32'),
(39, 229, 5, 124, 49, 27, '2020-12-22 08:29:13', '2020-12-22 08:29:34', '2020-12-22 08:29:34'),
(40, 229, 2, 124, 40, 32, '2020-12-22 08:29:13', '2020-12-22 08:29:34', '2020-12-22 08:29:34'),
(41, 236, 1, 37, 31, 15, '2020-12-22 08:29:53', '2020-12-22 08:30:04', '2020-12-22 08:30:04'),
(42, 236, 2, 37, 27, 20, '2020-12-22 08:29:53', '2020-12-22 08:30:04', '2020-12-22 08:30:04'),
(43, 242, 1, 41, 31, 24, '2020-12-22 08:30:45', '2020-12-22 08:32:27', '2020-12-22 08:32:27');

-- --------------------------------------------------------

--
-- Table structure for table `categories`
--

CREATE TABLE `categories` (
  `id` int(11) NOT NULL,
  `type_id` int(11) NOT NULL COMMENT '1 for product type , 2 for category',
  `parent_id` int(11) DEFAULT NULL,
  `offer_id` int(11) DEFAULT NULL,
  `code` varchar(55) DEFAULT NULL,
  `name` varchar(55) NOT NULL,
  `image` text,
  `slug` varchar(55) DEFAULT NULL,
  `created_at` datetime NOT NULL DEFAULT '1970-01-01 00:00:00',
  `updated_at` timestamp NOT NULL DEFAULT CURRENT_TIMESTAMP ON UPDATE CURRENT_TIMESTAMP,
  `deleted_at` datetime DEFAULT NULL
) ENGINE=InnoDB DEFAULT CHARSET=utf8;

--
-- Dumping data for table `categories`
--

INSERT INTO `categories` (`id`, `type_id`, `parent_id`, `offer_id`, `code`, `name`, `image`, `slug`, `created_at`, `updated_at`, `deleted_at`) VALUES
(1, 1, NULL, NULL, NULL, 'হস্ত শিল্প', NULL, 'হস্ত-শিল্প', '2018-08-05 13:12:58', '2018-11-27 13:38:44', NULL),
(2, 1, NULL, NULL, ' রেশমজাত দ্রব্য', 'রেশমজাত দ্রব্য', NULL, 'রেশমজাত-দ্রব্য', '2018-08-05 13:13:31', '2018-10-21 11:23:53', NULL),
(3, 1, NULL, NULL, 'কুটির শিল্প', 'কুটির শিল্প', NULL, 'কুটির-শিল্প', '2018-08-05 13:14:01', '2018-09-22 20:37:23', NULL),
(6, 2, 4, NULL, 'sdsd', 'বুতিক শাড়ী', '', 'বুতিক-শাড়ী', '2018-08-05 13:17:55', '2018-10-20 09:31:55', NULL),
(7, 2, 4, NULL, 'sdsd', 'হাতের কাজের শাড়ী', '/images/35353a38-cc52-4ef6-bab2-234588744cfb.jpg', 'হাতের-কাজের শাড়ী', '2018-08-05 13:19:53', '2018-10-20 09:31:31', NULL),
(9, 2, 8, NULL, 'sdsds', 'Polo T-Shirt', '/images/35353a38-cc52-4ef6-bab2-234588744cfb.jpg', 'polo-t-shirt', '2018-08-05 13:23:02', '2020-10-30 11:37:04', NULL),
(12, 2, 11, NULL, '0010', 'MEN\'S CLOTHING', NULL, 'men\'s-clothing', '2018-08-13 19:11:44', '2018-08-13 13:11:44', NULL),
(15, 1, NULL, NULL, 'বেত ও বাঁশজাত দ্রব্যাদি ও আসবাবপত্র', 'বেত ও বাঁশজাত দ্রব্যাদি ও আসবাবপত্র', NULL, 'বেত-ও বাঁশজাত দ্রব্যাদি ও আসবাবপত্র', '2018-08-13 19:28:36', '2018-10-21 11:24:15', NULL),
(16, 1, NULL, NULL, 'মুদ্রণ ও মোড়কসহ কাগজ শিল্প', 'মুদ্রণ ও মোড়কসহ কাগজ শিল্প', NULL, 'মুদ্রণ-ও মোড়কসহ কাগজ শিল্প', '2018-08-13 19:29:01', '2018-08-13 13:29:13', NULL),
(17, 1, NULL, NULL, 'মেশিনারি ও যন্ত্রপাতিসহ ধাতব শিল্প', 'মেশিনারি ও যন্ত্রপাতিসহ ধাতব শিল্প', '/images/35353a38-cc52-4ef6-bab2-234588744cfb.jpg', 'মেশিনারি-ও যন্ত্রপাতিসহ ধাতব শিল্প', '2018-08-13 19:31:05', '2018-10-20 09:39:22', NULL),
(18, 1, NULL, NULL, 'মুদ্রণ ও মোড়কসহ কাগজ শিল্প', 'মুদ্রণ ও মোড়কসহ কাগজ শিল্প', NULL, 'মুদ্রণ-ও মোড়কসহ কাগজ শিল্প', '2018-08-13 19:31:38', '2018-08-13 13:31:38', NULL),
(19, 1, NULL, NULL, '101010', 'NewClass', '/images/cdfe4d02-9f91-4391-b004-bf63dcf876e8.png', 'newclass', '2018-12-01 12:26:50', '2018-12-03 09:38:03', NULL),
(23, 2, 12, NULL, 'LS02TS1', 'Fashionable Trendy T-shirt ', NULL, 'fashionable-trendy t-shirt ', '2020-10-22 14:10:50', '2020-10-22 14:17:32', NULL),
(26, 2, 0, NULL, 'furniture', 'FURNITURE', '/images/14d74e2b-7179-4e1e-8355-f3f2729c95ad.jpg', 'furniture', '2020-10-30 05:51:14', '2020-11-05 05:38:21', NULL),
(27, 2, 0, 27, 'beauty & health care', 'BEAUTY & HEALTH CARE', '/images/3838a2a9-3d84-4e40-ace0-fde51ebea67e.png', 'beauty-& health care', '2020-10-30 05:55:13', '2020-11-30 08:39:40', NULL),
(29, 2, 0, 29, 'sports & gym accessories', 'SPORTS & Gym Accessories', '/images/cfc17347-e9c6-4c3f-a1d1-dddb110c9902.png', 'sports-& gym accessories', '2020-10-30 06:24:02', '2020-11-30 05:59:36', NULL),
(36, 2, 8, NULL, '578', 'Mens Punjabi ', NULL, 'mens-punjabi ', '2020-10-30 13:00:59', '2020-10-30 13:00:59', NULL),
(37, 2, 8, NULL, 'jeans pants', 'Jeans Pant', NULL, 'jeans-pant', '2020-10-31 06:19:05', '2020-10-31 06:19:05', NULL),
(38, 2, 8, NULL, 'summmer collection', 'Summer Collection', NULL, 'summer-collection', '2020-10-31 06:25:56', '2020-10-31 06:25:56', NULL),
(39, 2, 8, NULL, 'color polo', 'Color Polo', NULL, 'color-polo', '2020-10-31 06:33:24', '2020-10-31 06:33:24', NULL),
(40, 2, 8, NULL, 'stylish t-shirt', 'Stylish T-Shirt', NULL, 'stylish-t-shirt', '2020-10-31 07:28:23', '2020-10-31 07:28:23', NULL),
(41, 2, 8, NULL, 'dhuti/uttorio', 'Dhuti/Uttorio', NULL, 'dhuti/uttorio', '2020-10-31 07:39:03', '2020-10-31 07:39:03', NULL),
(42, 2, 4, NULL, 'designer dress', 'Designer Dress', NULL, 'designer-dress', '2020-10-31 07:48:19', '2020-10-31 07:48:19', NULL),
(43, 2, 4, NULL, 'abaya & borkha', 'Abaya & Borkha', NULL, 'abaya-& borkha', '2020-10-31 07:50:38', '2020-10-31 07:50:38', NULL),
(44, 2, 4, NULL, 'hijab & dupatta', 'Hijab & Dupatta', NULL, 'hijab-& dupatta', '2020-10-31 08:51:20', '2020-10-31 08:51:20', NULL),
(45, 2, 4, NULL, 'saree', 'Saree', NULL, 'saree', '2020-10-31 08:52:44', '2020-10-31 08:52:44', NULL),
(46, 2, 4, NULL, 't-shirt & tops', 'T-Shirt & Tops', NULL, 't-shirt-& tops', '2020-10-31 08:55:23', '2020-10-31 08:55:23', NULL),
(47, 2, 26, NULL, 'center table', 'Center Table', NULL, 'center-table', '2020-10-31 11:11:08', '2020-10-31 11:11:08', NULL),
(48, 2, 26, NULL, 'rocking chair', 'Rocking Chair', NULL, 'rocking-chair', '2020-10-31 11:38:59', '2020-10-31 11:38:59', NULL),
(49, 2, 25, NULL, 'body care', 'Body Care', NULL, 'body-care', '2020-10-31 12:10:24', '2020-10-31 12:10:24', NULL),
(52, 2, 51, NULL, 'backpakage', 'BACKPAKAGE', '/images/24106d49-8805-4b07-87c1-546e8f469b59.jpg', 'backpakage', '2020-11-12 14:26:44', '2020-11-12 14:26:44', NULL),
(53, 2, 52, 36, '100', 'Accessory', '/images/e348457e-6c85-4a84-9315-91b96fb687b3.jpg', 'accessory', '2020-11-18 11:34:11', '2020-11-18 11:34:11', NULL),
(54, 2, 35, 29, '100', 'jewelry', NULL, 'jewelry', '2020-11-29 09:49:00', '2020-11-29 09:49:00', NULL),
(56, 2, 0, 56, 'lifestyle', 'LIFESTYLE', '/images/19c32412-a9a7-45b9-bc7c-c8b5e81b3c15.png', 'lifestyle', '2020-11-30 05:03:51', '2020-11-30 06:58:08', NULL),
(57, 2, 0, 57, 'electronics', 'ELECTRONICS', '/images/41ccdbab-ac50-48c7-b703-715994a04799.png', 'electronics', '2020-11-30 05:07:43', '2020-11-30 06:58:32', NULL),
(58, 2, 57, NULL, 'television', 'Television', NULL, 'television', '2020-11-30 05:08:25', '2020-11-30 05:08:25', NULL),
(59, 2, 57, NULL, 'ac', 'AC', NULL, 'ac', '2020-11-30 05:09:38', '2020-11-30 05:09:38', NULL),
(60, 2, 57, NULL, 'refrigerator', 'Refrigerator', NULL, 'refrigerator', '2020-11-30 05:10:11', '2020-11-30 05:10:11', NULL),
(61, 2, 57, NULL, 'computer', 'Computer', NULL, 'computer', '2020-11-30 05:11:02', '2020-11-30 05:11:02', NULL),
(62, 2, 57, NULL, 'mobile', 'Mobile', NULL, 'mobile', '2020-11-30 05:11:28', '2020-11-30 05:11:28', NULL),
(63, 2, 61, NULL, 'laptop', 'Laptop', NULL, 'laptop', '2020-11-30 05:13:18', '2020-11-30 05:13:18', NULL),
(64, 2, 61, NULL, 'desktop', 'Desktop', NULL, 'desktop', '2020-11-30 05:13:49', '2020-11-30 05:13:49', NULL),
(65, 2, 61, NULL, 'accessories', 'Accessories', NULL, 'accessories', '2020-11-30 05:15:06', '2020-11-30 05:15:06', NULL),
(66, 2, 61, NULL, 'gaming', 'Gaming', NULL, 'gaming', '2020-11-30 05:15:42', '2020-11-30 05:15:42', NULL),
(67, 2, 62, NULL, 'samsung mobile', 'Samsung Mobile', NULL, 'samsung-mobile', '2020-11-30 05:16:27', '2020-11-30 05:16:27', NULL),
(68, 2, 62, NULL, 'tab', 'Tab', NULL, 'tab', '2020-11-30 05:16:47', '2020-11-30 05:16:47', NULL),
(69, 2, 62, NULL, 'iphone', 'iPhone', NULL, 'iphone', '2020-11-30 05:17:12', '2020-11-30 05:17:12', NULL),
(70, 2, 62, NULL, 'ipad', 'iPad', NULL, 'ipad', '2020-11-30 05:17:38', '2020-11-30 05:17:38', NULL),
(71, 2, 62, NULL, 'mobile_accessories', 'Mobile Accessories', NULL, 'mobile-accessories', '2020-11-30 05:18:23', '2020-11-30 05:18:23', NULL),
(72, 2, 60, NULL, '56', 'Freezer', '/images/43cf0b01-4bd7-4c31-921f-16df1c61318a.jpg', 'freezer', '2020-11-30 05:20:04', '2020-11-30 05:20:04', NULL),
(73, 2, 29, NULL, 'gym equipment', 'Gym Equipment', NULL, 'gym-equipment', '2020-11-30 06:01:42', '2020-11-30 06:01:42', NULL),
(74, 2, 29, NULL, 'gym wear', 'Gym Wear', NULL, 'gym-wear', '2020-11-30 06:02:02', '2020-11-30 06:02:02', NULL),
(75, 2, 29, NULL, 'sports shoes', 'Sports Shoes', NULL, 'sports-shoes', '2020-11-30 06:02:32', '2020-11-30 06:02:32', NULL),
(76, 2, 29, NULL, 'running accessories', 'Running Accessories', NULL, 'running-accessories', '2020-11-30 06:03:09', '2020-11-30 06:03:09', NULL),
(77, 2, 29, NULL, 'swimming accessories', 'Swimming Accessories', NULL, 'swimming-accessories', '2020-11-30 06:03:36', '2020-11-30 06:03:36', NULL),
(78, 2, 29, NULL, 'badminton accessories', 'Badminton Accessories', NULL, 'badminton-accessories', '2020-11-30 06:04:14', '2020-11-30 06:04:14', NULL),
(79, 2, 29, NULL, 'football accessories', 'Football Accessories', NULL, 'football-accessories', '2020-11-30 06:04:45', '2020-11-30 06:04:45', NULL),
(80, 2, 29, NULL, 'cricket accessories', 'Cricket Accessories', NULL, 'cricket-accessories', '2020-11-30 06:05:20', '2020-11-30 06:05:20', NULL),
(82, 2, 81, NULL, 'test 1', 'test 1', NULL, 'test-1', '2020-11-30 06:12:22', '2020-11-30 06:12:22', NULL),
(83, 2, 56, NULL, 'women', 'Women', NULL, 'women', '2020-11-30 06:27:02', '2020-11-30 06:27:02', NULL),
(84, 2, 56, NULL, 'men', 'Men', NULL, 'men', '2020-11-30 06:27:21', '2020-11-30 06:27:21', NULL),
(85, 2, 56, NULL, 'kid\'s', 'Kid\'s', NULL, 'kid\'s', '2020-11-30 06:28:45', '2020-11-30 06:28:45', NULL),
(86, 2, 83, NULL, 'saree', 'Saree', NULL, 'saree', '2020-11-30 06:31:00', '2020-11-30 06:31:00', NULL),
(87, 2, 83, NULL, 'salwar kameez', 'Salwar Kameez', NULL, 'salwar-kameez', '2020-11-30 06:31:41', '2020-11-30 06:31:41', NULL),
(88, 2, 83, NULL, 'shoes and sandals', 'Shoes and Sandals', NULL, 'shoes-and sandals', '2020-11-30 06:33:36', '2020-11-30 06:33:36', NULL),
(89, 2, 83, NULL, 'bags and purse', 'Bags and Purse', NULL, 'bags-and purse', '2020-11-30 06:34:31', '2020-11-30 06:34:31', NULL),
(90, 2, 83, NULL, 'watch', 'Watch', NULL, 'watch', '2020-11-30 06:35:00', '2020-11-30 06:35:00', NULL),
(91, 2, 83, NULL, 'jewellery ', 'Jewellery', NULL, 'jewellery', '2020-11-30 06:37:00', '2020-11-30 06:37:00', NULL),
(92, 2, 84, NULL, 'shirt', 'Shirt', NULL, 'shirt', '2020-11-30 06:37:28', '2020-11-30 06:37:28', NULL),
(93, 2, 84, NULL, 'trousers', 'Trousers', NULL, 'trousers', '2020-11-30 06:37:57', '2020-11-30 06:37:57', NULL),
(94, 2, 84, NULL, 'man\'s shoes & sandals', 'Shoes and Sandals', NULL, 'shoes-and sandals', '2020-11-30 06:38:58', '2020-11-30 06:38:58', NULL),
(95, 2, 84, NULL, 'men\'s bags & purse', 'Bags and Purse', NULL, 'bags-and purse', '2020-11-30 06:39:43', '2020-11-30 06:39:43', NULL),
(96, 2, 84, NULL, 'men\'s watch', 'Watch', NULL, 'watch', '2020-11-30 06:40:09', '2020-11-30 06:40:09', NULL),
(97, 2, 84, NULL, 'men\'s jewellery', 'Jewellery', NULL, 'jewellery', '2020-11-30 06:40:50', '2020-11-30 06:40:50', NULL),
(98, 2, 85, NULL, 'girls', 'Girls', NULL, 'girls', '2020-11-30 06:41:55', '2020-11-30 06:41:55', NULL),
(99, 2, 85, NULL, 'boys', 'Boys', NULL, 'boys', '2020-11-30 06:42:22', '2020-11-30 06:42:22', NULL),
(100, 2, 85, NULL, 'toy\'s', 'Toy\'s', NULL, 'toy\'s', '2020-11-30 06:43:00', '2020-11-30 06:43:00', NULL),
(101, 2, 0, 101, 'home appliance', 'HOME APPLIANCE', '/images/8281f081-c22c-49e1-9858-4b7b7931692a.png', 'home-appliance', '2020-11-30 07:38:53', '2020-11-30 07:47:30', NULL),
(102, 2, 0, 46, 'automobiles', 'AUTOMOBILES', '/images/d957c584-1ed8-4707-9d8f-a186d25e2d1a.png', 'automobiles', '2020-11-30 07:43:33', '2020-12-01 06:56:50', NULL),
(103, 2, 27, NULL, 'personal care', 'Personal Care', NULL, 'personal-care', '2020-11-30 08:34:42', '2020-11-30 08:34:42', NULL),
(104, 2, 103, NULL, 'bath ', 'Bath', NULL, 'bath', '2020-11-30 08:35:19', '2020-11-30 08:35:19', NULL),
(105, 2, 103, NULL, 'cream & lotion', 'Cream & Lotion', NULL, 'cream-& lotion', '2020-11-30 08:36:10', '2020-11-30 08:36:10', NULL),
(106, 2, 103, NULL, 'facial care', 'Facial Care', NULL, 'facial-care', '2020-11-30 08:36:35', '2020-11-30 08:36:35', NULL),
(107, 2, 103, NULL, 'deodorant', 'Deodorant', NULL, 'deodorant', '2020-11-30 08:37:05', '2020-11-30 08:37:05', NULL),
(108, 2, 103, NULL, 'shaving needs', 'Shaving Needs', NULL, 'shaving-needs', '2020-11-30 08:37:34', '2020-11-30 08:37:34', NULL),
(109, 2, 103, NULL, 'hair care', 'Hair Care', NULL, 'hair-care', '2020-11-30 08:38:02', '2020-11-30 08:38:02', NULL),
(110, 2, 103, NULL, 'oral care', 'Oral Care', NULL, 'oral-care', '2020-11-30 08:38:27', '2020-11-30 08:38:27', NULL),
(111, 2, 103, NULL, 'feminine care', 'Feminine Care', NULL, 'feminine-care', '2020-11-30 08:39:17', '2020-11-30 08:39:17', NULL),
(112, 2, 103, NULL, 'skin care', 'Skin Care', NULL, 'skin-care', '2020-11-30 08:40:12', '2020-11-30 08:40:12', NULL),
(113, 2, 103, NULL, 'shampoo', 'Shampoo', NULL, 'shampoo', '2020-11-30 08:40:39', '2020-11-30 08:40:39', NULL),
(114, 2, 103, NULL, 'handwash', 'Handwash', NULL, 'handwash', '2020-11-30 08:42:08', '2020-11-30 08:42:08', NULL),
(115, 2, 103, NULL, 'talcom powder', 'Talcom Powder', NULL, 'talcom-powder', '2020-11-30 08:59:44', '2020-11-30 08:59:44', NULL),
(116, 2, 103, NULL, 'tissue and wipes', 'Tissue and Wipes', NULL, 'tissue-and wipes', '2020-11-30 09:00:11', '2020-11-30 09:00:11', NULL),
(117, 2, 27, NULL, 'baby care', 'Baby Care', NULL, 'baby-care', '2020-11-30 09:00:40', '2020-11-30 09:00:40', NULL),
(118, 2, 117, NULL, 'diapers & wipes', 'Diapers & Wipes', NULL, 'diapers-& wipes', '2020-11-30 09:01:34', '2020-11-30 09:01:34', NULL),
(119, 2, 117, NULL, 'newborn essentials', 'Newborn Essentials', NULL, 'newborn-essentials', '2020-11-30 09:02:15', '2020-11-30 09:02:15', NULL),
(120, 2, 117, NULL, 'feeders', 'Feeders', NULL, 'feeders', '2020-11-30 09:02:40', '2020-11-30 09:02:40', NULL),
(121, 2, 117, NULL, 'milk & fooding', 'Milk & Fooding', NULL, 'milk-& fooding', '2020-11-30 09:03:15', '2020-11-30 09:03:15', NULL),
(122, 2, 117, NULL, 'bath and skin', 'Bath & Skin', NULL, 'bath-& skin', '2020-11-30 09:03:43', '2020-11-30 09:03:43', NULL),
(123, 2, 117, NULL, 'baby accessories', 'Baby Accessories', NULL, 'baby-accessories', '2020-11-30 09:04:12', '2020-11-30 09:04:12', NULL),
(124, 2, 117, NULL, 'baby oral care', 'Baby Oral Care ', NULL, 'baby-oral care ', '2020-11-30 09:04:49', '2020-11-30 09:04:49', NULL),
(125, 2, 27, NULL, 'health care', 'Health Care', NULL, 'health-care', '2020-11-30 09:05:57', '2020-11-30 09:05:57', NULL),
(126, 2, 125, NULL, 'food supplements', 'Food Supplements', NULL, 'food-supplements', '2020-11-30 09:06:52', '2020-11-30 09:06:52', NULL),
(127, 2, 125, NULL, 'herbal & digestive aid', 'Herbal & Digestive Aid', NULL, 'herbal-& digestive aid', '2020-11-30 09:08:00', '2020-11-30 09:08:00', NULL),
(128, 2, 125, NULL, 'first aid', 'First Aid', NULL, 'first-aid', '2020-11-30 09:08:22', '2020-11-30 09:08:22', NULL),
(129, 2, 125, NULL, 'family planning', 'Family Planning ', NULL, 'family-planning ', '2020-11-30 09:08:59', '2020-11-30 09:08:59', NULL),
(130, 2, 125, NULL, 'antiseptics', 'Antiseptics', NULL, 'antiseptics', '2020-11-30 09:09:35', '2020-11-30 09:09:35', NULL),
(131, 2, 125, NULL, 'adult diaper', 'Adult Diaper', NULL, 'adult-diaper', '2020-11-30 09:10:10', '2020-11-30 09:10:10', NULL),
(132, 2, 27, NULL, 'pet care', 'Pet Care', NULL, 'pet-care', '2020-11-30 09:10:56', '2020-11-30 09:10:56', NULL),
(133, 2, 132, NULL, 'cat food', 'Cat Food', NULL, 'cat-food', '2020-11-30 09:12:07', '2020-11-30 09:12:07', NULL),
(134, 2, 132, NULL, 'kitten food', 'Kitten Food', NULL, 'kitten-food', '2020-11-30 09:12:32', '2020-11-30 09:12:32', NULL),
(135, 2, 132, NULL, 'dog food', 'Dog Food', NULL, 'dog-food', '2020-11-30 09:12:56', '2020-11-30 09:12:56', NULL),
(136, 2, 132, NULL, 'other pet food', 'Other Pet Food', NULL, 'other-pet food', '2020-11-30 09:13:27', '2020-11-30 09:13:27', NULL),
(137, 2, 132, NULL, 'pet accessories', 'Pet Accessories', NULL, 'pet-accessories', '2020-11-30 09:14:32', '2020-11-30 09:14:32', NULL),
(138, 2, 102, NULL, 'mobil', 'Mobil', NULL, 'mobil', '2020-11-30 09:30:23', '2020-11-30 09:30:23', NULL),
(139, 2, 102, NULL, 'tyre', 'Tyre', NULL, 'tyre', '2020-11-30 09:30:42', '2020-11-30 09:30:42', NULL),
(140, 2, 102, NULL, 'car freshner', 'Car Freshner', NULL, 'car-freshner', '2020-11-30 09:31:10', '2020-11-30 09:31:10', NULL),
(141, 2, 102, NULL, 'car decoration', 'Car Decoration', NULL, 'car-decoration', '2020-11-30 09:31:44', '2020-11-30 09:31:44', NULL),
(142, 2, 102, NULL, 'bike accessories', 'Bike Accessories', NULL, 'bike-accessories', '2020-11-30 09:32:07', '2020-11-30 09:32:07', NULL),
(143, 2, 29, NULL, 'cycling essentials', 'Cycling Essentials', NULL, 'cycling-essentials', '2020-11-30 09:33:00', '2020-11-30 09:33:00', NULL),
(144, 2, 29, NULL, 'sports nutritions', 'Sports Nutritions ', NULL, 'sports-nutritions ', '2020-11-30 09:34:53', '2020-11-30 09:34:53', NULL),
(145, 2, 29, NULL, 'brands', 'Brands', NULL, 'brands', '2020-11-30 09:35:13', '2020-11-30 09:35:13', NULL),
(146, 2, 101, NULL, 'kitchen appliances', 'Kitchen Appliances', NULL, 'kitchen-appliances', '2020-11-30 09:36:31', '2020-11-30 09:36:31', NULL),
(147, 2, 101, NULL, 'lights & electrical', 'Lights & Electrical', NULL, 'lights-& electrical', '2020-11-30 09:37:20', '2020-11-30 09:37:20', NULL),
(148, 2, 101, NULL, 'tools & hardware', 'Tools & Hardware', NULL, 'tools-& hardware', '2020-11-30 09:37:55', '2020-11-30 09:37:55', NULL),
(149, 2, 101, NULL, 'cleaning supplies', 'Cleaning Supplies', NULL, 'cleaning-supplies', '2020-11-30 09:38:25', '2020-11-30 09:38:25', NULL),
(150, 2, 149, NULL, 'dishwash', 'Dishwash', NULL, 'dishwash', '2020-11-30 09:39:50', '2020-11-30 09:39:50', NULL),
(151, 2, 149, NULL, 'laundry', 'Laundry', NULL, 'laundry', '2020-11-30 09:40:16', '2020-11-30 09:40:16', NULL),
(152, 2, 149, NULL, 'tableware &trash bags', 'Tableware &Trash Bags', NULL, 'tableware-&trash bags', '2020-11-30 09:41:21', '2020-11-30 09:41:21', NULL),
(153, 2, 149, NULL, 'food storage', 'Food Storage', NULL, 'food-storage', '2020-11-30 09:41:51', '2020-11-30 09:41:51', NULL),
(154, 2, 149, NULL, 'shoe care', 'Shoe Care', NULL, 'shoe-care', '2020-11-30 09:42:29', '2020-11-30 09:42:29', NULL),
(155, 2, 149, NULL, 'air freshner', 'Air Freshner', NULL, 'air-freshner', '2020-11-30 09:42:57', '2020-11-30 09:42:57', NULL),
(156, 2, 149, NULL, 'napkin & tissue', 'Napkin & Tissue', NULL, 'napkin-& tissue', '2020-11-30 09:43:40', '2020-11-30 09:43:40', NULL),
(157, 2, 149, NULL, 'pest control', 'Pest Control', NULL, 'pest-control', '2020-11-30 09:44:12', '2020-11-30 09:44:12', NULL),
(158, 2, 149, NULL, 'cleaning accessories', 'Cleaning Accessories', NULL, 'cleaning-accessories', '2020-11-30 09:44:49', '2020-11-30 09:44:49', NULL),
(159, 2, 84, NULL, 'Hoodie ', 'Hoodie ', '/images/9e954ebe-8858-4d91-b183-b1d9aea14e7c.jpg', 'hoodie-', '2020-12-01 05:00:48', '2020-12-01 05:00:48', NULL),
(160, 2, 47, 29, 'SK1011', 'Table', NULL, 'table', '2020-12-01 06:52:42', '2020-12-01 06:52:42', NULL),
(161, 2, 0, 46, '000233', 'New Category', NULL, 'new-category', '2020-12-01 06:54:37', '2020-12-01 06:54:37', NULL);

-- --------------------------------------------------------

--
-- Table structure for table `chat`
--

CREATE TABLE `chat` (
  `id` int(11) NOT NULL,
  `chat_user_id` int(11) NOT NULL,
  `message` text,
  `chat_image_id` int(11) DEFAULT NULL,
  `notification_view_status` int(11) NOT NULL DEFAULT '1' COMMENT '1 for not viewed, 0 for viewed',
  `person_status` int(11) NOT NULL,
  `created_at` datetime NOT NULL DEFAULT CURRENT_TIMESTAMP,
  `updated_at` timestamp NOT NULL DEFAULT '0000-00-00 00:00:00' ON UPDATE CURRENT_TIMESTAMP,
  `deleted_at` datetime DEFAULT NULL
) ENGINE=InnoDB DEFAULT CHARSET=utf8;

-- --------------------------------------------------------

--
-- Table structure for table `chat_files`
--

CREATE TABLE `chat_files` (
  `id` int(11) NOT NULL,
  `chat_id` int(11) NOT NULL,
  `file_name` text,
  `file_location` text NOT NULL,
  `created_at` datetime NOT NULL DEFAULT CURRENT_TIMESTAMP,
  `updated_at` timestamp NOT NULL DEFAULT '0000-00-00 00:00:00' ON UPDATE CURRENT_TIMESTAMP,
  `deleted_at` datetime DEFAULT NULL
) ENGINE=InnoDB DEFAULT CHARSET=utf8;

-- --------------------------------------------------------

--
-- Table structure for table `chat_user`
--

CREATE TABLE `chat_user` (
  `id` int(11) NOT NULL,
  `user_id` int(11) NOT NULL,
  `product_id` int(11) NOT NULL,
  `warehouse_id` int(11) NOT NULL,
  `person_status` int(11) NOT NULL COMMENT '0 for user, 1 for shopowner',
  `created_at` datetime NOT NULL DEFAULT CURRENT_TIMESTAMP,
  `updated_at` timestamp NOT NULL DEFAULT '0000-00-00 00:00:00' ON UPDATE CURRENT_TIMESTAMP,
  `deleted_at` datetime DEFAULT NULL
) ENGINE=InnoDB DEFAULT CHARSET=utf8;

-- --------------------------------------------------------

--
-- Table structure for table `cms`
--

CREATE TABLE `cms` (
  `id` int(11) NOT NULL,
  `page` varchar(100) NOT NULL,
  `section` varchar(100) NOT NULL,
  `sub_section` varchar(100) DEFAULT NULL,
  `data_value` text CHARACTER SET utf8,
  `user_id` int(11) DEFAULT NULL,
  `created_at` datetime NOT NULL,
  `updated_at` timestamp NOT NULL DEFAULT CURRENT_TIMESTAMP ON UPDATE CURRENT_TIMESTAMP,
  `deleted_at` datetime DEFAULT NULL
) ENGINE=InnoDB DEFAULT CHARSET=latin1;

--
-- Dumping data for table `cms`
--

INSERT INTO `cms` (`id`, `page`, `section`, `sub_section`, `data_value`, `user_id`, `created_at`, `updated_at`, `deleted_at`) VALUES
(1, 'HOME', 'BANNER', 'banner SUBSECTION', '[{\"title\":\"Demo- IT\'s not wokirng.\",\"description\":\"Demo- IT\'s not wokirng.\",\"image\":\"/images/a3e945f1-25bd-4848-b82f-63dc17957968.jpg\"}]', NULL, '2018-04-06 00:00:00', '2020-11-05 08:29:20', NULL),
(2, 'LAYOUT', 'HEADER', 'header SUBSECTION', '[{\"title\":\"Become an Investor\",\"description\":\"Short Discription\",\"image\":\"/images/9c9675f2-a3e0-499a-9144-5ecce2500dbd.png\"},{\"title\":\"Become an Affiliate\",\"description\":\"Short Discription\",\"image\":\"/images/49066715-9995-42f9-85d8-32f392a44043.png\"},{\"title\":\"24/7 Help Center\",\"description\":\"Short Discription\",\"image\":\"/images/59c260da-68fc-470a-8306-6008de5dff73.png\"}]', NULL, '2018-04-06 00:00:00', '2020-11-30 10:44:47', NULL),
(3, 'LAYOUT', 'FOOTER', 'FEATURE', '[{\"title\":\"Great Value\",\"description\":\"We offer competetive prices on our 100 million plus product range\",\"image\":\"/images/ca12187a-eb8b-428f-b4d2-b927eb0ec558.png\"},{\"title\":\"Worldwide Delivery\",\"description\":\"We offer competetive prices on our 100 million plus product range\",\"image\":\"/images/68bddf1b-8768-4d7d-ba72-908e4280057d.png\"},{\"title\":\"Safe Payment\",\"description\":\"We offer competetive prices on our 100 million plus product range\",\"image\":\"/images/a9e5c6a4-ca23-4e61-bd37-54cc82c27bc4.png\"},{\"title\":\"Shop with Confidence\",\"description\":\"We offer competetive prices on our 100 million plus product range\",\"image\":\"/images/a6e6afdf-6d7d-4612-a4fb-f8664e88f64e.png\"}]', NULL, '2018-04-06 00:00:00', '2020-11-04 05:46:29', NULL),
(4, 'ADVERTISEMENT', 'ADVERTISEMENT', 'advertisement SUBSECTION', '[{\"title\":\"Demo- Soliquem Duscipitor\",\"description\":\"Curabitur sodalesg lorem quis adipiscing euismod, midos lacus eleifend nulla porttitor semper urna loremous\",\"image\":\"/images/729cd1d1-5065-4d74-bb39-0e6c42fd6822.jpg\"},{\"title\":\"Demo- Soliquem Duscipitor\",\"description\":\"Curabitur sodalesg lorem quis adipiscing euismod, midos lacus eleifend nulla porttitor semper urna loremous\",\"image\":\"/images/35056788-0865-4b93-9b15-aa5e33fb7c74.jpg\"},{\"title\":\"Demo- Soliquem Duscipitor\",\"description\":\"Curabitur sodalesg lorem quis adipiscing euismod, midos lacus eleifend nulla porttitor semper urna loremous\",\"image\":\"/images/03206f9b-64e6-47da-83c9-4ccd7a78886c.jpg\"},{\"title\":\"Demo- Soliquem Duscipitor 1\",\"description\":\"1 Curabitur sodalesg lorem quis adipiscing euismod, midos lacus eleifend nulla porttitor semper urna loremous\",\"image\":\"/images/6cd5d746-69a7-4f59-ac9a-b66fb1d2d677.jpg\"},{\"title\":\"Demo- Soliquem Duscipitor 1\",\"description\":\"1 Curabitur sodalesg lorem quis adipiscing euismod, midos lacus eleifend nulla porttitor semper urna loremous\",\"image\":\"/images/f8361949-3af6-45f2-9f8b-418018242a60.jpg\"},{\"title\":\"Demo- Soliquem Duscipitor\",\"description\":\"Curabitur sodalesg lorem quis adipiscing euismod, midos lacus eleifend nulla porttitor semper urna loremous\",\"image\":\"/images/18ba0fc9-eca3-464c-ba8c-1944b82f62eb.jpg\"}]', NULL, '2018-04-06 00:00:00', '2020-11-05 08:35:30', NULL),
(5, 'HOME', 'CAROUSEL', 'CAROUSEL', '[{\"title\":\"Up to\",\"description\":\"{\\\"short1\\\":\\\"Up to \\\",\\\"short2\\\":\\\" Half Price1\\\",\\\"short3\\\":\\\"Shoes & bags men women kids\\\",\\\"linktext\\\":\\\"Shop now1\\\",\\\"link\\\":\\\"product-details/65\\\"}\",\"image\":\"/images/73d6a2cb-93a8-475e-a516-ee346b2c18fa.png\"},{\"title\":\"Up to\",\"description\":\"{\\\"short1\\\":\\\"Up to\\\",\\\"short2\\\":\\\" Half Price2\\\",\\\"short3\\\":\\\"Shoes & bags men women kids\\\",\\\"linktext\\\":\\\"Shop now2\\\",\\\"link\\\":\\\"product-details/66\\\"}\",\"image\":\"/images/07dec7d7-7ec2-4e0a-a0fd-e8795f931a48.jpg\"},{\"title\":\"Up to \",\"description\":\"{\\\"short1\\\":\\\"Up to \\\",\\\"short2\\\":\\\" Half Price3\\\",\\\"short3\\\":\\\"Shoes & bags men women kids\\\",\\\"linktext\\\":\\\"Shop now3\\\",\\\"link\\\":\\\"product-details/64\\\"}\",\"image\":\"/images/3509a369-351f-4723-9789-14bc213a4a8b.jpg\"},{\"title\":\"Dhamaka Offer\",\"description\":\"{\\\"short1\\\":\\\"Dhamaka Offer\\\",\\\"short2\\\":\\\"Keyboard Offer\\\",\\\"short3\\\":\\\"Small Keyboard\\\",\\\"linktext\\\":\\\"Link Text\\\",\\\"link\\\":\\\"Only Link\\\"}\",\"image\":\"/images/3489beb4-94dd-4e8f-a7aa-c4419e8ded1c.jpg\"}]', NULL, '2018-04-06 00:00:00', '2020-12-02 04:15:22', NULL),
(6, 'LAYOUT', 'LOGO', 'carousel SUBSECTION', '[{\"title\":\"Logo\",\"description\":\"AnderBazaar\",\"image\":\"/images/04940cb3-189b-45f9-a6cb-2a2d2912664d.png\"}]', NULL, '2018-04-06 00:00:00', '2020-11-05 08:33:20', NULL),
(7, 'LAYOUT', 'FOOTER', 'FOOTER', '[{\"title\":\"© 2018 Makzun.com - All right reserved - Powered By Bitspeck Solutions \",\"description\":\"<p>                     <a title=\\\"Skrill\\\" href=\\\"#\\\"><img src=\\\"assets/images/skrill.png\\\" alt=\\\"Skrill\\\"></a>                     <a title=\\\"Paypal\\\" href=\\\"#\\\"><img src=\\\"assets/images/paypal.png\\\" alt=\\\"Paypal\\\"></a>                     <a title=\\\"Visa\\\" href=\\\"#\\\"><img src=\\\"assets/images/visa.png\\\" alt=\\\"Visa\\\"></a>                     <a title=\\\"Express\\\" href=\\\"#\\\"><img src=\\\"assets/images/american.png\\\" alt=\\\"Express\\\"></a>                     <a title=\\\"Master Card\\\" href=\\\"#\\\"><img src=\\\"assets/images/mastercard.png\\\" alt=\\\"Master Card\\\"></a>                 </p>\",\"image\":\"/images/7a7ae568-cb18-4e97-9c7c-17b2f4983e34.jpg\"},{\"title\":\"Shopping\",\"description\":\"<li><a href=\\\"#\\\">Makeing payments</a></li>                                \\n <li><a href=\\\"#\\\">Delivery options</a></li>                                 <li><a href=\\\"#\\\">Buyer protection</a></li>\",\"image\":\"fa fa-check\"},{\"title\":\"Customer Service\",\"description\":\"<li><a href=\\\"#\\\">Customer Service</a></li>                                 <li><a href=\\\"#\\\">Transaction Services Agreement</a></li>                                 <li><a href=\\\"#\\\"> Take our feedback survey</a></li> \",\"image\":\"fa fa-check\"},{\"title\":\"Help\",\"description\":\"<li><a href=\\\"#\\\">Disputes & Reports</a></li>                                 <li><a href=\\\"#\\\">Buyer Protection</a></li>                                 <li><a href=\\\"#\\\">Report IPR intringement</a></li>\",\"image\":\"fa fa-check\"},{\"title\":\"Brands\",\"description\":\"<li><a href=\\\"#\\\">Bruck Lighting</a></li>                                 <li><a href=\\\"#\\\">Fortuny Lighting Venetia Studium</a></li>                                 <li><a href=\\\"#\\\">Bulbrite</a></li>                                 <li><a href=\\\"#\\\">Shipping & Returns</a></li>                                 <li><a href=\\\"#\\\">Classy Caps</a></li>                                 <li><a href=\\\"#\\\"> ELK Lighting</a></li>                                 <li><a href=\\\"#\\\">Dabmar Lighting</a></li>                                 <li><a href=\\\"#\\\"> Ellington Fans</a></li>                                 <li><a href=\\\"#\\\">Fire Farm Lighting</a></li>                                 <li><a href=\\\"#\\\"> Hunter Fan</a></li>                                 <li><a href=\\\"#\\\"><i class=\\\"fa fa-chevron-right\\\"><span>View All</span></i>                                     </a></li>\",\"image\":\"fa fa-check\"},{\"title\":\"Stay Connected\",\"description\":\"<li class=\\\"tweet\\\" _ngcontent-c2>\\n<a href=\\\"#\\\" _ngcontent-c2>\\n<i class=\\\"fa fa-twitter\\\" _ngcontent-c2></i></a></li>\\n <li class=\\\"face\\\" _ngcontent-c2><a href=\\\"#\\\" _ngcontent-c2><i class=\\\"fa fa-facebook\\\"></i></a></li>\\n<li class=\\\"yout\\\" _ngcontent-c2><a href=\\\"#\\\" _ngcontent-c2><i class=\\\"fa fa-youtube-play\\\"></i></a></li>\\n<li class=\\\"linked\\\" _ngcontent-c2><a href=\\\"#\\\" _ngcontent-c2><i class=\\\"fa fa-linkedin\\\"></i></a></li>\\n<li class=\\\"goog\\\" _ngcontent-c2><a href=\\\"#\\\" _ngcontent-c2><i class=\\\"fa fa-google-plus\\\"></i></a></li>\",\"image\":\"fa fa-check\"}]', NULL, '2018-04-06 00:00:00', '2020-11-18 12:31:05', NULL),
(8, 'POST', 'HOME', 'BANNER', '[{\"title\":\"Demo- Curabitur sodalesg\",\"description\":\"<p>Curabitur sodalesg lorem quis adipiscing euismod, midos lacus eleifend nulla porttitor semper urna loremou</p>\\n\",\"image\":\"/images/fb9e4870-b055-425a-96fa-cf9f32a51a04.jpg\"}]', NULL, '2018-09-04 19:10:13', '2020-11-05 08:30:14', NULL),
(9, 'POST', 'NONE', 'NONE', '[{\"title\":\"thsia sfd\",\"description\":\"<p>dfkjafdskaldfsj&nbsp;</p>\\n\",\"image\":\"/images/a9775312-1e63-4678-8d28-2f870c2e8799.jpg\"}]', NULL, '2018-09-06 13:04:04', '2018-09-22 17:05:19', '2018-09-22 23:05:19'),
(10, 'POST', 'HOME', 'MIDDLE', '[{\"title\":\"Place Order\",\"description\":\"<p>Choose&nbsp;your&nbsp;desird&nbsp;products&nbsp;and&nbsp;press&nbsp;the&nbsp;place&nbsp;order&nbsp;button</p>\\n\",\"image\":\"/images/18ad6924-45e2-40e3-9bf6-c6c0d6c5442d.jpg\"}]', 47, '2018-09-06 13:13:59', '2020-11-01 12:03:06', NULL),
(11, 'POST', 'HOME', 'BOTTOM', '[{\"title\":\"sddsds\",\"description\":\"<p>dsdsds</p>\\r\\n\",\"image\":\"/images/edf26dff-c3f7-4311-ae87-78d07f4eddcf.jpg\"}]', NULL, '2018-09-06 13:15:58', '2018-09-14 05:27:00', '2018-09-06 13:16:14'),
(12, 'POST', 'NONE', 'NONE', '[{\"title\":\"fsdfsdf dsf dsf dsf fds fds\",\"description\":\"fsdfsdf dsf dsf dsf fds fds\"},null,{\"title\":\"fsdfsdf dsf dsf dsf fds fds\",\"description\":\"<p>fsdfsdf dsf dsf dsf fds fds</p>\\r\\n\",\"image\":\"/images/62df37f3-de1a-4527-b05a-f236f823fc1e.jpeg\"}]', 47, '2018-09-06 13:16:38', '2018-09-14 05:27:03', '2018-09-14 17:21:55'),
(13, 'POST', 'NONE', 'NONE', '[{\"title\":\"dssdds\",\"description\":\"<p>dsdsds</p>\\n\",\"image\":\"/images/1e1e976f-45ad-4103-b9ef-c4800237d3fe.jpg\"}]', NULL, '2018-09-14 18:04:53', '2018-09-22 00:42:59', '2018-09-22 06:42:59'),
(14, 'POST', 'NONE', 'NONE', '[{\"title\":\"ddssdd\",\"description\":\"<p>dsdsdsdsds</p>\\n\",\"image\":\"/images/3ec677f3-4c5a-4fd8-867c-50dfaf0327f2.jpg\"}]', NULL, '2018-09-14 18:05:15', '2018-09-22 17:05:20', '2018-09-22 23:05:20'),
(15, 'POST', 'HOME', 'BANNER', '[{\"title\":\"dsdsds\",\"description\":\"<p>ddsdsdsds</p>\\n\",\"image\":\"/images/211ef444-09c4-4b97-8ce2-ed53f5926f10.jpg\"}]', NULL, '2018-09-14 18:07:15', '2018-09-22 00:38:04', '2018-09-22 06:38:04'),
(16, 'POST', 'NONE', 'NONE', '[{\"title\":\"dsdsds\",\"description\":\"<p>dsdsdsds</p>\\n\",\"image\":\"/images/d87b128b-d50a-4721-bd99-b0cb97db4eff.jpg\"}]', NULL, '2018-09-14 18:12:23', '2018-09-22 17:05:31', '2018-09-22 23:05:31'),
(17, 'POST', 'HOME', 'BOTTOM', '[{\"title\":\"Demo- Curabitur sodalesg\",\"description\":\"<p>Curabitur sodalesg lorem quis adipiscing euismod, midos lacus eleifend nulla porttitor semper urna loremou</p>\\n\",\"image\":\"/images/f687755f-c731-458a-a019-1efd0fe750e7.jpg\"}]', NULL, '2018-09-14 18:12:50', '2020-11-05 08:34:03', NULL),
(18, 'POST', 'HOME', 'MIDDLE', '[{\"title\":\"this is title\",\"description\":\"<p>done</p>\\n\",\"image\":\"/images/7173f187-9e9e-4061-be81-daae727b840b.jpg\"}]', NULL, '2018-09-22 06:16:29', '2018-09-22 00:42:26', '2018-09-22 06:42:26'),
(19, 'POST', 'NONE', 'NONE', '[{\"title\":\"this is test\",\"description\":\"<p>okay</p>\\n\",\"image\":\"/images/d3dbcc51-d388-4f1c-95c4-71a4766fea19.jpg\"}]', 1, '2018-09-22 06:19:55', '2018-09-22 00:20:04', '2018-09-22 06:20:04'),
(20, 'POST', 'HOME', 'MIDDLE', '[{\"title\":\"Easy Pament\",\"description\":\"<p>Pay&nbsp;at&nbsp;you&nbsp;convenience,&nbsp;from&nbsp;where&nbsp;ever&nbsp;you&nbsp;are</p>\\n\",\"image\":\"/images/b59c9693-f682-48d8-b651-5445b56e6fb0.jpg\"}]', NULL, '2018-09-22 23:00:22', '2020-11-01 12:03:26', NULL),
(21, 'POST', 'HOME', 'MIDDLE', '[{\"title\":\"Fast Delivery\",\"description\":\"<p>Get&nbsp;you&nbsp;order&nbsp;delivered&nbsp;within&nbsp;1&nbsp;day&nbsp;your&nbsp;doorstep</p>\\n\",\"image\":\"/images/54a82664-c56c-4e17-9d98-6aaf8fcfbb49.jpg\"}]', NULL, '2018-09-22 23:02:03', '2020-11-01 12:03:49', NULL),
(22, 'POST', 'HOME', 'BOTTOM', '[{\"title\":\"Demo- Curabitur sodalesg lorem \",\"description\":\"<p>Curabitur sodalesg lorem quis adipiscing euismod, midos lacus eleifend nulla porttitor semper urna loremou</p>\\n\",\"image\":\"/images/087a058c-5b11-4032-b64a-1530ef460f10.png\"}]', NULL, '2018-09-22 23:04:15', '2020-11-05 08:34:10', NULL),
(23, 'POST', 'HOME', 'BOTTOM', '[{\"title\":\"Demo- Eleifend nulla porttitor\",\"description\":\"<p>Curabitur sodalesg lorem quis adipiscing euismod, midos lacus eleifend nulla porttitor semper urna loremou</p>\\n\",\"image\":\"/images/a7fca1f0-c28a-448e-811f-db36678832ee.jpg\"}]', NULL, '2018-09-22 23:04:51', '2020-11-05 08:34:16', NULL),
(24, 'POST', 'HOME', 'BANNER', '[{\"title\":\"Demo- Curabitur sodalesg\",\"description\":\"<p>Curabitur sodalesg lorem quis adipiscing euismod, midos lacus eleifend nulla porttitor semper urna loremou</p>\\n\",\"image\":\"/images/b60c2da0-822b-4ac4-ad7e-84b5d78d4a54.jpg\"}]', NULL, '2018-10-21 00:39:28', '2020-11-05 08:30:35', NULL),
(25, 'POST', 'HOME', 'BANNER', '[{\"title\":\"Demo- Curabitur sodalesg\",\"description\":\"<p>Curabitur sodalesg lorem quis adipiscing euismod, midos lacus eleifend nulla porttitor semper urna loremou</p>\\n\",\"image\":\"/images/22f853a1-f696-4b27-84dc-3f4fc15d52af.jpg\"}]', NULL, '2018-10-21 00:47:18', '2020-11-05 08:30:57', NULL),
(26, 'POST', 'HOME', 'MIDDLE', '[{\"title\":\"Lifestyle\",\"description\":\"<p>Fashionable Trendy T-shirt</p>\\n\",\"image\":\"/images/641ffcf5-e503-43da-9d19-e86503235cb8.jpg\"}]', NULL, '2020-10-27 12:37:01', '2020-11-30 09:51:42', NULL),
(28, 'POST', 'HOME', 'PARENTOFFER', '[{\"title\":\"Easy Payment\",\"description\":\"Pay at you convenience, from where ever you are\",\"offers\":[],\"products\":[36,38,39,40]}]', NULL, '2020-11-11 11:40:24', '2020-11-11 09:51:21', NULL),
(29, 'POST', 'HOME', 'OFFER', '[{\"title\":\"Easy Payment\",\"image\":\"/images/f02222d3-7d91-497d-bedc-ee2524f46f3b.jpg\",\"description\":\"<p>Pay at you convenience, from where ever you are</p>\\n\",\"offers\":[],\"products\":[1,2,3]}]', NULL, '2020-11-11 11:40:24', '2020-11-11 13:51:43', NULL),
(30, 'POST', 'HOME', 'PARENTOFFER', '[{\"title\":\"Easy Payment\",\"description\":\"Pay at you convenience, from where ever you are\",\"offers\":[29,32,33],\"products\":[]}]', NULL, '2020-11-11 11:40:24', '2020-11-29 17:47:11', NULL),
(31, 'POST', 'HOME', 'OFFER', '[{\"title\":\"Easy Payment\",\"image\":\"/images/f02222d3-7d91-497d-bedc-ee2524f46f3c.jpg\",\"description\":\"<p>Pay at you convenience, from where ever you are</p>\\n\",\"offers\":[],\"products\":[1,2,3]}]', NULL, '2020-11-11 11:40:24', '2020-11-11 13:51:43', NULL),
(32, 'POST', 'HOME', 'OFFER', '[{\"title\":\"Easy Payment\",\"image\":\"/images/f02222d3-7d91-497d-bedc-ee2524f46f3d.jpg\",\"description\":\"<p>Pay at you convenience, from where ever you are</p>\\n\",\"offers\":[],\"products\":[1,2,3]}]', NULL, '2020-11-11 11:40:24', '2020-11-11 13:51:43', NULL),
(33, 'POST', 'HOME', 'OFFER', '[{\"title\":\"Easy Payment\",\"image\":\"/images/f02222d3-7d91-497d-bedc-ee2524f46f3e.jpg\",\"description\":\"<p>Pay at you convenience, from where ever you are</p>\\n\",\"offers\":[],\"products\":[1,2,3]}]', NULL, '2020-11-11 11:40:24', '2020-11-11 13:51:43', NULL),
(34, 'POST', 'HOME', 'PARENTOFFER', '[{\"title\":\"Easy Payment\",\"description\":\"Pay at you convenience, from where ever you are\",\"offers\":[35,36,37,38],\"products\":[]}]', NULL, '2020-11-11 11:40:24', '2020-11-30 09:52:44', NULL),
(35, 'POST', 'HOME', 'OFFER', '[{\"title\":\"Easy Payment\",\"image\":\"/images/g02222d3-7d91-497d-bedc-ee2524f46f3a.jpg\",\"description\":\"<p>Pay at you convenience, from where ever you are</p>\\n\",\"offers\":[],\"products\":[1,2,3]}]', NULL, '2020-11-11 11:40:24', '2020-11-11 13:51:43', NULL),
(36, 'POST', 'HOME', 'OFFER', '[{\"title\":\"Easy Payment\",\"image\":\"/images/g02222d3-7d91-497d-bedc-ee2524f46f3b.jpg\",\"description\":\"<p>Pay at you convenience, from where ever you are</p>\\n\",\"offers\":[],\"products\":[1,2,3]}]', NULL, '2020-11-11 11:40:24', '2020-11-11 13:51:43', NULL),
(37, 'POST', 'HOME', 'OFFER', '[{\"title\":\"Easy Payment\",\"image\":\"/images/g02222d3-7d91-497d-bedc-ee2524f46f3c.jpg\",\"description\":\"<p>Pay at you convenience, from where ever you are</p>\\n\",\"offers\":[],\"products\":[1,2,3]}]', NULL, '2020-11-11 11:40:24', '2020-11-11 13:51:43', NULL),
(38, 'POST', 'HOME', 'OFFER', '[{\"title\":\"Easy Payment\",\"image\":\"/images/g02222d3-7d91-497d-bedc-ee2524f46f3d.jpg\",\"description\":\"<p>Pay at you convenience, from where ever you are</p>\\n\",\"offers\":[],\"products\":[1,2,3]}]', NULL, '2020-11-11 11:40:24', '2020-11-11 13:51:43', NULL),
(39, 'POST', 'HOME', 'OFFER', '[{\"title\":\"Easy Payment\",\"description\":\"<p>Good</p>\\n\"}]', NULL, '2020-11-18 12:32:16', '2020-11-18 12:32:16', NULL),
(40, 'POST', 'NONE', 'NONE', '[{\"title\":\"Privacy Policy\",\"description\":\"<p>Huawei Technologies Co. Ltd and its affiliates (collectively, &quot;Huawei&quot;, &quot;we&quot;, &quot;us&quot;, and &quot;our&quot;) respect your privacy. Please read the following to learn more about our Privacy Policy (&quot;this Policy&quot;).&nbsp;<strong>This Policy applies to Huawei websites, products, and services that display or provide links to this Policy.</strong></p>\\n\\n<p>This Policy describes how Huawei processes your personal data, but it may not address all possible data processing scenarios. Huawei may inform you of product- or service-specific data collection through supplementary policies or notices provided before collection.</p>\\n\\n<p>This Policy describes:</p>\\n\\n<p>1. How We Collect &amp; Use Your Personal Data</p>\\n\\n<p>2. Cookies &amp; Similar Technologies</p>\\n\\n<p>3. How We Disclose Personal Data</p>\\n\\n<p>4. How to Access &amp; Control Your Personal Data</p>\\n\\n<p>5. How We Protect Your Personal Data</p>\\n\\n<p>6. How We Process Children&#39;s Personal Data</p>\\n\\n<p>7. Third-Party Providers and Their Services</p>\\n\\n<p>8. International Transfers of Your Personal Data</p>\\n\\n<p>9. Updates to This Policy</p>\\n\\n<p>10. How to Contact Us</p>\\n\\n<h2>1. How We Collect &amp; Use Your Personal Data</h2>\\n\\n<p>Personal data means any data that, either on its own or jointly with other data, can be used to identify a natural person. You directly provide us with such data when you use our websites, products, or services, or interact with us by, for example, creating a Huawei account or contacting us for support. We may also obtain data by recording how you interact with our websites, products, or services. For example, we may use technologies like cookies or receive use data from software running on your device. As permitted by law, we may also obtain data from public and commercial third-party sources, for example, purchasing statistics from other companies to support our services. The personal data we collect includes name, gender, enterprise name, job position, postal and email addresses, phone number, login information (account and password), photos, and certificate information, etc., depending on how you interact with Huawei, for example, the website you visit or the products and services that you use. We also collect the information you provide to us and the content of messages you send us, such as the query information you provide, or the questions or information you provide for customer service support.</p>\\n\\n<p>Before using Huawei&rsquo;s products or services, you may need to provide personal data.&nbsp; In some cases you may be able to opt not to disclose your personal data to Huawei. However, not providing Huawei with certain data may mean that we cannot provide you with certain products or services or respond to an issue that you have raised.</p>\\n\\n<p>We may use your personal data for the following purposes:</p>\\n\\n<p>Creating an account.</p>\\n\\n<p>Fulfilling your transaction or service requests, including fulfilling orders; delivering, activating, or verifying products or services; providing training and certification; managing and processing training and certification exams; participating in onsite or virtual activities; fulfilling your requests for changes or providing you with the requested information (such as marketing materials for products and services, and white papers); and providing technical support.</p>\\n\\n<p>Contacting you with your consent; sending you information about products and services that may interest you; inviting you to participate in Huawei activities (including promotional activities), market surveys, or satisfaction surveys; or sending you marketing information. If you do not want to receive these types of information, you can opt out at any time.</p>\\n\\n<p>Sending you important notices, such as installation of and updates to operating system or application.</p>\\n\\n<p>Providing you with customized user experience and content.</p>\\n\\n<p>Qualifying and managing suppliers and business partners, and communicating or working with suppliers and business partners.</p>\\n\\n<p>Improving our products and services through internal audits, data analysis, and research.</p>\\n\\n<p>Analyzing the efficiency of our business operations and evaluating market share.</p>\\n\\n<p>Troubleshooting when you send us error reports.</p>\\n\\n<p>Synchronizing, sharing, and storing the data you upload or download and the data needed for the uploading and downloading.</p>\\n\\n<p>Ensuring the security of our products, services and customers or users, executing and improving our loss prevention and anti-fraud programs.</p>\\n\\n<p>Complying with and enforcing applicable legal requirements, industry standards and our policies.</p>\\n\\n<p>Huawei may also collect and use non-personally identifiable information (Non-PII). Non-PII is information that cannot be used to identify a particular individual. For example, Huawei will collect statistical data, such as the numbers of visits to its website. We collect this data to understand how users use our websites, products, and services so that we can improve our services and better satisfy your needs. Huawei may collect, use, process, transfer, or disclose non-PII for other purposes at its own discretion.</p>\\n\\n<p>We will endeavor to isolate your personal data from non-PII and ensure that the two types of data are used separately. If personal data is combined with non-PII, it will still be treated as personal data during processing.</p>\\n\\n<p>Huawei will process your personal data following the requirements of applicable laws on an appropriate legal basis, including:</p>\\n\\n<p>Processing your personal data to fulfill the contract when responding to a transaction or service request;</p>\\n\\n<p>Processing your personal data with your consent;</p>\\n\\n<p>Processing based on the legitimate interests of Huawei or a third party when we use your personal data to contact you, conduct marketing or market surveys, improve our products and services, execute and improve our loss prevention and anti-fraud programs, and other purposes. Legitimate interests include enabling us to more effectively manage and operate our business and provide our products and services; protecting the security of our businesses, systems, products, services, and customers; internal management; complying with internal policies and processes; and other legitimate interests described in this policy;</p>\\n\\n<p>Processing your personal data as necessary to comply with and fulfill legal obligations.</p>\\n\\n<h2>2. Cookies &amp; Similar Technologies</h2>\\n\\n<h3>2.1 Cookies</h3>\\n\\n<p>To ensure our website works correctly, we may at times place a small piece of data known as a cookie on your computer or mobile device. A cookie is a text file stored by a web server on a computer or mobile device. The content of a cookie can be retrieved or read only by the server that creates the cookie. The text in a cookie often consists of identifiers, site names, and some numbers and characters. Cookies are unique to the browsers or mobile applications you use, and enable websites to store data such as your preferences or items in your shopping cart.</p>\\n\\n<p>Like many other websites or Internet service providers, Huawei uses cookies to improve user experience. Session cookies are deleted after each visit, while persistent cookies remain in place across multiple visits. Cookies allow websites to remember your settings such as language, font size on your computer or mobile device, or other browser preferences. This means that a user does not need to reset preferences for every visit. On the contrary, if cookies are not used, websites will treat you as a new visitor every time you load a web page. For example, if you are redirected to another web page from a website you are already logged in to and then return to the original website, it will not recognize you and you must log in again.</p>\\n\\n<p>Huawei will not use cookies for any purposes not stated in this Policy. You can manage or delete cookies based on your own preferences. For details, visit&nbsp;AboutCookies.org. You can clear all the cookies stored on your computer, and most web browsers provide the option of blocking cookies. However, by doing so, you have to change the user settings every time you visit our website. Find out how to manage cookie settings for your browser here:<br />\\nInternet Explorer<br />\\nGoogle Chrome<br />\\nMozilla Firefox<br />\\nSafari<br />\\nOpera</p>\\n\\n<h3>2.2 Web Beacons and Pixel Tags</h3>\\n\\n<p>In addition to cookies, we may also use other similar technologies on our websites such as web beacons and pixel tags. For example, when you receive an email from Huawei, it may contain a click-through URL that links to a Huawei web page. If you click the link, Huawei will track your visit to help us learn about your preferences for products and services and improve our customer service. A web beacon is a transparent graphic image embedded in a website or in an email. We use pixel tags in emails to find out whether an email has been opened. You can unsubscribe from the Huawei mailing list at any time if you do not want to be tracked in this manner.</p>\\n\\n<p>By using our website, you consent to the use of cookies, web beacons and pixel tags as described above.</p>\\n\\n<h2>3. How We Disclose Personal Data</h2>\\n\\n<p>Huawei shares your personal data with other partners, as described in this Policy, when services are provided by partners authorized by Huawei. For example, when you make an online purchase from Huawei, we must share your personal data with the logistics provider to arrange shipment or a partner to provide services. In addition, as a global company, we may share personal data with Huawei affiliates and subsidiaries.</p>\\n\\n<p>To comply with applicable laws or respond to valid legal procedures, Huawei may also disclose your personal data to law enforcement or other government agencies. If Huawei is involved in a restructuring, merger &amp; acquisition, or a bankruptcy or liquidation lawsuit in a given jurisdiction, your personal data may be disclosed in connection with the transaction. Huawei may also disclose your data when appropriate, for example, to execute Terms and Conditions, when we believe disclosure is necessary or appropriate to prevent physical harm or financial loss, or when it is in connection with an investigation of suspected or actual illegal activity.</p>\\n\\n<h2>4. How to Access &amp; Control Your Personal Data</h2>\\n\\n<p>It is your responsibility to ensure that all personal data submitted to Huawei is correct. Huawei is dedicated to maintaining the accuracy and completeness of personal data and keeping the data up-to-date.</p>\\n\\n<p>To the extent required by applicable law, you may (i) have the right to access certain personal data we maintain about you, (ii) request that we update or correct inaccuracies in that data, (iii) object or restrict to our use of your personal data, and (iv) ask us to delete your personal data from our database. To exercise these rights, please&nbsp;click here&nbsp;to give your feedback online. Your written request may be required for security. We may decline the request if we have reasonable grounds to believe that the request is a fraudulent, unfeasible or may jeopardize the privacy of others.</p>\\n\\n<p>If allowed by applicable laws, you have the right to withdraw your consent at any time when Huawei processes your personal data based on your consent. However, withdrawal does not affect the legitimacy and effectiveness of how we process your personal data based on your consent before the withdrawal is made; nor does it affect any data processing based on another justification other than your consent.</p>\\n\\n<p>If you think that the way we process your personal information does not comply with applicable data protection laws, you can contact the relevant competent data protection authority. You can obtain the information for contacting EU data protection authorities at&nbsp;http://ec.europa.eu/justice/article-29/structure/data-protection-authorities/index_en.htm.</p>\\n\\n<h2>5. How We Protect and Retain Your Personal Data</h2>\\n\\n<p>The security of your personal data is important to us. We use appropriate physical, management, and technical measures to protect your personal data from unauthorized access, disclosure, use, modification, damage, or loss. For example, we use cryptographic technologies for data confidentiality, protection mechanisms to prevent attacks, and access control mechanisms to permit only authorized access to your personal data. We also provide training on security and privacy protection for employees to raise their awareness of personal data protection. Huawei is committed to protecting your personal data; however, please note that no security measure is perfect.</p>\\n\\n<p>We will retain your personal information for no longer than is necessary for the purposes stated in this Policy, unless otherwise extending the retention period is required or permitted by law. The data storage period may vary with scenario, product, and service. The standards Huawei uses to determine the retention period are as follows: the time required to retain personal data to fulfill business purposes, including providing products and services; maintaining corresponding transaction and business records; controlling and improving the performance and quality of products and services; ensuring the security of systems, products, and services; handling possible user queries or complaints and locating problems; whether the user agrees to a longer retention period; and whether the laws, contracts, and other equivalencies have special requirements for data retention; etc. We will maintain your registration information as long as your account is necessary for service provision. You can choose to deregister your account. After you deregister your account, we will stop providing you with products and services through your account and delete your relevant personal data, provided that deletion is not otherwise stipulated by special legal requirements.</p>\\n\\n<h2>6. How We Process Children&#39;s Personal Data</h2>\\n\\n<p>Our websites, products and services are primarily intended for adults. A child must not create a Huawei account without the consent of a parent or guardian. If a child&#39;s personal data is collected with prior parental consent, we will only use or disclose the data as permitted by law, with the explicit consent of the child&#39;s parents or guardians, or when necessary for the protection of the child. If we accidentally collect a child&#39;s personal data without verified prior consent from the child&#39;s parents, we will attempt to delete the data as soon as possible.</p>\\n\\n<h2>7. Third-Party Providers and Their Services</h2>\\n\\n<p>To ensure a positive user experience, you may receive content or web links from third parties other than Huawei and its partners (&quot;third parties&quot;). Huawei does not have the right to control such third parties, but you can choose whether to use the links, view the content and/or access the products or services provided by third parties.</p>\\n\\n<p>Huawei cannot control the privacy practices and data protection policies of third parties that are not subject to this Policy. When you submit personal information to such a third party, please read and refer to the privacy protection policy of the third party.</p>\\n\\n<h2>8. International Transfers of Your Personal Data</h2>\\n\\n<p>As a global company, your personal data collected by Huawei may be processed or accessed in the country/region where you use our products and services or in other countries/regions where Huawei or its affiliates, subsidiaries, service providers or business partners have a presence. These jurisdictions may have different data protection laws. In such circumstances, Huawei will take measures to ensure that data is processed as required by this Policy and applicable laws, which includes when transferring the data subject&rsquo;s personal data from the EU to a country or region which have been acknowledged by the EU commission as having an adequate level of data protection, we may use a variety of legal mechanisms, such as signing standard contractual clauses approved by the EU Commission, obtaining the consent to the cross-border transfer of a data subject in the EU, or implementing security measures like anonymizing personal data before cross-border data transfer. You can&nbsp;click here&nbsp;to obtain a copy of the EU&rsquo;s standard contractual clauses.</p>\\n\\n<h2>9. Updates to This Policy</h2>\\n\\n<p>Huawei reserves the right to update or change this Policy at any time. We will release the latest Privacy Policy on this page for any changes. If major changes are made to the Privacy Policy, we may notify you through different channels, for example, posting a notice on our website or sending you direct notification.</p>\\n\\n<h2>10. How to Contact Us</h2>\\n\\n<p>If you have any privacy complaints or issues, and want to contact Huawei Data Protection Officer (DPO), please&nbsp;click here.</p>\\n\\n<p>Where your personal data is processed by Huawei in accordance with this Privacy Policy, the Huawei entity that responds to your request, contacts you, provides you with products or services, or has signed or is about to sign a contract with you is the controller of the related personal data. You can&nbsp;click here&nbsp;to obtain the contacts of Huawei entities.</p>\\n\",\"image\":\"/images/bc00f4f8-c24a-4a81-83c0-c2ad5ff2ab66.jpg\"}]', 37, '2020-11-18 12:33:23', '2020-11-20 15:21:11', NULL),
(41, 'POST', 'HOME', 'CATEGORY', '[{\"title\":\"Place Order\",\"description\":\"\",\"category_id\":\"57\",\"lowerlimit\":\"200\",\"upperlimit\":\"20000\"}]', 47, '2018-09-06 13:13:59', '2020-12-01 07:31:58', NULL),
(42, 'POST', 'HOME', 'CATEGORY', '[{\"title\":\"Category Section Men\",\"description\":\"<p>Good</p>\\n\",\"category_id\":\"27\",\"lowerlimit\":\"0\",\"upperlimit\":\"500\"}]', 47, '2018-09-06 13:13:59', '2020-11-30 11:51:14', NULL),
(43, 'POST', 'HOME', 'CATEGORY', '[{\"title\":\"Place Order\",\"description\":\"\",\"category_id\":\"102\",\"lowerlimit\":\"0\",\"upperlimit\":\"800\"}]', 47, '2018-09-06 13:13:59', '2020-11-30 11:51:48', NULL),
(44, 'POST', 'HOME', 'OFFER', '[{\"title\":\"10% Offer\",\"description\":\"<p>No description</p>\\n\"}]', NULL, '2020-11-29 17:42:47', '2020-11-29 17:42:47', NULL),
(45, 'POST', 'HOME', 'PARENTOFFER', '[{\"title\":\"new catagory\",\"description\":\"<p>demo text</p>\\n\",\"offers\":[],\"products\":[36]}]', NULL, '2020-12-01 06:49:43', '2020-12-01 06:52:53', '2020-12-01 06:52:53'),
(46, 'POST', 'HOME', 'OFFER', '[{\"title\":\"This PRodctu Showcase\",\"description\":\"<p>This is promoted Product</p>\\n\",\"image\":\"/images/d1bd2256-55dd-49c2-a8a0-17c052fb1f9a.jpeg\",\"offers\":[],\"products\":[36,37]}]', NULL, '2020-12-01 06:53:47', '2020-12-01 08:00:47', NULL);

-- --------------------------------------------------------

--
-- Table structure for table `courier`
--

CREATE TABLE `courier` (
  `id` int(11) NOT NULL,
  `name` text NOT NULL,
  `origin_type` int(11) DEFAULT NULL,
  `created_at` datetime NOT NULL DEFAULT CURRENT_TIMESTAMP,
  `updated_at` timestamp NOT NULL DEFAULT CURRENT_TIMESTAMP ON UPDATE CURRENT_TIMESTAMP,
  `deleted_at` datetime DEFAULT NULL
) ENGINE=InnoDB DEFAULT CHARSET=utf8;

--
-- Dumping data for table `courier`
--

INSERT INTO `courier` (`id`, `name`, `origin_type`, `created_at`, `updated_at`, `deleted_at`) VALUES
(1, 'Sundarban', 1, '2019-02-02 17:22:04', '2020-11-29 08:40:31', NULL),
(2, 'Pathao', 1, '2019-02-02 17:22:04', '2020-11-29 08:40:39', NULL),
(5, 'Ups', NULL, '2019-02-05 15:20:36', '2020-10-21 07:53:07', '2020-10-21 13:53:07'),
(6, 'Uber', NULL, '2020-11-18 12:15:27', '2020-11-18 12:15:33', '2020-11-18 12:15:33'),
(7, 'Uber', NULL, '2020-11-18 12:19:06', '2020-11-19 12:27:56', '2020-11-19 12:27:56'),
(8, 'uber', NULL, '2020-11-21 10:46:47', '2020-11-21 10:47:08', '2020-11-21 10:47:08'),
(9, 'uber', NULL, '2020-11-21 11:49:22', '2020-11-21 11:50:24', '2020-11-21 11:50:24'),
(10, 'REDX', 1, '2020-11-23 09:27:20', '2020-11-29 08:40:42', NULL),
(11, 'runner', NULL, '2020-11-25 05:20:18', '2020-11-25 06:45:27', '2020-11-25 06:45:27'),
(12, 'by air', 2, '2020-12-01 07:12:37', '2020-12-01 07:12:37', NULL),
(13, 'S A Paribhan', 1, '2020-12-01 07:24:14', '2020-12-01 07:24:14', NULL),
(14, 'Uber', 1, '2020-12-02 09:10:56', '2020-12-02 09:11:24', '2020-12-02 09:11:24'),
(15, 'Uber', 1, '2020-12-02 09:11:39', '2020-12-02 09:11:39', NULL),
(16, 'Poribahan', 1, '2020-12-03 04:47:12', '2020-12-03 04:47:12', NULL);

-- --------------------------------------------------------

--
-- Table structure for table `courier_list`
--

CREATE TABLE `courier_list` (
  `id` int(11) NOT NULL,
  `suborder_id` int(11) NOT NULL,
  `courier_id` int(11) NOT NULL,
  `courier_price_id` int(11) NOT NULL,
  `warehouse_id` int(11) DEFAULT NULL,
  `destination` text NOT NULL,
  `shipping_date` date NOT NULL,
  `arrival_date` date NOT NULL,
  `status` int(11) NOT NULL COMMENT '1 processing, 2 delivered, 3 canceled',
  `created_at` datetime NOT NULL DEFAULT CURRENT_TIMESTAMP,
  `updated_at` timestamp NOT NULL DEFAULT CURRENT_TIMESTAMP ON UPDATE CURRENT_TIMESTAMP,
  `deleted_at` datetime DEFAULT NULL
) ENGINE=InnoDB DEFAULT CHARSET=utf8;

--
-- Dumping data for table `courier_list`
--

INSERT INTO `courier_list` (`id`, `suborder_id`, `courier_id`, `courier_price_id`, `warehouse_id`, `destination`, `shipping_date`, `arrival_date`, `status`, `created_at`, `updated_at`, `deleted_at`) VALUES
(1, 19, 2, 4, 22, 'madam', '2020-12-17', '2020-12-17', 3, '2020-12-17 07:27:28', '2020-12-17 07:27:28', NULL),
(2, 40, 15, 8, 22, 'santinagar', '2020-12-17', '2020-12-17', 3, '2020-12-17 07:28:11', '2020-12-17 07:28:11', NULL),
(3, 38, 1, 1, 22, 'santinagar', '2020-12-17', '2020-12-17', 3, '2020-12-17 07:29:35', '2020-12-17 07:29:35', NULL),
(4, 7, 2, 4, 22, 'wdw', '2020-12-28', '2020-12-23', 3, '2020-12-17 07:30:03', '2020-12-17 07:30:03', NULL),
(5, 2, 1, 1, 22, 'jflsk', '2020-12-29', '2020-12-30', 3, '2020-12-17 07:31:16', '2020-12-17 07:31:16', NULL);

-- --------------------------------------------------------

--
-- Table structure for table `courier_order_list`
--

CREATE TABLE `courier_order_list` (
  `id` int(11) NOT NULL,
  `order_id` int(11) NOT NULL,
  `courier_id` int(11) NOT NULL,
  `courier_price_id` int(11) NOT NULL,
  `destination` text COLLATE utf8_unicode_ci NOT NULL,
  `shipping_date` date NOT NULL,
  `arrival_date` date NOT NULL,
  `status` int(11) NOT NULL,
  `created_at` datetime NOT NULL,
  `updated_at` timestamp NOT NULL DEFAULT CURRENT_TIMESTAMP ON UPDATE CURRENT_TIMESTAMP,
  `deleted_at` datetime DEFAULT NULL
) ENGINE=InnoDB DEFAULT CHARSET=utf8 COLLATE=utf8_unicode_ci;

--
-- Dumping data for table `courier_order_list`
--

INSERT INTO `courier_order_list` (`id`, `order_id`, `courier_id`, `courier_price_id`, `destination`, `shipping_date`, `arrival_date`, `status`, `created_at`, `updated_at`, `deleted_at`) VALUES
(1, 12, 2, 4, 'madam', '2020-12-17', '2020-12-17', 11, '2020-12-17 07:27:28', '2020-12-17 07:30:38', NULL),
(2, 26, 15, 8, 'santinagar', '2020-12-17', '2020-12-17', 3, '2020-12-17 07:28:11', '2020-12-17 07:28:11', NULL),
(3, 24, 1, 1, 'santinagar', '2020-12-17', '2020-12-17', 11, '2020-12-17 07:29:35', '2020-12-17 07:30:41', NULL),
(4, 5, 2, 4, 'wdw', '2020-12-28', '2020-12-23', 11, '2020-12-17 07:30:03', '2020-12-17 07:30:47', NULL),
(5, 2, 1, 1, 'jflsk', '2020-12-29', '2020-12-30', 12, '2020-12-17 07:31:16', '2020-12-17 07:31:24', NULL);

-- --------------------------------------------------------

--
-- Table structure for table `courier_price`
--

CREATE TABLE `courier_price` (
  `id` int(11) NOT NULL,
  `courier_id` int(11) NOT NULL,
  `weight` text NOT NULL,
  `price` float NOT NULL,
  `remarks` text,
  `created_at` datetime NOT NULL DEFAULT CURRENT_TIMESTAMP,
  `updated_at` timestamp NOT NULL DEFAULT '0000-00-00 00:00:00' ON UPDATE CURRENT_TIMESTAMP,
  `deleted_at` datetime DEFAULT NULL
) ENGINE=InnoDB DEFAULT CHARSET=utf8;

--
-- Dumping data for table `courier_price`
--

INSERT INTO `courier_price` (`id`, `courier_id`, `weight`, `price`, `remarks`, `created_at`, `updated_at`, `deleted_at`) VALUES
(1, 1, '500g to 1kg', 150, '500g to 2kg', '2019-02-02 15:53:54', '2020-11-20 05:38:08', NULL),
(2, 2, '1kg to 2kg', 130, 'no comment', '2019-02-02 16:39:35', '2020-11-21 11:50:50', '2020-11-21 11:50:50'),
(3, 2, '501g to 1kg', 160, 'nai', '2019-02-02 18:26:53', '2020-11-25 06:45:09', '2020-11-25 06:45:09'),
(4, 2, '100', 100, 'Good', '2020-11-18 12:19:27', '2020-11-21 10:52:16', NULL),
(5, 9, '50', 100, '100', '2020-11-21 11:49:46', '2020-12-02 09:11:19', '2020-12-02 09:11:19'),
(6, 11, '100', 200, '50 to 100', '2020-11-25 05:20:36', '2020-11-25 05:20:52', NULL),
(7, 12, '100', 200, 'good', '2020-12-01 07:13:21', '2020-12-01 07:13:21', NULL),
(8, 15, '50', 100, 'good', '2020-12-02 09:12:32', '2020-12-02 09:12:32', NULL),
(9, 16, '200', 100, 'good', '2020-12-03 04:47:33', '2020-12-03 04:47:33', NULL);

-- --------------------------------------------------------

--
-- Table structure for table `craftman_price`
--

CREATE TABLE `craftman_price` (
  `id` int(11) NOT NULL,
  `craftman_id` int(11) NOT NULL,
  `type_id` int(11) NOT NULL,
  `category_id` int(11) NOT NULL,
  `subcategory_id` int(11) DEFAULT NULL,
  `part_id` int(11) NOT NULL,
  `design_id` int(11) NOT NULL,
  `genre_id` int(11) NOT NULL,
  `design_category_id` int(11) NOT NULL,
  `design_subcategory_id` int(11) DEFAULT NULL,
  `price` decimal(25,4) NOT NULL,
  `time` int(11) NOT NULL,
  `comment` text,
  `warehouse_id` int(11) NOT NULL,
  `created_at` datetime NOT NULL,
  `updated_at` timestamp NOT NULL DEFAULT CURRENT_TIMESTAMP ON UPDATE CURRENT_TIMESTAMP,
  `deleted_at` datetime DEFAULT NULL
) ENGINE=InnoDB DEFAULT CHARSET=utf8 COMMENT='Relation Between Product, Design, Genre, Parts';

-- --------------------------------------------------------

--
-- Table structure for table `craftman_schedules`
--

CREATE TABLE `craftman_schedules` (
  `id` int(11) NOT NULL,
  `craftman_id` int(11) NOT NULL,
  `warehouse_id` int(11) NOT NULL,
  `order_id` int(11) NOT NULL,
  `product_id` int(11) NOT NULL,
  `product_quantity` decimal(25,4) NOT NULL,
  `start_time` datetime NOT NULL,
  `end_time` datetime NOT NULL,
  `created_at` datetime NOT NULL,
  `updated_at` timestamp NOT NULL DEFAULT CURRENT_TIMESTAMP ON UPDATE CURRENT_TIMESTAMP,
  `deleted_at` datetime DEFAULT NULL
) ENGINE=InnoDB DEFAULT CHARSET=utf8;

-- --------------------------------------------------------

--
-- Table structure for table `designs`
--

CREATE TABLE `designs` (
  `id` int(11) NOT NULL,
  `code` varchar(255) DEFAULT NULL,
  `name` char(255) NOT NULL,
  `warehouse_id` int(11) NOT NULL,
  `image` text,
  `rating` double DEFAULT NULL,
  `design_category_id` text NOT NULL,
  `design_subcategory_id` text,
  `genre_id` text NOT NULL,
  `details` text,
  `created_at` datetime NOT NULL,
  `updated_at` timestamp NOT NULL DEFAULT CURRENT_TIMESTAMP ON UPDATE CURRENT_TIMESTAMP,
  `deleted_at` datetime DEFAULT NULL
) ENGINE=InnoDB DEFAULT CHARSET=utf8;

-- --------------------------------------------------------

--
-- Table structure for table `design_categories`
--

CREATE TABLE `design_categories` (
  `id` int(11) NOT NULL,
  `parent_id` int(11) DEFAULT NULL,
  `code` varchar(55) DEFAULT NULL,
  `name` varchar(55) NOT NULL,
  `image` text,
  `slug` varchar(55) DEFAULT NULL,
  `created_at` datetime NOT NULL DEFAULT '1970-01-01 00:00:00',
  `updated_at` timestamp NOT NULL DEFAULT CURRENT_TIMESTAMP ON UPDATE CURRENT_TIMESTAMP,
  `deleted_at` datetime DEFAULT NULL
) ENGINE=InnoDB DEFAULT CHARSET=utf8;

-- --------------------------------------------------------

--
-- Table structure for table `design_images`
--

CREATE TABLE `design_images` (
  `id` int(10) UNSIGNED NOT NULL,
  `product_id` int(11) NOT NULL,
  `combination` mediumtext,
  `warehouse_id` int(11) NOT NULL,
  `images` mediumtext,
  `created_at` datetime NOT NULL DEFAULT '1970-01-01 00:00:00',
  `updated_at` timestamp NOT NULL DEFAULT CURRENT_TIMESTAMP ON UPDATE CURRENT_TIMESTAMP,
  `deleted_at` datetime DEFAULT NULL
) ENGINE=InnoDB DEFAULT CHARSET=utf8;

-- --------------------------------------------------------

--
-- Table structure for table `events`
--

CREATE TABLE `events` (
  `id` int(11) NOT NULL,
  `event_type` int(11) NOT NULL COMMENT '1 for fairs, 2 for training, 2 for event',
  `name` text NOT NULL,
  `description` text,
  `admin_email` text,
  `admin_phone` text,
  `event_place` text,
  `event_startdate` date DEFAULT NULL,
  `event_enddate` date DEFAULT NULL,
  `event_starttime` datetime DEFAULT NULL,
  `event_endtime` datetime DEFAULT NULL,
  `registration_lastdate` date DEFAULT NULL,
  `event_price_ids` text,
  `image` text,
  `created_at` datetime NOT NULL DEFAULT CURRENT_TIMESTAMP,
  `updated_at` timestamp NOT NULL DEFAULT '0000-00-00 00:00:00' ON UPDATE CURRENT_TIMESTAMP,
  `deleted_at` datetime DEFAULT NULL
) ENGINE=InnoDB DEFAULT CHARSET=utf8;

-- --------------------------------------------------------

--
-- Table structure for table `event_price`
--

CREATE TABLE `event_price` (
  `id` int(11) NOT NULL,
  `name` text NOT NULL,
  `price` double NOT NULL,
  `remarks` text NOT NULL,
  `created_at` datetime NOT NULL DEFAULT CURRENT_TIMESTAMP,
  `updated_at` timestamp NOT NULL DEFAULT '0000-00-00 00:00:00' ON UPDATE CURRENT_TIMESTAMP,
  `deleted_at` datetime DEFAULT NULL
) ENGINE=InnoDB DEFAULT CHARSET=utf8;

-- --------------------------------------------------------

--
-- Table structure for table `event_registration`
--

CREATE TABLE `event_registration` (
  `id` int(11) NOT NULL,
  `user_id` int(11) NOT NULL,
  `event_id` int(11) NOT NULL,
  `person_or_stallamount` text,
  `total` int(11) DEFAULT NULL,
  `entry_number` text NOT NULL,
  `exhibition_products` text NOT NULL,
  `reg_fee` double NOT NULL,
  `created_at` datetime NOT NULL,
  `updated_at` timestamp NOT NULL DEFAULT CURRENT_TIMESTAMP ON UPDATE CURRENT_TIMESTAMP,
  `deleted_at` datetime DEFAULT NULL
) ENGINE=InnoDB DEFAULT CHARSET=utf8;

-- --------------------------------------------------------

--
-- Table structure for table `favourite_products`
--

CREATE TABLE `favourite_products` (
  `id` int(11) NOT NULL,
  `user_id` int(11) NOT NULL,
  `product_id` int(11) NOT NULL,
  `created_at` datetime NOT NULL DEFAULT '1970-01-01 00:00:00',
  `updated_at` timestamp NULL DEFAULT CURRENT_TIMESTAMP,
  `deleted_at` datetime DEFAULT NULL
) ENGINE=InnoDB DEFAULT CHARSET=latin1;

--
-- Dumping data for table `favourite_products`
--

INSERT INTO `favourite_products` (`id`, `user_id`, `product_id`, `created_at`, `updated_at`, `deleted_at`) VALUES
(1, 54, 38, '2020-11-24 12:05:17', '2020-11-28 11:49:30', '2020-11-28 11:49:30'),
(2, 54, 36, '2020-11-24 12:12:23', '2020-11-28 11:49:30', '2020-11-28 11:49:30'),
(3, 54, 59, '2020-11-25 05:07:08', '2020-11-28 11:49:30', '2020-11-28 11:49:30'),
(4, 54, 37, '2020-11-25 05:33:19', '2020-11-28 11:49:30', '2020-11-28 11:49:30'),
(5, 54, 36, '2020-11-25 05:33:29', '2020-11-28 11:49:30', '2020-11-28 11:49:30'),
(6, 54, 37, '2020-11-25 05:57:10', '2020-11-28 11:49:30', '2020-11-28 11:49:30'),
(7, 64, 37, '2020-11-25 09:27:04', '2020-11-25 09:27:04', NULL),
(8, 64, 38, '2020-11-25 09:27:09', '2020-11-25 09:27:09', NULL),
(9, 54, 39, '2020-11-26 03:53:05', '2020-11-28 11:49:30', '2020-11-28 11:49:30'),
(10, 54, 50, '2020-11-26 03:55:25', '2020-11-28 11:49:30', '2020-11-28 11:49:30'),
(11, 54, 49, '2020-11-26 05:34:09', '2020-11-28 11:49:30', '2020-11-28 11:49:30'),
(12, 54, 64, '2020-11-26 05:41:19', '2020-11-28 11:49:30', '2020-11-28 11:49:30'),
(13, 66, 37, '2020-11-26 06:43:06', '2020-11-26 07:05:55', '2020-11-26 07:05:55'),
(14, 66, 37, '2020-11-26 06:43:56', '2020-11-26 07:05:55', '2020-11-26 07:05:55'),
(15, 66, 36, '2020-11-26 06:48:46', '2020-11-26 07:05:55', '2020-11-26 07:05:55'),
(16, 66, 49, '2020-11-26 06:49:21', '2020-11-26 07:05:55', '2020-11-26 07:05:55'),
(17, 66, 36, '2020-11-26 07:13:32', '2020-11-26 07:13:32', NULL),
(18, 66, 37, '2020-11-26 07:13:33', '2020-11-26 07:13:33', NULL),
(19, 66, 41, '2020-11-26 07:13:45', '2020-11-26 07:13:45', NULL),
(20, 62, 37, '2020-11-26 09:57:31', '2020-11-26 10:04:31', '2020-11-26 10:04:31'),
(21, 62, 37, '2020-11-29 03:54:47', '2020-11-29 03:54:47', NULL),
(22, 54, 38, '2020-11-29 08:25:51', '2020-11-29 08:25:54', '2020-11-29 08:25:54'),
(23, 54, 37, '2020-11-29 08:25:56', '2020-11-29 10:40:12', '2020-11-29 10:40:12'),
(24, 54, 36, '2020-11-29 08:25:59', '2020-11-29 10:40:54', '2020-11-29 10:40:54'),
(25, 84, 36, '2020-11-29 10:34:18', '2020-11-29 13:25:20', '2020-11-29 13:25:20'),
(26, 84, 39, '2020-11-29 10:34:21', '2020-11-29 13:25:20', '2020-11-29 13:25:20'),
(27, 84, 39, '2020-11-29 10:34:28', '2020-11-29 13:25:20', '2020-11-29 13:25:20'),
(28, 84, 36, '2020-11-29 10:36:52', '2020-11-29 13:25:20', '2020-11-29 13:25:20'),
(29, 84, 37, '2020-11-29 10:36:59', '2020-11-29 13:25:20', '2020-11-29 13:25:20'),
(30, 84, 66, '2020-11-29 10:39:01', '2020-11-29 13:25:20', '2020-11-29 13:25:20'),
(31, 54, 37, '2020-11-29 10:41:02', '2020-11-29 14:47:12', '2020-11-29 14:47:12'),
(32, 54, 36, '2020-11-29 10:47:47', '2020-11-29 14:15:54', '2020-11-29 14:15:54'),
(33, 84, 38, '2020-11-29 11:10:28', '2020-11-29 13:25:20', '2020-11-29 13:25:20'),
(34, 86, 49, '2020-11-29 11:51:19', '2020-11-29 11:52:04', '2020-11-29 11:52:04'),
(35, 86, 47, '2020-11-29 11:51:20', '2020-11-29 11:52:04', '2020-11-29 11:52:04'),
(36, 86, 56, '2020-11-29 11:51:26', '2020-11-29 11:52:04', '2020-11-29 11:52:04'),
(37, 84, 42, '2020-11-29 12:58:58', '2020-11-29 13:25:20', '2020-11-29 13:25:20'),
(38, 84, 62, '2020-11-29 12:59:52', '2020-11-29 13:25:20', '2020-11-29 13:25:20'),
(39, 84, 54, '2020-11-29 13:02:38', '2020-11-29 13:25:20', '2020-11-29 13:25:20'),
(40, 84, 57, '2020-11-29 13:05:33', '2020-11-29 13:25:20', '2020-11-29 13:25:20'),
(41, 84, 65, '2020-11-29 13:09:37', '2020-11-29 13:25:20', '2020-11-29 13:25:20'),
(42, 84, 61, '2020-11-29 13:18:37', '2020-11-29 13:25:20', '2020-11-29 13:25:20'),
(43, 68, 37, '2020-11-29 14:03:34', '2020-11-29 14:05:52', '2020-11-29 14:05:52'),
(44, 68, 37, '2020-11-29 14:05:53', '2020-11-29 14:05:54', '2020-11-29 14:05:54'),
(45, 68, 37, '2020-11-29 14:06:04', '2020-11-29 14:06:06', '2020-11-29 14:06:06'),
(46, 68, 37, '2020-11-29 14:09:14', '2020-11-29 14:09:28', '2020-11-29 14:09:28'),
(47, 68, 38, '2020-11-29 14:09:32', '2020-11-29 14:09:34', '2020-11-29 14:09:34'),
(48, 68, 38, '2020-11-29 14:10:04', '2020-11-29 14:15:12', '2020-11-29 14:15:12'),
(49, 68, 37, '2020-11-29 14:15:05', '2020-11-29 14:15:06', '2020-11-29 14:15:06'),
(50, 68, 37, '2020-11-29 14:15:07', '2020-11-29 14:15:08', '2020-11-29 14:15:08'),
(51, 68, 38, '2020-11-29 14:15:14', '2020-11-29 14:15:14', '2020-11-29 14:15:14'),
(52, 68, 38, '2020-11-29 14:15:15', '2020-11-29 14:15:16', '2020-11-29 14:15:16'),
(53, 54, 36, '2020-11-29 16:51:37', '2020-11-30 13:47:33', '2020-11-30 13:47:33'),
(54, 54, 38, '2020-11-29 16:57:52', '2020-11-30 13:47:36', '2020-11-30 13:47:36'),
(55, 85, 38, '2020-11-30 04:10:38', '2020-11-30 11:46:27', '2020-11-30 11:46:27'),
(56, 87, 37, '2020-11-30 16:19:29', '2020-11-30 16:19:29', NULL),
(57, 84, 38, '2020-12-01 03:40:11', '2020-12-01 03:40:11', NULL),
(58, 93, 36, '2020-12-01 04:07:08', '2020-12-01 08:02:44', '2020-12-01 08:02:44'),
(59, 93, 40, '2020-12-01 04:10:02', '2020-12-01 04:10:02', NULL),
(60, 93, 38, '2020-12-01 04:58:36', '2020-12-01 06:13:23', '2020-12-01 06:13:23'),
(61, 93, 37, '2020-12-01 05:24:02', '2020-12-01 05:24:02', NULL),
(62, 93, 38, '2020-12-01 08:02:30', '2020-12-01 08:02:32', '2020-12-01 08:02:32'),
(63, 98, 58, '2020-12-01 10:04:40', '2020-12-02 07:20:22', '2020-12-02 07:20:22'),
(64, 98, 57, '2020-12-01 10:05:09', '2020-12-02 07:20:22', '2020-12-02 07:20:22'),
(65, 98, 118, '2020-12-01 10:05:52', '2020-12-02 07:20:22', '2020-12-02 07:20:22'),
(66, 98, 94, '2020-12-01 10:15:18', '2020-12-02 07:20:22', '2020-12-02 07:20:22'),
(67, 93, 66, '2020-12-01 12:29:39', '2020-12-01 12:29:39', NULL),
(68, 98, 96, '2020-12-02 05:04:58', '2020-12-02 07:20:22', '2020-12-02 07:20:22'),
(69, 98, 93, '2020-12-02 05:47:28', '2020-12-02 07:20:22', '2020-12-02 07:20:22'),
(70, 98, 120, '2020-12-02 05:48:18', '2020-12-02 07:20:22', '2020-12-02 07:20:22'),
(71, 98, 116, '2020-12-02 05:55:22', '2020-12-02 07:20:22', '2020-12-02 07:20:22'),
(72, 99, 68, '2020-12-02 06:17:49', '2020-12-02 06:17:49', NULL),
(73, 99, 129, '2020-12-02 06:18:11', '2020-12-02 06:18:11', NULL),
(74, 99, 50, '2020-12-02 06:20:32', '2020-12-02 06:20:32', NULL),
(75, 99, 41, '2020-12-02 06:21:38', '2020-12-02 06:21:38', NULL),
(76, 99, 62, '2020-12-02 06:23:09', '2020-12-02 06:23:09', NULL),
(77, 99, 63, '2020-12-02 06:23:10', '2020-12-02 06:23:10', NULL),
(78, 99, 55, '2020-12-02 06:23:14', '2020-12-02 06:23:14', NULL),
(79, 99, 57, '2020-12-02 06:23:17', '2020-12-02 06:23:17', NULL),
(80, 99, 49, '2020-12-02 06:23:24', '2020-12-02 06:23:24', NULL),
(81, 98, 131, '2020-12-02 06:23:43', '2020-12-02 07:20:22', '2020-12-02 07:20:22'),
(82, 63, 131, '2020-12-02 06:27:07', '2020-12-02 06:27:09', '2020-12-02 06:27:09'),
(83, 98, 133, '2020-12-02 06:42:25', '2020-12-02 07:20:22', '2020-12-02 07:20:22'),
(84, 98, 148, '2020-12-02 06:43:28', '2020-12-02 07:20:22', '2020-12-02 07:20:22'),
(85, 63, 162, '2020-12-02 08:41:22', '2020-12-02 08:41:24', '2020-12-02 08:41:24'),
(86, 99, 48, '2020-12-02 10:38:51', '2020-12-02 10:38:51', NULL),
(87, 100, 77, '2020-12-02 17:44:34', '2020-12-10 10:55:19', '2020-12-10 10:55:19'),
(88, 100, 58, '2020-12-03 03:42:08', '2020-12-10 10:55:19', '2020-12-10 10:55:19'),
(89, 100, 66, '2020-12-03 03:53:45', '2020-12-10 10:55:19', '2020-12-10 10:55:19'),
(90, 100, 40, '2020-12-03 04:53:01', '2020-12-10 10:55:19', '2020-12-10 10:55:19'),
(91, 100, 168, '2020-12-03 05:00:35', '2020-12-10 10:55:19', '2020-12-10 10:55:19'),
(92, 100, 37, '2020-12-03 05:06:49', '2020-12-10 10:55:19', '2020-12-10 10:55:19'),
(93, 100, 38, '2020-12-03 05:06:50', '2020-12-10 10:55:19', '2020-12-10 10:55:19'),
(94, 100, 36, '2020-12-03 05:06:53', '2020-12-10 10:55:19', '2020-12-10 10:55:19'),
(95, 54, 37, '2020-12-03 07:41:30', '2020-12-03 07:41:30', NULL),
(96, 100, 98, '2020-12-03 11:25:34', '2020-12-10 10:55:19', '2020-12-10 10:55:19'),
(97, 100, 94, '2020-12-03 11:25:36', '2020-12-10 10:55:19', '2020-12-10 10:55:19'),
(98, 100, 65, '2020-12-03 11:27:22', '2020-12-10 10:55:19', '2020-12-10 10:55:19'),
(99, 100, 65, '2020-12-03 11:30:34', '2020-12-10 10:55:19', '2020-12-10 10:55:19'),
(100, 54, 58, '2020-12-03 12:05:18', '2020-12-03 12:05:18', NULL),
(101, 54, 57, '2020-12-03 12:05:19', '2020-12-03 12:09:15', '2020-12-03 12:09:15'),
(102, 54, 57, '2020-12-03 12:09:19', '2020-12-03 12:09:21', '2020-12-03 12:09:21'),
(103, 54, 57, '2020-12-03 12:09:53', '2020-12-03 12:09:53', NULL),
(104, 100, 75, '2020-12-05 04:24:33', '2020-12-10 10:55:19', '2020-12-10 10:55:19'),
(105, 100, 151, '2020-12-05 04:44:56', '2020-12-10 10:55:19', '2020-12-10 10:55:19'),
(106, 100, 75, '2020-12-05 04:45:08', '2020-12-10 10:55:19', '2020-12-10 10:55:19'),
(107, 100, 127, '2020-12-05 05:13:35', '2020-12-10 10:55:19', '2020-12-10 10:55:19'),
(108, 100, 80, '2020-12-05 06:06:36', '2020-12-10 10:55:19', '2020-12-10 10:55:19'),
(109, 100, 41, '2020-12-06 04:31:48', '2020-12-10 10:55:19', '2020-12-10 10:55:19'),
(110, 100, 151, '2020-12-06 04:34:53', '2020-12-10 10:55:19', '2020-12-10 10:55:19'),
(111, 100, 58, '2020-12-06 04:42:43', '2020-12-10 10:55:19', '2020-12-10 10:55:19'),
(112, 100, 42, '2020-12-06 04:46:49', '2020-12-10 10:55:19', '2020-12-10 10:55:19'),
(113, 100, 39, '2020-12-06 05:07:24', '2020-12-10 10:55:19', '2020-12-10 10:55:19'),
(114, 100, 59, '2020-12-06 05:07:38', '2020-12-10 10:55:19', '2020-12-10 10:55:19'),
(115, 108, 208, '2020-12-07 07:31:06', '2020-12-07 07:31:06', NULL),
(116, 108, 116, '2020-12-07 07:31:32', '2020-12-07 07:31:32', NULL),
(117, 108, 46, '2020-12-07 07:33:47', '2020-12-07 07:33:47', NULL),
(118, 60, 41, '2020-12-09 04:02:32', '2020-12-09 04:02:32', NULL),
(119, 60, 246, '2020-12-09 04:04:29', '2020-12-09 04:17:56', '2020-12-09 04:17:56'),
(120, 60, 244, '2020-12-09 04:04:32', '2020-12-09 04:17:57', '2020-12-09 04:17:57'),
(121, 60, 39, '2020-12-09 04:06:58', '2020-12-09 04:11:27', '2020-12-09 04:11:27'),
(122, 60, 44, '2020-12-09 04:07:56', '2020-12-09 04:11:25', '2020-12-09 04:11:25'),
(123, 60, 185, '2020-12-09 04:16:12', '2020-12-09 04:16:12', NULL),
(124, 60, 240, '2020-12-09 04:18:14', '2020-12-09 04:18:14', NULL),
(125, 60, 38, '2020-12-09 04:23:26', '2020-12-09 04:23:26', NULL),
(126, 65, 41, '2020-12-10 06:04:37', '2020-12-13 03:47:27', '2020-12-13 03:47:27'),
(127, 100, 38, '2020-12-10 10:54:14', '2020-12-10 10:55:19', '2020-12-10 10:55:19'),
(128, 100, 38, '2020-12-10 11:00:01', '2020-12-10 11:29:05', '2020-12-10 11:29:05'),
(129, 100, 38, '2020-12-10 11:29:06', '2020-12-10 11:29:07', '2020-12-10 11:29:07'),
(130, 100, 38, '2020-12-10 11:50:06', '2020-12-10 11:50:34', '2020-12-10 11:50:34'),
(131, 100, 38, '2020-12-10 11:50:36', '2020-12-10 11:50:36', NULL),
(132, 65, 248, '2020-12-12 04:39:45', '2020-12-13 03:47:26', '2020-12-13 03:47:26'),
(133, 65, 108, '2020-12-12 11:15:48', '2020-12-13 03:47:24', '2020-12-13 03:47:24'),
(134, 65, 65, '2020-12-12 11:19:16', '2020-12-13 03:47:29', '2020-12-13 03:47:29'),
(135, 111, 131, '2020-12-13 05:55:07', '2020-12-13 05:55:07', NULL),
(136, 111, 148, '2020-12-13 05:55:17', '2020-12-13 05:55:17', NULL),
(137, 111, 155, '2020-12-13 05:55:32', '2020-12-13 05:55:32', NULL),
(138, 65, 41, '2020-12-13 07:04:51', '2020-12-13 07:04:51', NULL),
(139, 65, 252, '2020-12-13 07:25:46', '2020-12-13 07:25:46', NULL),
(140, 65, 251, '2020-12-13 07:25:47', '2020-12-13 07:25:47', NULL),
(141, 65, 38, '2020-12-13 07:25:56', '2020-12-13 07:25:56', NULL),
(142, 112, 252, '2020-12-13 07:33:49', '2020-12-13 07:33:49', NULL),
(143, 112, 251, '2020-12-13 07:34:17', '2020-12-13 07:34:17', NULL),
(144, 112, 250, '2020-12-13 07:34:19', '2020-12-13 07:34:19', NULL),
(145, 65, 45, '2020-12-14 13:10:33', '2020-12-14 13:10:33', NULL),
(146, 65, 57, '2020-12-15 07:56:36', '2020-12-15 07:56:36', NULL),
(147, 65, 58, '2020-12-15 07:56:38', '2020-12-15 07:56:38', NULL),
(148, 65, 63, '2020-12-15 10:29:48', '2020-12-15 10:29:48', NULL),
(149, 65, 65, '2020-12-17 07:22:04', '2020-12-22 12:07:38', '2020-12-22 12:07:38');

-- --------------------------------------------------------

--
-- Table structure for table `genres`
--

CREATE TABLE `genres` (
  `id` int(11) NOT NULL,
  `code` varchar(20) DEFAULT NULL,
  `name` varchar(50) NOT NULL,
  `details` text,
  `image` text,
  `slug` varchar(55) DEFAULT NULL,
  `created_at` datetime NOT NULL,
  `updated_at` timestamp NOT NULL DEFAULT CURRENT_TIMESTAMP ON UPDATE CURRENT_TIMESTAMP,
  `deleted_at` datetime DEFAULT NULL
) ENGINE=InnoDB DEFAULT CHARSET=utf8;

-- --------------------------------------------------------

--
-- Table structure for table `groups`
--

CREATE TABLE `groups` (
  `id` mediumint(8) UNSIGNED NOT NULL,
  `name` varchar(20) NOT NULL,
  `description` varchar(255) NOT NULL,
  `accessList` text,
  `created_at` datetime NOT NULL,
  `updated_at` timestamp NOT NULL DEFAULT CURRENT_TIMESTAMP ON UPDATE CURRENT_TIMESTAMP,
  `deleted_at` datetime DEFAULT NULL
) ENGINE=InnoDB DEFAULT CHARSET=utf8;

--
-- Dumping data for table `groups`
--

INSERT INTO `groups` (`id`, `name`, `description`, `accessList`, `created_at`, `updated_at`, `deleted_at`) VALUES
(1, 'admin', 'Administrator', '[\"producttype\", \"productcategory\", \"brand\", \"craftsman\", \"variant\", \"variant-list\", \"genre\", \"designcategory\", \"design\", \"warehousevariant\", \"product\",\"product-discount\",\"product-edit\",\"user\",\"part\", \"order\",\"order-list\", \"suborder\", \"warehouse\", \"payment\", \"requisition\", \"craftsmanprice\",\"warehouseselect\",\"producttype-read\", \"producttype-edit\", \"producttype-create\", \"producttype-delete\", \"productcategory-read\", \"productcategory-edit\", \"productcategory-create\", \"productcategory-delete\", \"brand-read\", \"brand-edit\", \"brand-create\", \"brand-delete\", \"craftsman-read\", \"variant-read\", \"variant-edit\", \"variant-create\", \"variant-delete\", \"genre-read\", \"designcategory-read\", \"designcategory-edit\", \"designcategory-create\", \"designcategory-delete\", \"design-read\", \"warehousevariant-read\", \"product-read\", \"part-read\", \"order-read\", \"order-edit\", \"order-create\", \"suborder-read\", \"warehouse-read\", \"warehouse-edit\", \"warehouse-create\", \"warehouse-delete\", \"payment-read\", \"payment-edit\", \"payment-create\", \"payment-delete\",\"craftsmanprice-read\",\n\"shop-user\",\"customer\",\"customer-delete\",\"cms\",\"event-list\",\"event-create\",\"event-read\",\"event-delete\",\"event-edit\",\"event-price-list\",\"event-price-create\",\"event-price-edit\",\"event-price-read\",\"event-price-delete\",\"courier\",\"courier-list\",\"courier-price-list\",\"courier-order-list\",\"courier-edit\",\"courier-delete\",\"courier-price-edit\",\"courier-price-delete\",\"courier-price-create\", \"offer\",\"offer-list\",\"offer-create\",\"offer-read\",\"offer-product-delete\"]', '2017-12-17 00:00:00', '2020-12-15 07:02:16', NULL),
(2, 'customer', 'Customer', NULL, '2017-12-17 00:00:00', '2017-12-17 08:09:50', NULL),
(3, 'supplier', 'Supplier(JDPC)', NULL, '2017-12-17 00:00:00', '2017-12-17 08:09:52', NULL),
(4, 'owner', 'Shop Owner', '[\"producttype\", \"productcategory\", \"brand\", \"craftsman\", \"variant\",\"order\", \"variant-list\", \"genre\", \"designcategory\", \"design\", \"warehousevariant\", \"product\",\"part\", \"suborder\",\"craftsmanprice\", \"producttype-read\",\"productcategory-read\",\"brand-read\", \"brand-edit\", \"brand-create\", \"brand-delete\",\"craftsman-read\", \"craftsman-edit\", \"craftsman-create\", \"craftsman-delete\",\"variant-read\",\"genre-read\",\"genre-edit\", \"genre-create\", \"genre-delete\",\"designcategory-read\",\"design-read\", \"design-edit\", \"design-create\", \"design-delete\",\"warehousevariant-read\", \"warehousevariant-edit\", \"warehousevariant-create\", \"warehousevariant-delete\",\"product-read\", \"product-edit\", \"product-create\", \"product-delete\",\"part-read\", \"part-edit\", \"part-create\", \"part-delete\", \"suborder-read\", \"suborder-edit\", \"suborder-create\",\"payment-read\", \"producttype-list\", \"craftsmanprice-read\", \"craftsmanprice-edit\", \"craftsmanprice-create\", \"craftsmanprice-delete\" , \"productDesignImage-edit\", \"productPartDesign-create\",\"productPartDesign-edit\",\"productPartDesign-delete\",\"cms-post\",\"event-show\",\"event-list\",\"event-read\",\"courier-order-list\",\"courier-price-list\",\"message-client\"\n]', '2017-12-17 00:00:00', '2020-12-01 05:44:59', NULL),
(5, 'sales', 'Sales Staff', NULL, '2017-12-17 00:00:00', '2018-12-03 06:09:18', NULL),
(6, 'craftsman', 'Craftsman', '[\r\n\"craftsmanprice\",\r\n\"craftsmanprice-read\",\r\n\"craftsmanprice-edit\",\r\n\"craftsmanprice-create\",\r\n\"craftsmanprice-delete\",\r\n\"product\",\"product-read\", \"order\",\"suborder\",\"order-read\",\"brand\",\"producttype\",\"brand-read\", \"design\",\"design-read\", \"warehousevariant\", \"variant\",\"warehousevariant-read\", \"productcategory\",\"productcategory-read\",\"part\",\"part-read\"\r\n]', '2017-12-17 00:00:00', '2019-02-04 13:26:16', NULL);

-- --------------------------------------------------------

--
-- Table structure for table `orders_status`
--

CREATE TABLE `orders_status` (
  `id` int(11) NOT NULL,
  `order_id` int(11) DEFAULT NULL,
  `suborder_id` int(11) DEFAULT NULL,
  `order_status` int(11) DEFAULT NULL,
  `status` int(11) DEFAULT NULL,
  `changed_by` int(11) DEFAULT NULL,
  `date` date DEFAULT NULL,
  `created_at` datetime NOT NULL,
  `updated_at` timestamp NOT NULL DEFAULT CURRENT_TIMESTAMP ON UPDATE CURRENT_TIMESTAMP,
  `deleted_at` datetime DEFAULT NULL
) ENGINE=InnoDB DEFAULT CHARSET=utf8 COLLATE=utf8_unicode_ci;

--
-- Dumping data for table `orders_status`
--

INSERT INTO `orders_status` (`id`, `order_id`, `suborder_id`, `order_status`, `status`, `changed_by`, `date`, `created_at`, `updated_at`, `deleted_at`) VALUES
(1, 24, NULL, 2, NULL, 37, '2020-12-17', '2020-12-17 07:25:20', '2020-12-17 07:25:20', NULL),
(2, 2, NULL, 2, NULL, 37, '2020-12-17', '2020-12-17 07:25:25', '2020-12-17 07:25:25', NULL),
(3, 12, NULL, 2, NULL, 37, '2020-12-17', '2020-12-17 07:25:40', '2020-12-17 07:25:40', NULL),
(4, 5, NULL, 2, NULL, 37, '2020-12-17', '2020-12-17 07:25:44', '2020-12-17 07:25:44', NULL),
(5, 8, NULL, 2, NULL, 37, '2020-12-17', '2020-12-17 07:25:49', '2020-12-17 07:25:49', NULL),
(6, 18, NULL, 2, NULL, 37, '2020-12-17', '2020-12-17 07:25:57', '2020-12-17 07:25:57', NULL),
(7, 10, NULL, 2, NULL, 37, '2020-12-17', '2020-12-17 07:26:00', '2020-12-17 07:26:00', NULL),
(8, 26, NULL, 2, NULL, 37, '2020-12-17', '2020-12-17 07:26:16', '2020-12-17 07:26:16', NULL),
(9, 12, 19, 2, 11, 37, '2020-12-17', '2020-12-17 07:30:39', '2020-12-17 07:30:39', NULL),
(10, 24, 38, 2, 11, 37, '2020-12-17', '2020-12-17 07:30:41', '2020-12-17 07:30:41', NULL),
(11, 5, 7, 2, 11, 37, '2020-12-17', '2020-12-17 07:30:47', '2020-12-17 07:30:47', NULL),
(12, 2, 2, 2, 11, 37, '2020-12-17', '2020-12-17 07:31:21', '2020-12-17 07:31:21', NULL),
(13, 2, 2, 11, 12, 37, '2020-12-17', '2020-12-17 07:31:24', '2020-12-17 07:31:24', NULL);

-- --------------------------------------------------------

--
-- Table structure for table `parts`
--

CREATE TABLE `parts` (
  `id` int(11) NOT NULL,
  `name` varchar(50) NOT NULL,
  `type_id` int(11) DEFAULT NULL,
  `category_id` int(11) DEFAULT NULL,
  `subcategory_id` int(11) DEFAULT NULL,
  `image` text,
  `details` text,
  `created_at` datetime NOT NULL,
  `updated_at` timestamp NOT NULL DEFAULT CURRENT_TIMESTAMP ON UPDATE CURRENT_TIMESTAMP,
  `deleted_at` datetime DEFAULT NULL
) ENGINE=InnoDB DEFAULT CHARSET=utf8;

-- --------------------------------------------------------

--
-- Table structure for table `payments`
--

CREATE TABLE `payments` (
  `id` int(11) UNSIGNED NOT NULL,
  `user_id` int(11) NOT NULL,
  `order_id` int(11) NOT NULL,
  `suborder_id` int(11) NOT NULL,
  `receiver_id` int(11) DEFAULT NULL,
  `transection_key` varchar(255) DEFAULT NULL,
  `payment_type` varchar(64) NOT NULL,
  `payment_amount` decimal(25,4) NOT NULL,
  `payment_date` datetime DEFAULT NULL,
  `details` text,
  `status` tinyint(4) NOT NULL,
  `created_at` datetime NOT NULL DEFAULT CURRENT_TIMESTAMP,
  `updated_at` timestamp NOT NULL DEFAULT CURRENT_TIMESTAMP ON UPDATE CURRENT_TIMESTAMP,
  `deleted_at` datetime DEFAULT NULL
) ENGINE=InnoDB DEFAULT CHARSET=utf8;

--
-- Dumping data for table `payments`
--

INSERT INTO `payments` (`id`, `user_id`, `order_id`, `suborder_id`, `receiver_id`, `transection_key`, `payment_type`, `payment_amount`, `payment_date`, `details`, `status`, `created_at`, `updated_at`, `deleted_at`) VALUES
(1, 65, 1, 1, NULL, 'VdaMeHoKflfQtGp2', 'Cash', '2000.0000', NULL, NULL, 1, '2020-12-14 11:50:28', '2020-12-14 11:50:28', NULL),
(2, 65, 2, 2, NULL, 'LiJgIGoJlzzPmPSW', 'Cash', '14019.0000', NULL, NULL, 1, '2020-12-14 12:41:51', '2020-12-14 12:41:51', NULL),
(3, 65, 3, 3, NULL, '2kA6DglS943l8L6U', 'Cash', '15863.0000', NULL, NULL, 1, '2020-12-14 12:43:08', '2020-12-14 12:43:08', NULL),
(4, 65, 3, 4, NULL, '4K0SxcEz5WFoufgv', 'Cash', '2682.0000', NULL, NULL, 1, '2020-12-14 12:43:08', '2020-12-14 12:43:08', NULL),
(5, 65, 4, 5, NULL, 'zTdEFa2Uw41hZiMB', 'Cash', '8374.0000', NULL, NULL, 1, '2020-12-14 13:10:53', '2020-12-14 13:10:53', NULL),
(6, 65, 4, 6, NULL, 'HRf40fgFfXdtJUEX', 'Cash', '2682.0000', NULL, NULL, 1, '2020-12-14 13:10:53', '2020-12-14 13:10:53', NULL),
(7, 65, 5, 7, NULL, 'Pr7HdIL8vvmrAXZA', 'Cash', '1540.0000', NULL, NULL, 1, '2020-12-14 13:12:12', '2020-12-14 13:12:12', NULL),
(8, 65, 6, 8, NULL, '9ThJLTadtASOTuPH', 'Cash', '990.0000', NULL, NULL, 1, '2020-12-14 13:51:04', '2020-12-14 13:51:04', NULL),
(9, 65, 7, 9, NULL, 'VrO7EfVpoORZlErK', 'Cash', '25370.0000', NULL, NULL, 1, '2020-12-15 07:43:01', '2020-12-15 07:43:01', NULL),
(10, 65, 8, 10, NULL, 'EqbTuWIbcaULKsp4', 'Cash', '11824.0000', NULL, NULL, 1, '2020-12-15 07:44:30', '2020-12-15 07:44:30', NULL),
(11, 65, 8, 11, NULL, 'BpqTL2ZN8UgA5GXV', 'Cash', '11100.0000', NULL, NULL, 1, '2020-12-15 07:44:30', '2020-12-15 07:44:30', NULL),
(12, 65, 9, 12, NULL, 'zQt3oilRTpziASiB', 'Cash', '11824.0000', NULL, NULL, 1, '2020-12-15 07:46:24', '2020-12-15 07:46:24', NULL),
(13, 65, 9, 13, NULL, 'rwsIz6fbsN4KRViJ', 'Cash', '11100.0000', NULL, NULL, 1, '2020-12-15 07:46:24', '2020-12-15 07:46:24', NULL),
(14, 65, 10, 14, NULL, 'Z1dAAgkoxTVNBLqD', 'Cash', '6935.0000', NULL, NULL, 1, '2020-12-15 07:48:19', '2020-12-15 07:48:19', NULL),
(15, 65, 10, 15, NULL, 'DAT6nlfcB5Wvlz8z', 'Cash', '3200.0000', NULL, NULL, 1, '2020-12-15 07:48:19', '2020-12-15 07:48:19', NULL),
(16, 65, 10, 16, NULL, 'MxxS23wKUKTtcOVC', 'Cash', '3045.0000', NULL, NULL, 1, '2020-12-15 07:48:19', '2020-12-15 07:48:19', NULL),
(17, 65, 10, 17, NULL, 'JC26DXCdnef8kPcF', 'Cash', '500.0000', NULL, NULL, 1, '2020-12-15 07:48:19', '2020-12-15 07:48:19', NULL),
(18, 65, 11, 18, NULL, 'ATLMb2xwwup63b6q', 'Cash', '6145.0000', NULL, NULL, 1, '2020-12-15 07:50:30', '2020-12-15 07:50:30', NULL),
(19, 65, 12, 19, NULL, 'rS1VkJ8IMesTrM1N', 'Cash', '9240.0000', NULL, NULL, 1, '2020-12-15 07:53:15', '2020-12-15 07:53:15', NULL),
(20, 65, 13, 20, NULL, 'zPPpfGw3QR5l1Abf', 'Cash', '6880.0000', NULL, NULL, 1, '2020-12-15 07:53:55', '2020-12-15 07:53:55', NULL),
(21, 65, 14, 21, NULL, 'u8gL2QZ6e733XALg', 'Cash', '7709.0000', NULL, NULL, 1, '2020-12-15 07:56:25', '2020-12-15 07:56:25', NULL),
(22, 65, 15, 22, NULL, 'kfIrJ4V4zmOP15BS', 'Cash', '16720.0000', NULL, NULL, 1, '2020-12-15 07:57:33', '2020-12-15 07:57:33', NULL),
(23, 65, 15, 23, NULL, 'dImXCnpe12HGyi1O', 'Cash', '26500.0000', NULL, NULL, 1, '2020-12-15 07:57:33', '2020-12-15 07:57:33', NULL),
(24, 65, 15, 24, NULL, 'i7S5dMvUhTmOheEu', 'Cash', '45000.0000', NULL, NULL, 1, '2020-12-15 07:57:33', '2020-12-15 07:57:33', NULL),
(25, 65, 16, 25, NULL, 'GBpLDS2B7rGNPFvJ', 'Cash', '7000.0000', NULL, NULL, 1, '2020-12-15 07:59:59', '2020-12-15 07:59:59', NULL),
(26, 65, 17, 26, NULL, 'Z6nGACK5OJFQG9ah', 'Cash', '12540.0000', NULL, NULL, 1, '2020-12-15 10:11:02', '2020-12-15 10:11:02', NULL),
(27, 65, 18, 27, NULL, 'iANMfaXQaP1FIgRt', 'Cash', '10850.0000', NULL, NULL, 1, '2020-12-15 12:35:36', '2020-12-15 12:35:36', NULL),
(28, 65, 18, 28, NULL, 'lt4wx4ob4rwlMzKr', 'Cash', '2000.0000', NULL, NULL, 1, '2020-12-15 12:35:36', '2020-12-15 12:35:36', NULL),
(29, 65, 19, 29, NULL, 'F03vVsrHSfn3hkWm', 'Cash', '10850.0000', NULL, NULL, 1, '2020-12-17 06:27:53', '2020-12-17 06:27:53', NULL),
(30, 65, 19, 30, NULL, 'ElUC3pGTlT8ayoQu', 'Cash', '6600.0000', NULL, NULL, 1, '2020-12-17 06:27:53', '2020-12-17 06:27:53', NULL),
(31, 65, 19, 31, NULL, 'sNDIs3lHBCG3MF0d', 'Cash', '3045.0000', NULL, NULL, 1, '2020-12-17 06:27:53', '2020-12-17 06:27:53', NULL),
(32, 65, 20, 32, NULL, 'Gq4dJKlD6PiGRPoS', 'Cash', '11929.0000', NULL, NULL, 1, '2020-12-17 06:32:43', '2020-12-17 06:32:43', NULL),
(33, 65, 20, 33, NULL, '4W9TfAPiTO1Xtgvc', 'Cash', '2230.0000', NULL, NULL, 1, '2020-12-17 06:32:43', '2020-12-17 06:32:43', NULL),
(34, 65, 21, 34, NULL, 'Z4PL6HtaB2Zzi6k3', 'Cash', '1730.0000', NULL, NULL, 1, '2020-12-17 06:40:20', '2020-12-17 06:40:20', NULL),
(35, 54, 22, 35, NULL, 'GITOslmsxQv31fB6', 'Cash', '4000.0000', NULL, NULL, 1, '2020-12-17 06:43:29', '2020-12-17 06:43:29', NULL),
(36, 54, 23, 36, NULL, 'cSq0TAAWhHOWftVH', 'Cash', '46640.0000', NULL, NULL, 1, '2020-12-17 06:47:00', '2020-12-17 06:47:00', NULL),
(37, 54, 23, 37, NULL, 'K3uhyNcvcdFQXSZF', 'Cash', '1000.0000', NULL, NULL, 1, '2020-12-17 06:47:00', '2020-12-17 06:47:00', NULL),
(38, 65, 24, 38, NULL, 'MQi4ebcPnyTNMUzu', 'Cash', '2675.0000', NULL, NULL, 1, '2020-12-17 06:53:58', '2020-12-17 06:53:58', NULL),
(39, 65, 25, 39, NULL, 'RZN9yIH6BJ7mnfFU', 'Cash', '4575.0000', NULL, NULL, 1, '2020-12-17 07:13:42', '2020-12-17 07:13:42', NULL),
(40, 65, 26, 40, NULL, 'l5aDrIVEGLkNNQoE', 'SSLCommerce', '1520.0000', NULL, '{\"tran_id\":\"S4235MGXkQdvzbkT\",\"val_id\":\"2012171317060n1aNpdf39TFm87\",\"amount\":\"1520.00\",\"card_type\":\"BKASH-BKash\",\"store_amount\":\"1482.00\",\"card_no\":\"\",\"bank_tran_id\":\"201217131706vpDfwGIGZGVkMnR\",\"status\":\"VALID\",\"tran_date\":\"2020-12-17 13:17:00\",\"error\":\"\",\"currency\":\"BDT\",\"card_issuer\":\"BKash Mobile Banking\",\"card_brand\":\"MOBILEBANKING\",\"card_sub_brand\":\"Classic\",\"card_issuer_country\":\"Bangladesh\",\"card_issuer_country_code\":\"BD\",\"store_id\":\"bitsp5e4e5f62b4c34\",\"verify_sign\":\"93337403a2f88f9a317ffd1b0fc082a7\",\"verify_key\":\"amount,bank_tran_id,base_fair,card_brand,card_issuer,card_issuer_country,card_issuer_country_code,card_no,card_sub_brand,card_type,currency,currency_amount,currency_rate,currency_type,error,risk_level,risk_title,status,store_amount,store_id,tran_date,tran_id,val_id,value_a,value_b,value_c,value_d\",\"verify_sign_sha2\":\"e4c19517d08f2bdd690057fe4ec47d4d638024ada5be03a9aeef2e22a3f48412\",\"currency_type\":\"BDT\",\"currency_amount\":\"1520.00\",\"currency_rate\":\"1.0000\",\"base_fair\":\"0.00\",\"value_a\":\"\",\"value_b\":\"\",\"value_c\":\"\",\"value_d\":\"\",\"risk_level\":\"1\",\"risk_title\":\"Not Safe\"}', 1, '2020-12-17 07:14:21', '2020-12-17 07:14:21', NULL),
(41, 54, 27, 41, NULL, 'MrRt5cTX9IVFvRJt', 'Cash', '46640.0000', NULL, NULL, 1, '2020-12-17 07:23:12', '2020-12-17 07:23:12', NULL),
(42, 54, 27, 42, NULL, 'woISydkDcJuh22nk', 'Cash', '1000.0000', NULL, NULL, 1, '2020-12-17 07:23:12', '2020-12-17 07:23:12', NULL),
(43, 54, 27, 43, NULL, 'Svd1DQhgf7PHiGCp', 'Cash', '24900.0000', NULL, NULL, 1, '2020-12-17 07:23:12', '2020-12-17 07:23:12', NULL),
(44, 54, 27, 44, NULL, 'W0ilVl4yGyKq6EUV', 'Cash', '45000.0000', NULL, NULL, 1, '2020-12-17 07:23:12', '2020-12-17 07:23:12', NULL),
(45, 65, 28, 45, NULL, 'fHJL5V1STG38UFwT', 'Cash', '7300.0000', NULL, NULL, 1, '2020-12-20 06:36:03', '2020-12-20 06:36:03', NULL),
(46, 65, 28, 46, NULL, 'tHwMawKFzzgChRfi', 'Cash', '20649.0000', NULL, NULL, 1, '2020-12-20 06:36:03', '2020-12-20 06:36:03', NULL),
(47, 65, 28, 47, NULL, 'bVKhJzNgyd9yvxae', 'Cash', '1000.0000', NULL, NULL, 1, '2020-12-20 06:36:03', '2020-12-20 06:36:03', NULL),
(48, 65, 29, 48, NULL, '3VXkUFK8bo0GQkN3', 'Cash', '11019.0000', NULL, NULL, 1, '2020-12-20 07:10:08', '2020-12-20 07:10:08', NULL),
(49, 65, 29, 49, NULL, 'FtSf5oeMFbAHNhhM', 'Cash', '7000.0000', NULL, NULL, 1, '2020-12-20 07:10:08', '2020-12-20 07:10:08', NULL),
(50, 65, 29, 50, NULL, 'ZFHNbVmX8492mAEi', 'Cash', '3045.0000', NULL, NULL, 1, '2020-12-20 07:10:08', '2020-12-20 07:10:08', NULL),
(51, 65, 30, 51, NULL, '4Ac8TyueDNMBzfBz', 'Cash', '11019.0000', NULL, NULL, 1, '2020-12-20 07:11:36', '2020-12-20 07:11:36', NULL),
(52, 65, 30, 52, NULL, '5H8JkLn97RsKrBAT', 'Cash', '7000.0000', NULL, NULL, 1, '2020-12-20 07:11:36', '2020-12-20 07:11:36', NULL),
(53, 65, 30, 53, NULL, 'CmFdbQscuox7RWBB', 'Cash', '3045.0000', NULL, NULL, 1, '2020-12-20 07:11:36', '2020-12-20 07:11:36', NULL),
(54, 65, 31, 54, NULL, 'O6TBFN0OmIOtVCcQ', 'Cash', '2000.0000', NULL, NULL, 1, '2020-12-20 07:13:02', '2020-12-20 07:13:02', NULL),
(55, 65, 32, 55, NULL, '6chKTl9TSQflpSnZ', 'Cash', '5000.0000', NULL, NULL, 1, '2020-12-20 07:17:20', '2020-12-20 07:17:20', NULL),
(56, 65, 33, 56, NULL, 'lp2ALXP42c4vpvuW', 'Cash', '4650.0000', NULL, NULL, 1, '2020-12-22 05:12:00', '2020-12-22 05:12:00', NULL),
(57, 65, 34, 57, NULL, '0VRmBLrExhC9K9X3', 'Cash', '2000.0000', NULL, NULL, 1, '2020-12-22 05:53:54', '2020-12-22 05:53:54', NULL),
(58, 65, 35, 58, NULL, '9TtPz3fASl9U0A89', 'Cash', '4790.0000', NULL, NULL, 1, '2020-12-22 05:56:59', '2020-12-22 05:56:59', NULL),
(59, 65, 36, 59, NULL, 'gdBXcWZNeQAJy3Xg', 'Cash', '9540.0000', NULL, NULL, 1, '2020-12-22 06:03:43', '2020-12-22 06:03:43', NULL),
(60, 65, 37, 60, NULL, 'ZZz7Cng16whyKGNz', 'Cash', '4920.0000', NULL, NULL, 1, '2020-12-22 06:05:49', '2020-12-22 06:05:49', NULL),
(61, 65, 38, 61, NULL, 'OvcKxQhid0fvcUgx', 'Cash', '5540.0000', NULL, NULL, 1, '2020-12-22 07:59:16', '2020-12-22 07:59:16', NULL),
(62, 65, 39, 62, NULL, 'F7rtTHCTK0PlNMsb', 'SSLCommerce', '5540.0000', NULL, '{\"tran_id\":\"PgeRCKPeym3kJDrB\",\"val_id\":\"2012221402531HPDNzzBPD7NTu1\",\"amount\":\"1540.00\",\"card_type\":\"BKASH-BKash\",\"store_amount\":\"1501.50\",\"card_no\":\"\",\"bank_tran_id\":\"2012221402531x6YlFi7nuUEcgZ\",\"status\":\"VALID\",\"tran_date\":\"2020-12-22 14:02:45\",\"error\":\"\",\"currency\":\"BDT\",\"card_issuer\":\"BKash Mobile Banking\",\"card_brand\":\"MOBILEBANKING\",\"card_sub_brand\":\"Classic\",\"card_issuer_country\":\"Bangladesh\",\"card_issuer_country_code\":\"BD\",\"store_id\":\"bitsp5e4e5f62b4c34\",\"verify_sign\":\"546d3a06d577466ff42a261f6cef5d1d\",\"verify_key\":\"amount,bank_tran_id,base_fair,card_brand,card_issuer,card_issuer_country,card_issuer_country_code,card_no,card_sub_brand,card_type,currency,currency_amount,currency_rate,currency_type,error,risk_level,risk_title,status,store_amount,store_id,tran_date,tran_id,val_id,value_a,value_b,value_c,value_d\",\"verify_sign_sha2\":\"1f4f32daa0865b5c303e1313e6223014eb94a709c224753a39812f9a2aa73456\",\"currency_type\":\"BDT\",\"currency_amount\":\"1540.00\",\"currency_rate\":\"1.0000\",\"base_fair\":\"0.00\",\"value_a\":\"\",\"value_b\":\"\",\"value_c\":\"\",\"value_d\":\"\",\"risk_level\":\"1\",\"risk_title\":\"Not Safe\"}', 1, '2020-12-22 07:59:59', '2020-12-22 07:59:59', NULL),
(63, 54, 40, 63, NULL, 'N502fpKveRmTGT0p', 'Cash', '50080.0000', NULL, NULL, 1, '2020-12-22 08:02:56', '2020-12-22 08:02:56', NULL),
(64, 54, 40, 64, NULL, 'TwkWEHU74JhZdyBB', 'Cash', '1000.0000', NULL, NULL, 1, '2020-12-22 08:02:56', '2020-12-22 08:02:56', NULL),
(65, 54, 40, 65, NULL, 'lRsmsWhhgrTfcnnm', 'Cash', '25699.0000', NULL, NULL, 1, '2020-12-22 08:02:56', '2020-12-22 08:02:56', NULL),
(66, 54, 40, 66, NULL, 'hW6c9AZSygsARHaG', 'Cash', '45000.0000', NULL, NULL, 1, '2020-12-22 08:02:56', '2020-12-22 08:02:56', NULL),
(67, 54, 41, 67, NULL, 'NtUefeXTldwuIL6m', 'Cash', '50080.0000', NULL, NULL, 1, '2020-12-22 08:20:49', '2020-12-22 08:20:49', NULL),
(68, 54, 41, 68, NULL, 'vNvRq6vdLR2yVgyN', 'Cash', '1000.0000', NULL, NULL, 1, '2020-12-22 08:20:49', '2020-12-22 08:20:49', NULL),
(69, 54, 41, 69, NULL, 'UieXO9wg4saS9Csy', 'Cash', '25699.0000', NULL, NULL, 1, '2020-12-22 08:20:49', '2020-12-22 08:20:49', NULL),
(70, 54, 41, 70, NULL, 'E2n3rwyoUaDnHFDv', 'Cash', '45000.0000', NULL, NULL, 1, '2020-12-22 08:20:49', '2020-12-22 08:20:49', NULL),
(71, 54, 42, 71, NULL, 'otEJJbsLGGWT5AaN', 'Cash', '50080.0000', NULL, NULL, 1, '2020-12-22 08:21:12', '2020-12-22 08:21:12', NULL),
(72, 54, 42, 72, NULL, 'b10untNPGELZ4PLI', 'Cash', '1000.0000', NULL, NULL, 1, '2020-12-22 08:21:12', '2020-12-22 08:21:12', NULL),
(73, 54, 42, 73, NULL, 'btnKrPSLd7T3AvrG', 'Cash', '25699.0000', NULL, NULL, 1, '2020-12-22 08:21:12', '2020-12-22 08:21:12', NULL),
(74, 54, 42, 74, NULL, 'HgOqzsFVCuT8F9Cs', 'Cash', '45000.0000', NULL, NULL, 1, '2020-12-22 08:21:12', '2020-12-22 08:21:12', NULL),
(75, 54, 43, 75, NULL, 'z303ZrLWT9Qi7Sd6', 'Cash', '50080.0000', NULL, NULL, 1, '2020-12-22 08:25:14', '2020-12-22 08:25:14', NULL),
(76, 54, 43, 76, NULL, 'i9lnCFfa53Mbpq6g', 'Cash', '1000.0000', NULL, NULL, 1, '2020-12-22 08:25:14', '2020-12-22 08:25:14', NULL),
(77, 54, 43, 77, NULL, 'Rmo2ehewhEFWmRvQ', 'Cash', '25699.0000', NULL, NULL, 1, '2020-12-22 08:25:14', '2020-12-22 08:25:14', NULL),
(78, 54, 43, 78, NULL, 'eNiJuRIfFn1V2NdS', 'Cash', '45000.0000', NULL, NULL, 1, '2020-12-22 08:25:14', '2020-12-22 08:25:14', NULL),
(79, 65, 44, 79, NULL, 'tFKCrJqgGCyitwfE', 'Cash', '894.0000', NULL, NULL, 1, '2020-12-22 08:30:04', '2020-12-22 08:30:04', NULL),
(80, 65, 44, 80, NULL, 'zo2FELmLWuytkNF8', 'Cash', '4424.0000', NULL, NULL, 1, '2020-12-22 08:30:04', '2020-12-22 08:30:04', NULL),
(81, 65, 45, 81, NULL, 'TNi6sedJGH1dniCc', 'Cash', '3540.0000', NULL, NULL, 1, '2020-12-22 08:30:28', '2020-12-22 08:30:28', NULL),
(82, 65, 46, 82, NULL, 'bPJ808ligb4Wpl2z', 'Cash', '25529.0000', NULL, NULL, 1, '2020-12-22 08:32:26', '2020-12-22 08:32:26', NULL),
(83, 65, 46, 83, NULL, 'VQScq9mkhDCRC7R0', 'Cash', '1000.0000', NULL, NULL, 1, '2020-12-22 08:32:26', '2020-12-22 08:32:26', NULL),
(84, 65, 47, 84, NULL, 'Brd16sIf5VEF1Enk', 'Cash', '100.0000', NULL, NULL, 1, '2020-12-22 11:30:16', '2020-12-22 11:30:16', NULL),
(85, 65, 47, 85, NULL, 'eSvnf8wIR50kwOaZ', 'Cash', '2000.0000', NULL, NULL, 1, '2020-12-22 11:30:16', '2020-12-22 11:30:16', NULL);

-- --------------------------------------------------------

--
-- Table structure for table `payment_addresses`
--

CREATE TABLE `payment_addresses` (
  `id` int(11) UNSIGNED NOT NULL,
  `user_id` int(11) NOT NULL,
  `order_id` int(11) DEFAULT NULL,
  `first_name` varchar(50) DEFAULT NULL,
  `last_name` varchar(50) DEFAULT NULL,
  `phone` varchar(20) DEFAULT NULL,
  `postal_code` varchar(10) NOT NULL,
  `address` varchar(255) NOT NULL,
  `upazila_id` int(11) NOT NULL,
  `zila_id` int(11) NOT NULL DEFAULT '1',
  `division_id` int(11) NOT NULL DEFAULT '1',
  `status` tinyint(4) NOT NULL DEFAULT '1',
  `created_at` datetime NOT NULL DEFAULT '1970-01-01 00:00:00',
  `updated_at` timestamp NOT NULL DEFAULT CURRENT_TIMESTAMP ON UPDATE CURRENT_TIMESTAMP,
  `deleted_at` datetime DEFAULT NULL
) ENGINE=InnoDB DEFAULT CHARSET=utf8;

--
-- Dumping data for table `payment_addresses`
--

INSERT INTO `payment_addresses` (`id`, `user_id`, `order_id`, `first_name`, `last_name`, `phone`, `postal_code`, `address`, `upazila_id`, `zila_id`, `division_id`, `status`, `created_at`, `updated_at`, `deleted_at`) VALUES
(1, 54, NULL, 'shahadat', 'amin', '01614142424', '1212', 'Qui dolor aspernatur', 4215, 1006, 36, 1, '2020-11-21 12:34:13', '2020-11-21 12:34:13', NULL),
(2, 64, NULL, 'asdfgh', 'asdfghj', '12345678901', '3', 'asdfghj', 1178, 1007, 68, 1, '2020-11-22 03:39:48', '2020-11-22 03:39:48', NULL),
(3, 60, NULL, 'sarmin', 'minum', '01714214242', '23434', 'kolatoli', 1130, 993, 60, 1, '2020-11-23 07:49:04', '2020-11-23 07:49:04', NULL),
(4, 53, NULL, 'Tauhedul', 'Amin', '09123456', '1000', 'Street', 3272, 997, 66, 1, '2020-11-23 08:05:29', '2020-11-23 08:05:29', NULL),
(5, 61, NULL, 'Nakib ', 'Hasan', '01674609630', '1203', '13/A/2/Ka/2, K.M Das Lane, Dhaka.', 6561, 2942, 68, 1, '2020-11-23 10:06:01', '2020-11-23 10:06:01', NULL),
(6, 54, NULL, 'mimu', 'mimu', '01521318923', '1000', 'kolatoti', 4427, 1006, 36, 1, '2020-11-23 10:13:09', '2020-11-23 10:13:09', NULL),
(7, 75, NULL, 'test', 'test', '01234567891', '1213', 'address', 6561, 2942, 68, 1, '2020-11-23 11:11:07', '2020-11-23 11:11:07', NULL),
(8, 62, NULL, 'Nusrat', 'Jahan', '01234567891', '6024', '12, House', 4058, 999, 66, 1, '2020-11-23 11:14:26', '2020-11-23 11:14:26', NULL),
(9, 54, NULL, 'pranto', 'pranto', '01521318923', '1100', 'rampura', 6160, 2942, 68, 1, '2020-11-23 11:49:44', '2020-11-23 11:49:44', NULL),
(10, 66, NULL, 'Sharin', 'Mim', '01721318923', '1234', 'Madam,Lakshmipur', 4706, 3108, 36, 1, '2020-11-26 06:40:33', '2020-11-26 06:40:33', NULL),
(11, 66, NULL, 'mim', 'mim', '17111111111', '1200', 'rampura ', 2379, 2942, 68, 1, '2020-11-26 06:46:41', '2020-11-26 06:46:41', NULL),
(12, 62, NULL, 'Nusrat', 'Jahan', 'erttyyuuiyutrewqwdfs', '2345', 'vjdvbdnsxb vbn', 147, 140, 67, 1, '2020-11-26 10:12:17', '2020-11-26 10:12:17', NULL),
(13, 62, NULL, 'Nusrat', 'Jahan', 'erttyyuuiyutrewqwdfs', '2345', 'vjdvbdnsxb vbn', 147, 140, 67, 1, '2020-11-26 10:12:17', '2020-11-26 10:12:17', NULL),
(14, 62, NULL, 'nusrat', 'jahan', '01234567891', '6234', '12, house', 3874, 2257, 6557, 1, '2020-11-26 10:47:43', '2020-11-26 10:47:43', NULL),
(15, 62, NULL, 'nusrat', 'jahan', '01234567891', '6234', '12, house', 3874, 2257, 6557, 1, '2020-11-26 10:47:43', '2020-11-26 10:47:43', NULL),
(16, 84, NULL, 'sarmin ', 'sultana', '01521318922', '3700', 'madam,lakshmipur', 4706, 3108, 36, 1, '2020-11-29 10:33:59', '2020-11-29 10:33:59', NULL),
(17, 84, NULL, 'sarmin ', 'sultana', '01521318922', '3700', 'madam,lakshmipur', 4706, 3108, 36, 1, '2020-11-29 10:33:59', '2020-11-29 13:08:04', '2020-11-29 13:08:04'),
(18, 84, NULL, 'fgh', 'dfh', '0134567890', '1200', 'gulshan', 6561, 2942, 68, 1, '2020-11-29 10:45:53', '2020-11-29 10:45:53', NULL),
(19, 84, NULL, 'abc', 'abc', '01721318934', '1000', 'sadar', 4791, 998, 36, 1, '2020-11-29 10:45:53', '2020-11-29 10:45:53', NULL),
(20, 62, NULL, 'nusrat', 'jahan', '2345uiuytrewqwefgf', '3100', 'dfghgfdsa', 3036, 3025, 68, 1, '2020-11-29 10:57:58', '2020-11-29 10:57:58', NULL),
(21, 62, NULL, 'nusrat', 'jahan', '2345uiuytrewqwefgf', '3100', 'dfghgfdsa', 3036, 3025, 68, 1, '2020-11-29 10:57:58', '2020-11-29 10:57:58', NULL),
(22, 85, NULL, 'test', 'sdfgfds', 'efghjhgfsdaSDSFDGF', '123456', 'AFGHGFD', 1942, 1987, 69, 1, '2020-11-29 11:06:05', '2020-11-29 11:06:05', NULL),
(23, 85, NULL, 'test', 'sdfgfds', 'efghjhgfsdaSDSFDGF', '123456', 'AFGHGFD', 1942, 1987, 69, 1, '2020-11-29 11:06:05', '2020-11-29 11:06:05', NULL),
(24, 85, NULL, 'WERT', 'EGH', 'WERTYUK', '1234565', 'ASDFGH', 152, 150, 68, 1, '2020-11-29 11:10:41', '2020-11-29 11:10:41', NULL),
(25, 85, NULL, 'WERT', 'EGH', 'WERTYUK', '1234565', 'ASDFGH', 152, 150, 68, 1, '2020-11-29 11:10:41', '2020-11-29 11:10:41', NULL),
(26, 86, NULL, 'amirat ', 'islam', 'wewehghfgdfsds', '12345', 'wefgdgfds', 6583, 2262, 6557, 1, '2020-11-29 11:21:08', '2020-11-29 11:21:08', NULL),
(27, 86, NULL, 'amirat ', 'islam', 'wewehghfgdfsds', '12345', 'wefgdgfds', 6583, 2262, 6557, 1, '2020-11-29 11:21:08', '2020-11-29 11:21:08', NULL),
(28, 87, NULL, 'Shahadat', 'Hossain', '01614142424', '12344', 'Noakhola', 4633, 1006, 36, 1, '2020-11-29 16:50:15', '2020-11-29 16:50:15', NULL),
(29, 63, NULL, 'frist namewdefrew', 'lasterw', '01234567891', '255', 'test address', 1109, 994, 69, 1, '2020-11-30 09:24:57', '2020-11-30 09:24:57', NULL),
(30, 91, NULL, 'Ahamudul', 'Khandker', '+8801705006701', '1212', 'House 61', 6561, 2942, 68, 1, '2020-11-30 12:20:05', '2020-11-30 12:20:05', NULL),
(31, 91, NULL, 'Ahamudul', 'Khandker', '+8801705006701', '1212', 'House 61', 6561, 2942, 68, 1, '2020-11-30 12:43:54', '2020-11-30 12:43:54', NULL),
(32, 93, NULL, ' bnvb', 'n bv ', 'b nvb n nbn234', '24', 'fbf ', 4822, 998, 36, 1, '2020-12-01 05:16:07', '2020-12-01 05:16:07', NULL),
(33, 93, NULL, ' bnvb', 'n bv ', 'b nvb n nbn234', '24', 'fbf ', 4822, 998, 36, 1, '2020-12-01 06:08:17', '2020-12-01 06:08:17', NULL),
(34, 93, NULL, 'mim', 'mim', '0176532jkshvkjd', '1100', 'dhaka', 1137, 993, 60, 1, '2020-12-01 07:53:19', '2020-12-01 07:53:19', NULL),
(35, 98, NULL, 'Rubina', 'Parvin', '01625067582', '1100', '107,aga sadek road', 6559, 2942, 68, 1, '2020-12-02 04:01:49', '2020-12-02 04:01:49', NULL),
(36, 99, NULL, 'koli', 'koli', '12345678901', '1223', 'Motijhil', 1173, 1007, 68, 1, '2020-12-02 06:00:25', '2020-12-02 06:00:25', NULL),
(37, 99, NULL, 'koli', 'koli', '01712345675gdhbnj', '12334', 'kolatoli', 107, 72, 66, 1, '2020-12-02 06:10:05', '2020-12-02 06:10:05', NULL),
(38, 98, NULL, 'farzana', 'akter', '01711111873', '4879', '6178,asdavxhakja', 3274, 997, 66, 1, '2020-12-02 07:31:41', '2020-12-02 07:31:41', NULL),
(39, 63, NULL, 'sh first', 'sh last', '01234567891', '1211', 'address', 3874, 2257, 6557, 1, '2020-12-02 12:06:21', '2020-12-02 12:06:21', NULL),
(40, 63, NULL, 'bi sh first', 'bi sh last', '09876543211', '4444', 'addresss', 144, 140, 67, 1, '2020-12-02 12:06:21', '2020-12-03 10:48:20', '2020-12-03 10:48:20'),
(41, 85, NULL, 'nusrat', 'jahan', 'asdfghjhghgdfsdas', '12345', '610,jdfdhdjasad', 147, 140, 67, 1, '2020-12-02 12:10:51', '2020-12-02 12:10:51', NULL),
(42, 85, NULL, 'nusrat', 'jahan', 'dfghjhfdasdffd', '98766', '120,12dfgjdfksdskjads', 6559, 2942, 68, 1, '2020-12-02 12:10:51', '2020-12-02 12:10:51', NULL),
(43, 85, NULL, 'nusrat', 'islam', 'fghhgfda', '1234', '121,bari', 1959, 3323, 69, 1, '2020-12-02 12:15:52', '2020-12-02 12:15:52', NULL),
(44, 85, NULL, 'aminul ', 'rahman', 'sdsfdgfhghghfgf', '5678', '320,bari', 4191, 2257, 6557, 1, '2020-12-02 12:15:52', '2020-12-02 12:15:52', NULL),
(45, 100, NULL, 'Mimu', 'Mimu', '01521318925', '3700', 'lakshmipur', 4706, 3108, 36, 1, '2020-12-03 03:41:33', '2020-12-03 03:41:33', NULL),
(46, 100, NULL, 'ohi', 'ohi', '01721318923', '1200', 'Motipur', 6160, 2942, 68, 1, '2020-12-03 03:46:39', '2020-12-03 03:46:39', NULL),
(47, 100, NULL, 'ohi', 'ohi', '01721318923', '1200', 'Motipur', 6160, 2942, 68, 1, '2020-12-03 04:58:33', '2020-12-10 12:19:19', '2020-12-10 12:19:19'),
(48, 100, NULL, 'quqwy', 'wefg', '23849nknlkdml;d', '23', 'abbc', 3290, 3238, 36, 1, '2020-12-03 05:05:33', '2020-12-03 05:05:33', NULL),
(49, 95, NULL, 'M', 'Rahman', '01515601318', '1212', 'Urban Rose, H# 61, R# 24, Gulshan-1, Dhaka-1212', 6561, 2942, 68, 1, '2020-12-03 08:18:13', '2020-12-03 08:18:13', NULL),
(50, 95, NULL, 'M', 'Rahman', '01515601318', '1212', 'Urban Rose, H# 61, R# 24, Gulshan-1, Dhaka-1212', 6561, 2942, 68, 1, '2020-12-03 08:18:13', '2020-12-03 08:18:13', NULL),
(51, 101, NULL, 'sadsfdfgngfdd', 'sdfdgf', 'wefggfewq', '1234', 'wewfdfew', 1964, 1960, 68, 1, '2020-12-03 10:50:34', '2020-12-03 10:50:34', NULL),
(52, 103, NULL, 'moshionr', 'vi', '01852135010', '1350', 'gulsan', 2386, 2942, 68, 1, '2020-12-03 11:40:47', '2020-12-03 11:40:47', NULL),
(53, 101, NULL, 'aminul', 'rhman', 'werhgf', '12345', 'dfgfds', 1045, 784, 65, 1, '2020-12-03 12:00:08', '2020-12-03 12:00:08', NULL),
(54, 100, NULL, 'nila', 'nila', '01721318922', '2100', 'cha bagan', 2432, 1000, 67, 1, '2020-12-05 04:47:15', '2020-12-05 04:47:15', NULL),
(55, 106, NULL, 'sdsfdgfh', 'sadsfdgf', '01712345678', '1234', '120, hjhg', 101, 70, 65, 1, '2020-12-06 05:38:21', '2020-12-06 05:38:21', NULL),
(56, 106, NULL, 'hgfdsfgh', 'sddfbv', '01823456789', '2345', '121,werht', 1124, 1081, 69, 1, '2020-12-06 05:38:21', '2020-12-06 05:38:21', NULL),
(57, 107, NULL, 'Est enim quisquam b', 'Morgan', '01535414831', '1234', 'Dolores ut nihil dis', 103, 150, 68, 1, '2020-12-06 16:02:49', '2020-12-06 16:02:49', NULL),
(58, 108, NULL, 'rubi', 'rubi', '01725476945', '1200', 'Naraingonj', 2384, 2942, 68, 1, '2020-12-07 07:07:56', '2020-12-07 07:07:56', NULL),
(59, 108, NULL, 'Doly', 'Doly', '01524676879', '3001', 'Kaptai', 4848, 3152, 36, 1, '2020-12-07 07:07:56', '2020-12-07 07:07:56', NULL),
(60, 60, NULL, 'ali ', 'ali', '01523156742', '1100', 'beltola', 1935, 1987, 69, 1, '2020-12-09 04:03:49', '2020-12-09 04:03:49', NULL),
(61, 65, NULL, 'DOLI ', 'DOLI', '01521318924', '1100', 'saint martin', 3258, 3237, 36, 1, '2020-12-09 07:23:04', '2020-12-09 07:23:04', NULL),
(62, 65, NULL, 'MIm', 'Mim', '01623189353', '1100', 'rampura', 6160, 2942, 68, 1, '2020-12-09 07:23:04', '2020-12-13 07:20:40', '2020-12-13 07:20:40'),
(63, 65, NULL, 'DOLI ', 'DOLI', '01521318924', '1100', 'saint martin', 3258, 3237, 68, 1, '2020-12-09 07:25:20', '2020-12-13 07:20:42', '2020-12-13 07:20:42'),
(64, 65, NULL, 'koli', 'koli', '01824665787', '1233', 'comilla', 79, 28, 36, 1, '2020-12-10 04:14:46', '2020-12-13 07:20:44', '2020-12-13 07:20:44'),
(65, 65, NULL, 'MIm', 'Mim', '01623189353', '1100', 'rampura', 6160, 2942, 60, 1, '2020-12-10 05:31:10', '2020-12-13 07:20:34', '2020-12-13 07:20:34'),
(66, 65, NULL, 'MIm', 'Mim', '01623189353', '1100', 'rampura', 6160, 2942, 60, 1, '2020-12-10 05:31:11', '2020-12-13 07:20:35', '2020-12-13 07:20:35'),
(67, 65, NULL, 'MIm', 'Mim', '01623189353', '1100', 'rampura', 6160, 2942, 60, 1, '2020-12-10 05:43:09', '2020-12-13 07:20:30', '2020-12-13 07:20:30'),
(68, 65, NULL, 'MIm', 'Mim', '01623189353', '1100', 'rampura', 6160, 2942, 68, 1, '2020-12-10 06:02:10', '2020-12-13 07:20:37', '2020-12-13 07:20:37'),
(69, 100, NULL, 'ohi', 'ohi', '01721318923', '1200', 'Motipur', 6160, 2942, 68, 1, '2020-12-10 10:58:49', '2020-12-10 12:19:27', '2020-12-10 12:19:27'),
(70, 100, NULL, 'Mimu', 'Mimu', '01521318925', '3700', 'lakshmipur', 4706, 3108, 60, 1, '2020-12-10 12:14:44', '2020-12-10 12:19:14', '2020-12-10 12:19:14'),
(71, 100, NULL, 'Mimu', 'Mimu', '01521318925', '3700', 'lakshmipur', 4706, 3108, 60, 1, '2020-12-10 12:14:45', '2020-12-10 12:19:13', '2020-12-10 12:19:13'),
(72, 100, NULL, 'Mimu', 'Mimu', '01521318925', '3700', 'lakshmipur', 4706, 3108, 60, 1, '2020-12-10 12:14:45', '2020-12-10 12:19:10', '2020-12-10 12:19:10'),
(73, 100, NULL, 'Mimu', 'Mimu', '01521318925', '3700', 'lakshmipur', 4706, 3108, 60, 1, '2020-12-10 12:14:45', '2020-12-10 12:19:08', '2020-12-10 12:19:08'),
(74, 100, NULL, 'Mimu', 'Mimu', '01521318925', '3700', 'lakshmipur', 4706, 3108, 66, 1, '2020-12-10 12:20:53', '2020-12-10 12:20:53', NULL),
(75, 100, NULL, 'Mimu', 'Mimu', '01521318925', '3700', 'lakshmipur', 4706, 3108, 66, 1, '2020-12-10 12:20:54', '2020-12-10 12:20:54', NULL),
(76, 100, NULL, 'Mimu', 'Mimu', '01521318925', '3700', 'lakshmipur', 4706, 3108, 66, 1, '2020-12-10 12:20:55', '2020-12-10 12:20:55', NULL),
(77, 100, NULL, 'Mimu', 'Mimu', '01521318925', '3700', 'lakshmipur', 4706, 3108, 66, 1, '2020-12-10 12:20:55', '2020-12-10 12:20:55', NULL),
(78, 100, NULL, 'Mimu', 'Mimu', '01521318925', '3700', 'lakshmipur', 4706, 3108, 66, 1, '2020-12-10 12:29:26', '2020-12-10 12:29:26', NULL),
(79, 65, NULL, 'koli', 'koli', '01646736754', '123', 'kollan vaban', 153, 146, 69, 1, '2020-12-12 09:17:12', '2020-12-15 07:46:06', '2020-12-15 07:46:06'),
(80, 111, NULL, 'test ', 'test ', '01710113467', '1234', '123', 4800, 998, 66, 1, '2020-12-13 05:22:32', '2020-12-13 05:22:32', NULL),
(81, 111, NULL, 'test ', 'test ', '01710113467', '1234', '123', 4800, 998, 66, 1, '2020-12-13 05:22:32', '2020-12-13 05:22:32', NULL),
(82, 111, NULL, 'test ', 'test ', '01710113467', '1234', '123', 4800, 998, 66, 1, '2020-12-13 05:22:32', '2020-12-13 05:22:32', NULL),
(83, 65, NULL, 'mimu', 'momi', '01521318923', '12345', 'cszfdgxb', 92, 28, 36, 1, '2020-12-13 06:14:39', '2020-12-15 07:46:07', '2020-12-15 07:46:07'),
(84, 65, NULL, 'vul', 'vul', '01521318924', '132', 'ajib', 4791, 998, 36, 1, '2020-12-13 06:40:06', '2020-12-14 12:39:46', '2020-12-14 12:39:46'),
(85, 65, NULL, 'ritu', 'ritu', '01521318923', '12345', 'jkjcfsf', 79, 28, 36, 1, '2020-12-13 06:40:06', '2020-12-13 07:20:24', '2020-12-13 07:20:24'),
(86, 65, NULL, 'jjsv', 'bfb', '01725367726', '12345', 'wfdfgfd', 4471, 987, 36, 1, '2020-12-13 06:41:11', '2020-12-13 07:20:26', '2020-12-13 07:20:26'),
(87, 65, NULL, 'nusrat', 'nusrat', '01521318925', '1234', 'bogra', 1126, 993, 60, 1, '2020-12-13 07:13:53', '2020-12-13 07:20:53', '2020-12-13 07:20:53'),
(88, 111, NULL, 'test ', 'test1', '01710113467', '1234', 'house 12', 366, 70, 65, 1, '2020-12-13 07:20:36', '2020-12-13 07:20:36', NULL),
(89, 65, NULL, 'nusrat ', 'nusrat', '01521318724', '1234', 'rgtrd', 4471, 987, 36, 1, '2020-12-13 07:22:17', '2020-12-14 12:39:46', '2020-12-14 12:39:46'),
(90, 65, NULL, 'pranto ', 'pranto', '01534576789', '1234', 'pabna', 1141, 993, 60, 1, '2020-12-13 07:27:32', '2020-12-14 12:39:47', '2020-12-14 12:39:47'),
(91, 65, NULL, 'uietior', 'rdjlk', '01534567823', '1234', 'dfghjnmk', 3289, 3238, 36, 1, '2020-12-13 07:27:32', '2020-12-14 12:39:48', '2020-12-14 12:39:48'),
(92, 65, NULL, 'pranto ', 'pranto', '01534576789', '1234', 'pabna', 1141, 993, 60, 1, '2020-12-13 07:27:33', '2020-12-14 12:39:48', '2020-12-14 12:39:48'),
(93, 65, NULL, 'uietior', 'rdjlk', '01534567823', '1234', 'dfghjnmk', 3289, 3238, 36, 1, '2020-12-13 07:27:33', '2020-12-14 12:39:49', '2020-12-14 12:39:49'),
(94, 65, NULL, 'pranto ', 'pranto', '01534576789', '1234', 'pabna', 1141, 993, 60, 1, '2020-12-13 07:27:33', '2020-12-14 12:39:49', '2020-12-14 12:39:49'),
(95, 65, NULL, 'uietior', 'rdjlk', '01534567823', '1234', 'dfghjnmk', 3289, 3238, 36, 1, '2020-12-13 07:27:33', '2020-12-14 12:39:49', '2020-12-14 12:39:49'),
(96, 65, NULL, 'pranto ', 'pranto', '01534576789', '1234', 'pabna', 1141, 993, 60, 1, '2020-12-13 07:27:33', '2020-12-14 12:39:50', '2020-12-14 12:39:50'),
(97, 65, NULL, 'uietior', 'rdjlk', '01534567823', '1234', 'dfghjnmk', 3289, 3238, 36, 1, '2020-12-13 07:27:33', '2020-12-14 12:39:50', '2020-12-14 12:39:50'),
(98, 112, NULL, 'jinnat', 'alam', '01711111112', '1234', 'feni', 4471, 987, 36, 1, '2020-12-13 07:32:52', '2020-12-13 07:32:52', NULL),
(99, 112, NULL, 'koli', 'koli', '01711111111', '1234', 'sylhet', 142, 140, 67, 1, '2020-12-13 07:32:52', '2020-12-13 07:32:52', NULL),
(100, 112, NULL, 'jinnat', 'alam', '01711111112', '1234', 'feni', 4471, 987, 36, 1, '2020-12-13 07:32:53', '2020-12-13 07:32:53', NULL),
(101, 112, NULL, 'koli', 'koli', '01711111111', '1234', 'sylhet', 142, 140, 67, 1, '2020-12-13 07:32:53', '2020-12-13 07:32:53', NULL),
(102, 54, NULL, 'Shahahdat ', 'hossain', '01514242422', '1213', 'Rag', 2148, 1004, 60, 1, '2020-12-13 07:46:17', '2020-12-13 07:46:17', NULL),
(103, 54, NULL, 'Sarmin', 'Mimu', '01514124124', '2132', 'Dhaka', 1068, 989, 60, 1, '2020-12-13 07:46:17', '2020-12-13 07:46:17', NULL),
(104, 65, NULL, 'eti', 'eti', '01523423647', '12345', 'ffbch', 3296, 3245, 36, 1, '2020-12-14 11:50:28', '2020-12-14 12:39:51', '2020-12-14 12:39:51'),
(105, 65, NULL, 'alao', 'alo', '01723456723', '1234', 'bnfnj', 1131, 993, 60, 1, '2020-12-14 11:50:28', '2020-12-14 12:39:52', '2020-12-14 12:39:52'),
(106, 65, NULL, 'au alu', 'alu', '01723456783', '1234', 'jflsk', 4800, 998, 36, 1, '2020-12-14 12:41:51', '2020-12-15 07:46:07', '2020-12-15 07:46:07'),
(107, 65, NULL, 'loh', 'loa', '01734567883', '123', 'wdw', 3267, 3240, 65, 1, '2020-12-14 12:41:51', '2020-12-15 07:46:08', '2020-12-15 07:46:08'),
(108, 65, NULL, 'Sarmin', 'sultana', '01521318924', '1234', 'madam', 4706, 3108, 36, 1, '2020-12-15 07:53:15', '2020-12-15 07:53:15', NULL),
(109, 65, NULL, 'mim', 'mijm', '01723456789', '1234', 'santinagar', 1882, 1867, 60, 1, '2020-12-15 07:56:25', '2020-12-15 07:56:25', NULL),
(110, 65, NULL, 'ohi ', 'ohi', '01723456734', '1234', 'sylhet', 2560, 1008, 67, 1, '2020-12-15 07:56:25', '2020-12-15 07:56:25', NULL),
(111, 65, NULL, 'sarmin', 'sarmin', '01521318945', '1234', 'kojh', 1045, 784, 65, 1, '2020-12-17 07:13:42', '2020-12-17 07:13:42', NULL),
(112, 65, NULL, 'ohi', 'ohi', '01523451234', '1234', 'pirojpur', 3273, 997, 66, 1, '2020-12-17 07:13:42', '2020-12-17 07:13:42', NULL);

-- --------------------------------------------------------

--
-- Table structure for table `products`
--

CREATE TABLE `products` (
  `id` int(11) NOT NULL,
  `code` varchar(255) DEFAULT NULL,
  `name` char(255) NOT NULL,
  `cost` decimal(25,4) DEFAULT NULL,
  `price` decimal(25,4) NOT NULL,
  `min_unit` int(11) NOT NULL,
  `alert_quantity` int(11) DEFAULT NULL,
  `image` text,
  `rating` double DEFAULT NULL,
  `category_id` int(11) NOT NULL,
  `subcategory_id` int(11) DEFAULT NULL,
  `quantity` decimal(15,4) DEFAULT '0.0000',
  `warehouse_id` int(11) DEFAULT NULL,
  `product_details` text,
  `type_id` int(55) NOT NULL,
  `brand_id` int(11) DEFAULT NULL,
  `craftsman_id` int(11) DEFAULT NULL,
  `craftsman_price` decimal(25,4) DEFAULT NULL,
  `promotion` tinyint(1) DEFAULT '0',
  `promo_price` decimal(25,4) DEFAULT NULL,
  `start_date` date DEFAULT NULL,
  `end_date` date DEFAULT NULL,
  `sale_unit` int(11) DEFAULT NULL,
  `tag` text,
  `featured` tinyint(1) DEFAULT NULL,
  `weight` decimal(10,4) DEFAULT NULL,
  `produce_time` int(11) DEFAULT NULL COMMENT 'minute',
  `status` tinyint(4) NOT NULL COMMENT '1 inactive, 2 active, 3 active and customizable',
  `last_order_completed_date` datetime DEFAULT CURRENT_TIMESTAMP,
  `created_at` datetime NOT NULL DEFAULT '1970-01-01 00:00:00',
  `updated_at` timestamp NOT NULL DEFAULT CURRENT_TIMESTAMP ON UPDATE CURRENT_TIMESTAMP,
  `deleted_at` datetime DEFAULT NULL
) ENGINE=InnoDB DEFAULT CHARSET=utf8;

--
-- Dumping data for table `products`
--

INSERT INTO `products` (`id`, `code`, `name`, `cost`, `price`, `min_unit`, `alert_quantity`, `image`, `rating`, `category_id`, `subcategory_id`, `quantity`, `warehouse_id`, `product_details`, `type_id`, `brand_id`, `craftsman_id`, `craftsman_price`, `promotion`, `promo_price`, `start_date`, `end_date`, `sale_unit`, `tag`, `featured`, `weight`, `produce_time`, `status`, `last_order_completed_date`, `created_at`, `updated_at`, `deleted_at`) VALUES
(1, 'shdsd', 'যশোরের সিমম কাজের শাড়ী', '1560.0000', '2140.0000', 1, 10, '/images/fe2a4490-595e-44a1-baa9-a74b616cb924.jpg', 2, 4, 7, '20.0000', 22, '<p>valo</p>\r\n', 2, 7, 46, '580.0000', 0, NULL, NULL, NULL, NULL, '[\"হাতের কাজ\",\"যশোর\",\"সিমম\"]', 1, '15.0000', 1589, 1, '2018-11-06 20:16:27', '2018-08-05 13:31:57', '2020-11-21 12:50:39', '2020-10-30 11:13:45'),
(2, 'sdsd', 'বড় খপ এর কাজের শাড়ী', '5289.0000', '6881.0000', 1, 5, '/images/f484791b-5bc7-4b71-8eca-d1b7b249d0f0.jpeg', NULL, 4, 7, '20.0000', 22, '<p>tr</p>\r\n', 2, 7, 46, '1592.0000', 0, NULL, NULL, NULL, NULL, '[\"boro khop\",\"hater kaj\"]', 1, '15.0000', 1258, 2, '2018-11-06 20:16:27', '2018-08-05 13:41:13', '2020-11-21 12:50:39', '2018-10-24 00:00:00'),
(3, 'sdsds', 'হাতের কাজ এর শাড়ি নকশা সহ', '5822.0000', '6478.0000', 1, 1, '/images/fe2a4490-595e-44a1-baa9-a74b616cb924.jpg', NULL, 4, NULL, '20.0000', 22, '<p>custom</p>\r\n', 17, 7, 46, '656.0000', 0, NULL, NULL, NULL, NULL, '[\"vari\"]', 1, '15.0000', 58585, 3, '2018-11-06 20:16:27', '2018-08-05 13:52:24', '2020-11-21 12:50:39', '2020-11-02 00:00:00'),
(4, 'fgfg', 'নতুন তইরিজজ্ঞ শাড়ী', '2528.0000', '2540.0000', 1, 21, '/images/f484791b-5bc7-4b71-8eca-d1b7b249d0f0.jpeg', NULL, 4, 7, '20.0000', 22, '<p>5252</p>\r\n', 17, 7, 46, '12.0000', 0, NULL, NULL, NULL, NULL, '[\"fgf\"]', 1, '25.0000', 52525, 3, '2018-11-06 20:16:27', '2018-08-05 14:03:26', '2020-11-21 12:50:39', '2020-11-02 00:00:00'),
(5, 'fgf', 'নিউ হাতের কাজএর থ্রি পিচ  সাথে যশোরে বাতিক', '151.0000', '310.0000', 1, 12, '/images/f484791b-5bc7-4b71-8eca-d1b7b249d0f0.jpeg', NULL, 8, 9, '20.0000', 22, '<p>ytytyty</p>\r\n', 15, 7, 46, '159.0000', 0, NULL, NULL, NULL, NULL, '[\"fgfg\"]', 1, '1596.0000', 5252, 3, '2018-11-06 20:16:27', '2018-08-05 14:10:49', '2020-11-21 12:50:39', '2020-11-02 00:00:00'),
(6, 'hjhj', 'সিমমেের থ্রি পিচ', '1595.0000', '2545.0000', 0, 0, '/images/ee6b9282-587f-4a34-be2c-a4d1a791092b.jpg', NULL, 8, 9, '20.0000', 22, '<p>wow</p>\r\n', 2, 7, 46, '950.0000', 0, NULL, NULL, NULL, NULL, '[\"simom\",\"three-peace\"]', 1, '1235.0000', 53535, 1, '2018-11-06 20:16:27', '2018-08-05 14:22:36', '2020-11-21 12:50:39', '2020-10-30 11:13:49'),
(7, '2323', 'dfaskjfdlkas jfdskl', '3232.0000', '3352.0000', 10, 12, '/images/fe2a4490-595e-44a1-baa9-a74b616cb924.jpg', NULL, 4, 6, '20.0000', 23, '<p>thisi is jamdani</p>\r\n', 2, 7, 48, '120.0000', 0, NULL, NULL, NULL, NULL, '[\"jamdani\"]', 1, '0.5000', 60, 2, '2018-11-06 20:16:27', '2018-08-05 21:11:25', '2020-11-21 12:50:39', '2018-08-13 19:03:55'),
(8, '443', 'fdf', '23.0000', '3255.0000', 32, 20, '/images/f484791b-5bc7-4b71-8eca-d1b7b249d0f0.jpeg', NULL, 4, 5, '20.0000', 23, '<p>eerererere</p>\r\n', 2, 7, 48, '3232.0000', 0, NULL, NULL, NULL, NULL, '[\"32\"]', 0, '2332.0000', 32, 1, '2018-11-06 20:16:27', '2018-08-07 12:09:25', '2020-11-21 12:50:39', '2018-08-13 19:03:50'),
(9, '0012', 'যশোরের সিমম কাজের শাড়ীযশোরের সিমম কাজের শাড়ী', '21.0000', '33.0000', 12, 10, '/images/f9891dbe-88e9-4d71-b3ee-05631b4b149e.jpg', 4, 4, 5, '20.0000', 23, '<p>this is a sharee</p>\r\n', 15, 7, 48, '12.0000', 0, NULL, NULL, NULL, NULL, '[\"শাড়ি\"]', 0, '1.0000', 60, 3, '2018-11-06 20:16:27', '2018-08-07 12:12:20', '2020-11-21 12:50:39', '2020-11-02 00:00:00'),
(10, '0001', 'COTTON SHORT SLEEVE POLO FOR MEN', '300.0000', '400.0000', 1, 10, '/images/b374e35e-c384-4dfe-9c47-5169a49b9f34.jpg', 5, 9, 23, '20.0000', 23, '<p>&nbsp;</p>\n\n<p>This polo is perfect for the young and smart person. It is normally associated with collar and placket with typically two or three buttons, and an optional pocket. A dress-length version of the shirt is called a polo dress. It is made of cotton fabrics. This polo will make a fashion conscious person like you smarter than ever. It is comfortable during your workout and is easy to clean.</p>\n\n<p>&nbsp;</p>\n\n<p>&nbsp;</p>\n', 8, 7, 48, '100.0000', 1, '23.0000', '2018-10-18', '2018-10-31', 1, '[\"winter\",\"summer\",\"men\"]', 1, '0.2000', 30, 1, '2018-11-15 00:00:00', '2018-08-13 19:33:24', '2020-11-21 12:50:39', '2020-11-01 18:46:02'),
(12, '0002', 'Monolova Light Gray and Coral Sateen Unstitched Salwar', '250.0000', '450.0000', 1, 10, '/images/c0e83d28-a72f-489d-81ff-603c32cfef76.jpg', NULL, 8, 9, '20.0000', 23, '<p>&nbsp;</p>\n\n<p>Salwar Kameez, also spelled salwar kameez or shalwar qameez, is a traditional outfit originating in the subcontinent. It is a generic term used to describe different styles of dress. The salwar kameez can be worn by women. The salwar and the kameez are two garments which are combined to form the salwar kameez.<br />\n&nbsp;</p>\n', 15, 7, 48, '200.0000', 1, '100.0000', '2018-10-18', '2018-10-25', 1, '[\"hot\",\"winter\"]', 0, '0.3000', 60, 2, '2018-11-06 20:16:27', '2018-08-13 19:52:34', '2020-11-21 12:50:39', '2020-11-01 18:45:57'),
(13, '0003', 'Monolova Light Gray and Coral Sateen Unstitched Salwar Kameez for Women', '250.0000', '450.0000', 1, 10, '/images/e65f3c51-f149-464e-87f3-672dd53bf4a6.jpg', 3, 8, 9, '20.0000', 23, '<p>&nbsp;</p>\n\n<p>Salwar Kameez, also spelled salwar kameez or shalwar qameez, is a traditional outfit originating in the subcontinent. It is a generic term used to describe different styles of dress. The salwar kameez can be worn by women. The salwar and the kameez are two garments which are combined to form the salwar kameez.<br />\n&nbsp;</p>\n', 1, 7, 48, '200.0000', 1, '32.0000', '2018-10-18', '2018-11-01', 12, '[\"hot\",\"winter\"]', 0, '0.3000', 60, 3, '2018-11-20 00:00:00', '2018-08-13 20:27:54', '2020-11-21 12:50:39', '2020-11-03 00:00:00'),
(15, '২৩৩২৪', 'শার্ট হাতের কাজ এর শাড়ি নকশা সহ শার্ট হাতের কাজ এর শাড়ি নকশা সহ', '12.0000', '24.0000', 1, 10, '/images/e6eeb9d3-503b-475e-8303-16e7a79aa06b.jpg', 4, 4, 5, '20.0000', 23, '<p>শার্ট</p>\n', 15, 7, 48, '12.0000', 1, '23.0000', '2018-10-18', '2018-11-01', NULL, '[\"winter\",\"hot\"]', 0, '12.0000', 2, 1, '2018-11-23 00:00:00', '2018-09-23 02:08:54', '2020-11-21 12:50:32', '2020-11-01 18:46:05'),
(31, '011', 'Half Sleeve Polo T-shirt', '1000.0000', '450.0000', 1, 12, '/images/c24f88fd-7588-4311-9cf5-ddcc0af948dc.png', NULL, 9, 6, '20.0000', 23, '<p>Half Sleeve Polo T-shirt - EXPTS09.</p>\n\n<p>Brand: Extreme</p>\n\n<p>Product Type: Polo T-shirt.</p>\n\n<p>Main Material: Cotton.</p>\n\n<p>GSM: 220-230</p>\n\n<p>Size: M, L, XL.</p>\n\n<p>Measurement (in Inch): M (Chest-40&quot;, Length-27&#39;&#39;), L (Chest-42&quot;, Length-28&#39;&#39;), XL (Chest-44&quot;, Length-29&#39;&#39;).</p>\n\n<p>Trendy and Fashionable.</p>\n\n<p>Comfortable to wear.</p>\n\n<p>Color: As same as picture.</p>\n\n<p>Disclamation:&nbsp;The color of the image and the actual product may vary slightly for your computer resolution and lighting.</p>\n', 8, 7, 48, '1000.0000', 0, NULL, NULL, NULL, NULL, '[\"newTag\",\"polo\",\"mans\"]', 0, '1000.0000', 1200, 1, '2018-12-01 10:21:54', '2018-12-01 10:21:54', '2020-11-21 12:50:39', '2020-11-01 18:46:08'),
(32, '0111', 'newCustomProduct', '1000.0000', '2000.0000', 1, 10, '/images/887295b1-9e77-4647-b09e-cc505c4dcdb0.png', NULL, 4, NULL, '20.0000', 23, '<p>N/a</p>\n', 1, 7, 48, '1000.0000', 0, NULL, NULL, NULL, NULL, '[\"newTag\"]', 0, '1000.0000', 1200, 2, '2018-12-01 10:24:44', '2018-12-01 10:24:44', '2020-11-21 12:50:39', '2020-11-01 18:45:55'),
(35, '', 'Amit', '0.0000', '1100.0000', 1, 5, '/images/d5cd6ed7-4e0b-470c-a868-d780d68308b1.png', NULL, 4, 5, '20.0000', 23, '<p>NewDes</p>\n', 1, 7, 48, '1000.0000', 0, NULL, NULL, NULL, NULL, '[\"NewTag\"]', 0, '100.0000', 1200, 1, '2019-01-15 17:22:50', '2019-01-15 17:22:50', '2020-11-21 12:50:39', '2020-10-29 21:40:46'),
(36, 'MBD02', 'Casual Full Sleeve Check Shirt for Men', NULL, '1690.0000', 1, 12, '/images/880cbcda-1bd5-43c3-ae67-67b255206a75.jpeg', NULL, 84, 92, '20.0000', 22, '<p>Casual Full Sleeve Check Shirt for Men &ndash;MBD02.</p>\n\n<p>Product Type: Check Shirt.</p>\n\n<p>Main Material: Cotton.</p>\n\n<p>Size: M, L, XL.</p>\n\n<p>Measurement (in Inch): M (Length 27&rdquo;, Chest 38&rdquo;), L (Length 28&rdquo;, Chest 40&rdquo;), XL (Length 29&rdquo;, Chest 42&rdquo;+).</p>\n\n<p>Comfortable to wear.</p>\n\n<p>Wear in everyday life as well as occasions.</p>\n\n<p>Color: Maroon.</p>\n\n<p>Disclaimer:&nbsp;Product color may slightly vary due to photographic lighting sources or your monitor settings.</p>\n', 56, 11, NULL, NULL, 1, '1520.0000', '2020-11-30', '2020-12-29', 20, '[\"shirt\"]', 1, '1.0000', NULL, 1, '2020-10-30 12:20:59', '2020-10-30 12:20:59', '2020-12-07 10:08:01', NULL),
(37, 'MBD06', 'Casual Full Sleeve Check Shirt for Men', NULL, '1690.0000', 1, 12, '/images/a51eea95-cf80-453c-9be9-dc128fecc1a5.jpeg', NULL, 84, 92, '20.0000', 22, '<p>Casual Full Sleeve Check Shirt for Men &ndash;MBD06.</p>\n\n<p>Product Type: Check Shirt.</p>\n\n<p>Main Material: Cotton.</p>\n\n<p>Size: M, L, XL.</p>\n\n<p>Measurement (in Inch): M (Length 27&rdquo;, Chest 38&rdquo;), L (Length 28&rdquo;, Chest 40&rdquo;), XL (Length 29&rdquo;, Chest 42&rdquo;+).</p>\n\n<p>Comfortable to wear.</p>\n\n<p>Wear in everyday life as well as occasions.</p>\n\n<p>Color: As same as picture.</p>\n\n<p>Disclaimer:&nbsp;Product color may slightly vary due to photographic lighting sources or your monitor settings.</p>\n', 56, 11, NULL, NULL, 0, NULL, NULL, NULL, NULL, '[\"shirt\"]', 1, '1.0000', NULL, 2, '2020-10-30 12:55:02', '2020-10-30 12:55:02', '2020-12-07 10:13:43', NULL),
(38, 'MBD008', 'Cotton Kabli for Men', NULL, '1850.0000', 1, 12, '/images/54b80daa-d83d-45f4-a344-4ea7ecc8fa8c.jpeg', NULL, 36, NULL, '20.0000', 22, '<p>Cotton Kabli for Men - MBD008.</p>\n\n<p>Product Type: Kabli.</p>\n\n<p>Main Material: Cotton</p>\n\n<p>Gender: For Men.</p>\n\n<p>Size: M, L, XL, XXL.</p>\n\n<p>Measurement (in Inch): M, (Length 38&quot;, Chest 40&quot;), L (Length 40&quot;, Chest 41&quot;), XL (Length 42&quot;, Chest 43&quot;), XXL (Length 44&quot;, Chest 44&quot;).</p>\n\n<p>Stylish and fashionable.</p>\n\n<p>Comfortable to wear.</p>\n\n<p>Color: Maroon.</p>\n\n<p>Disclaimer:&nbsp;Product color may slightly vary due to photographic lighting sources or your monitor settings.</p>\n', 8, 7, NULL, NULL, 1, '1200.0000', '2020-12-04', '2020-12-30', 10, '[\"punjabi\",\"Cotton Kabli\"]', 1, '0.0000', NULL, 1, '2020-10-30 13:03:46', '2020-10-30 13:03:46', '2020-12-05 06:24:43', NULL),
(39, 'TFB2', 'Stretchable Jeans Pant for Men', NULL, '1450.0000', 1, 12, '/images/ef8d21b6-29bc-4430-b09a-2d7caa0aa7a8.jpeg', NULL, 37, NULL, '20.0000', 22, '<p>Stretchable Jeans Pant for Men &ndash; TFB2.</p>\n\n<p>Product Type: Stretchable Jeans Pant.</p>\n\n<p>Gender: Men.</p>\n\n<p>100% Export Quality.</p>\n\n<p>Standard Design.</p>\n\n<p>Comfortable to Wear.</p>\n\n<p>Main Material: Cotton 95%, Snapdex 5%.</p>\n\n<p>Waist Size: 32, 34.</p>\n\n<p>Measurement (In Inch): 32 (Waist 32&quot;, Length 42&quot;), 34 (Waist 34&quot;, Length 42+&quot;).</p>\n\n<p>Disclaimer:&nbsp;Due to the light and screen difference, the item&#39;s color may be slightly different from the pictures.</p>\n', 8, 7, NULL, NULL, 0, NULL, NULL, NULL, NULL, '[\"pant\",\"Stretchable Jeans\"]', 1, '1.5000', NULL, 1, '2020-10-30 13:36:29', '2020-10-30 13:36:29', '2020-11-21 12:50:39', NULL),
(40, 'MSS 2', 'Denim Pant for Men', NULL, '990.0000', 1, 12, '/images/de4c7667-4e74-40b0-9fdf-550e3493939d.jpeg', NULL, 37, NULL, '20.0000', 22, '<p>Denim Pant for Men (MSS 2).</p>\n\n<p>Brand Name:&nbsp;Sara Lifestyle Ltd.</p>\n\n<p>Types: Chino Pant.</p>\n\n<p>Style: Slim Fit.</p>\n\n<p>Gender: Men.</p>\n\n<p>Material &amp; Care: 98% Cotton + 2% spandex.</p>\n\n<p>100% Authentic Product.</p>\n\n<p>100% Export quality.</p>\n\n<p>Unique design.</p>\n\n<p>Best production quality.</p>\n\n<p>Size: 30, 32, 34, 36, 38, 40.</p>\n\n<p>Color: As same as the picture.</p>\n\n<p><strong>Note</strong>: Product color may slightly vary due to photographic lighting sources or your monitor settings.</p>\n', 8, 7, NULL, NULL, 0, NULL, NULL, NULL, NULL, '[\"jeans pant\"]', 0, '1.5000', NULL, 1, '2020-10-31 06:31:42', '2020-10-31 06:31:42', '2020-11-21 12:50:39', NULL),
(41, 'USPA-007', 'Short Sleeve Polo for Men', NULL, '450.0000', 1, 12, '/images/bbb7e90d-9698-4e4c-8d54-f37221dd5ab7.jpeg', NULL, 84, 92, '20.0000', 22, '<p>Product Type: Polo T-shirt.</p>\n\n<p>Main Material: Cotton.</p>\n\n<p>Style: Short Sleeve.</p>\n\n<p>210 GSM.</p>\n\n<p>Fashionable.</p>\n\n<p>Color: As given picture.</p>\n\n<p>Stylish and Trendy.</p>\n\n<p>Size: M, L, XL, XXL.</p>\n\n<p>Measurement (In Inch): M (Chest 37&quot;, Length 26&quot;), L (Chest: 39&quot;, Length 27&quot;), XL (Chest 41&quot;,&nbsp; Length 28&quot;), XXL (Chest 43&quot;, Length 29&quot;).</p>\n', 56, 8, NULL, NULL, 0, NULL, NULL, NULL, NULL, '[\"polo\"]', 0, '0.5000', NULL, 2, '2020-10-31 06:38:04', '2020-10-31 06:38:04', '2020-12-03 12:35:25', NULL),
(42, 'TS-134', 'Half Sleeve T-shirt for Men', NULL, '250.0000', 1, 12, '/images/d7b5b6c8-75af-4027-b27b-434cdf4cceff.jpeg', NULL, 38, NULL, '20.0000', 22, '<p>Half Sleeve T-shirt for Men TS-134.</p>\n\n<p>Stylish and comfortable.</p>\n\n<p>Product Type: T-shirt.</p>\n\n<p>Sleeve Type: Half sleeve.</p>\n\n<p>GSM: 160+.</p>\n\n<p>Fabric: 100% Cotton.</p>\n\n<p>Gender: Men.</p>\n\n<p>Size: M, L, XL.</p>\n\n<p>Measurement (In Inch): M (Length 28&quot;, Chest 36&quot;), L (Length 29&quot;, Chest 38&quot;), XL (Length 30&quot;, Chest 40&quot;).</p>\n\n<p>Color: As same as the picture.</p>\n', 8, 7, NULL, NULL, 0, NULL, NULL, NULL, NULL, '[\"t-shirt\"]', 0, '0.5000', NULL, 1, '2020-10-31 06:43:44', '2020-10-31 06:43:44', '2020-11-21 12:50:39', NULL),
(43, 'SL47', 'Half Sleeve T-shirt for Men', NULL, '230.0000', 1, 12, '/images/2f906e80-ee5b-47da-a305-cdf4b0bd63d9.jpeg', NULL, 38, NULL, '20.0000', 22, '<p>Half Sleeve T-shirt for Men - SL47.</p>\n\n<p>Product Type: T-shirt.</p>\n\n<p>Gender: Men.</p>\n\n<p>Export Quality.</p>\n\n<p>Fabric: 100% Cotton.</p>\n\n<p>GSM: 170.</p>\n\n<p>Stylish and comfortable.</p>\n\n<p>Size: S, M, L.</p>\n\n<p>Measurement (In Inch): S (Chest 34&quot;, Length 26&quot;), M (Chest 36&quot;, Length 27&quot;), L (Chest 38&quot;, Length 28&quot;).</p>\n\n<p>Color: As same as picture.</p>\n\n<p><strong>Disclaimer:&nbsp;</strong>Due to monitor or mobile screen you may experience slight to very slight difference.</p>\n', 8, 7, NULL, NULL, 0, NULL, NULL, NULL, NULL, '[\"t-shirt\"]', 0, '0.5000', NULL, 1, '2020-10-31 07:11:12', '2020-10-31 07:11:12', '2020-11-21 12:50:39', NULL),
(44, 'SRP41', 'Slim Fit Premium Punjabi for Men', NULL, '1790.0000', 1, 12, '/images/ba10d165-1ebd-4abc-a245-16894950cad3.jpeg', NULL, 36, NULL, '20.0000', 22, '<p>Slim Fit Premium Punjabi for Men - SRP41.</p>\n\n<p>Brand: SaRa Lifestyle.</p>\n\n<p>Product Type: Punjabi.</p>\n\n<p>Style: Slim Fit.</p>\n\n<p>Sleeve: Full Sleeve.</p>\n\n<p>Material:Jacquard.</p>\n\n<p>Size: S, M, L, XL, XXL.</p>\n\n<p>Measurement (in Inch): S (Chest 41&quot;, Length 38&quot;), M (Chest 42.5&quot;, Length 39&quot;), L (Chest 44&quot;, Length 40.5&quot;), XL (Chest 45.5&quot; Length 42&quot;), XXL (Chest 47&quot;, Length 42&quot;).</p>\n\n<p>Gender: For man.</p>\n\n<p>100% Authentic Product.</p>\n\n<p>100% Export Quality.</p>\n\n<p>Unique design.</p>\n\n<p>Color: Same as picture.</p>\n\n<p><strong>Disclamation:&nbsp;</strong>The color of the image and the actual product may vary slightly for your computer resolution and lighting.&nbsp;&nbsp;&nbsp;&nbsp;&nbsp;&nbsp;&nbsp;&nbsp;&nbsp;</p>\n', 8, 7, NULL, NULL, 0, NULL, NULL, NULL, NULL, 'undefined', 0, '1.0000', NULL, 1, '2020-10-31 07:14:45', '2020-10-31 07:14:45', '2020-11-21 12:50:39', NULL),
(45, 'MBD014', 'Printed Half Sleeve T-shirt for Men', NULL, '550.0000', 1, 12, '/images/9e90c545-e604-45ca-8b2d-88ad24773f53.jpeg', NULL, 40, NULL, '20.0000', 22, '<p>Printed Half Sleeve T-shirt for Men - MBD014.</p>\n\n<p>Product Type: T-shirt.</p>\n\n<p>Main Material: Cotton.</p>\n\n<p>Printed T-shirt.</p>\n\n<p>Size: M, L, XL, XXL.</p>\n\n<p>Measurement (in Inch): M (Length 27&quot;, Chest 38&quot;), L (Length 28&quot;, Chest 40&quot;), XL (Length 29&quot;, Chest 42&quot;), XXL (Length 30&quot;, Chest 44&quot;).</p>\n\n<p>Stylish and fashionable.</p>\n\n<p>Comfortable to wear.</p>\n\n<p>Color: As same as picture.</p>\n\n<p><strong>Disclaimer:</strong>&nbsp;Product color may slightly vary due to photographic lighting sources or your monitor settings.</p>\n', 8, 7, NULL, NULL, 0, NULL, NULL, NULL, NULL, '[\"t-shirt\"]', 0, '0.5000', NULL, 1, '2020-10-31 07:29:47', '2020-10-31 07:29:47', '2020-11-21 12:50:39', NULL),
(46, 'WA0036', 'Best Quality Unstitched Dhuti & Uttorio', NULL, '1130.0000', 1, 12, '/images/171169cd-7783-4bdd-85a8-14306952eeb0.jpeg', NULL, 41, NULL, '20.0000', 22, '<p>Best Quality Unstitched Dhuti &amp;&nbsp;Uttorio - WA0036.</p>\n\n<p>Product Type: Dhuti &amp; Uttorio.</p>\n\n<p>Main Material: Cotton.</p>\n\n<p>Gender: Men.</p>\n\n<p>11 Hat Dhuti &amp; 6 Hat Uttorio.</p>\n\n<p>Very comfortable to use in any weather.</p>\n\n<p>Color: As same as picture.</p>\n\n<p><strong>Disclaimer</strong>: Due to the light and screen difference, the item&#39;s color may be slightly different from the pictures.</p>\n', 8, 7, NULL, NULL, 0, NULL, NULL, NULL, NULL, '[\"dhuti\",\"uttorio\"]', 0, '1.0000', NULL, 1, '2020-10-31 07:43:17', '2020-10-31 07:43:17', '2020-11-21 12:50:39', NULL),
(47, 'RF39', 'Un-stitched Two Pieces Dress Set', NULL, '1099.0000', 1, 12, '/images/bc8bbf7d-5a5c-4530-9495-e20b7faf9b43.jpeg', NULL, 42, NULL, '20.0000', 22, '<p>Type: Embroidery&nbsp;work.</p>\n\n<p>Materials: Linen.</p>\n\n<p>Orna: Semi pure.</p>\n\n<p>Un-stitched.</p>\n\n<p>Color: As same as picture.</p>\n\n<p>Size: Free size.</p>\n', 4, 7, NULL, NULL, 0, NULL, NULL, NULL, NULL, '[\"Un-stitched\"]', 0, '1.0000', NULL, 1, '2020-10-31 09:12:55', '2020-10-31 09:12:55', '2020-11-21 12:50:39', NULL),
(48, '531', 'Indian Soft Velvet Party Dress for Girls', NULL, '1800.0000', 1, 12, '/images/4eedbf74-7690-40af-86bd-8209a004bd3b.jpeg', NULL, 42, NULL, '20.0000', 22, '<p>Indian Soft Velvet Party Dress for Girls &ndash; 531.</p>\n\n<p>Fabric: Soft Velvet.</p>\n\n<p>Age: 4 to 10 years.</p>\n\n<p>100% Imported.</p>\n\n<p>Stylish and Exclusive.</p>\n\n<p>Comfortable to use.</p>\n\n<p>Country of Origin: India.</p>\n\n<p>Color: Multi Color.</p>\n\n<p><strong>Disclaimer:</strong>&nbsp;Product color may slightly vary due to photographic lighting sources or your monitor settings.</p>\n', 4, 7, NULL, NULL, 0, NULL, NULL, NULL, NULL, '[\"Velvet\"]', 0, '1.0000', NULL, 1, '2020-10-31 09:29:33', '2020-10-31 09:29:33', '2020-11-21 12:50:39', NULL),
(49, 'FE35-036', 'Unstitched Embroidered Cotton Dress Set', NULL, '3675.0000', 1, 12, '/images/b21370ee-811e-4bd6-9557-d638130ade4a.jpeg', NULL, 42, NULL, '20.0000', 22, '<p>Unstitched Embroidered Cotton Dress Set FE35-036.</p>\n\n<p>Brand:&nbsp;Vogue Sultana.&nbsp; &nbsp; &nbsp; &nbsp;</p>\n\n<p>Product Type: 3 Pieces Dress Set.</p>\n\n<p>Main Material: Cotton.</p>\n\n<p>Kamiz (Front):&nbsp;Embroidered &amp; Sequined Cotton Height 45 Inches.</p>\n\n<p>Kamiz (Back):&nbsp;Plain Cotton Height 45 Inches.</p>\n\n<p>Sleeve:&nbsp;Plain Cotton&nbsp;Height-26 Inches.</p>\n\n<p>Salwar:&nbsp;Linen Pant 80 inches.</p>\n\n<p>Dupatta:&nbsp;Embroidered Dupatta on net.</p>\n\n<p>Color: As same as the picture.</p>\n\n<p><strong>Disclaimer</strong>:&nbsp;Product color may slightly vary due to photographic lighting sources or your monitor settings.</p>\n', 4, 7, NULL, NULL, 0, NULL, NULL, NULL, NULL, '[\"Embroidered Cotton\"]', 0, '1.0000', NULL, 1, '2020-10-31 09:36:48', '2020-10-31 09:36:48', '2020-11-21 12:50:39', NULL),
(50, 'KP13', 'Khimar Hijab with Skirt Full Set Borkha Chocolate', NULL, '1900.0000', 1, 12, '/images/45e25159-8b73-4126-901d-4a93d1583c27.jpeg', NULL, 43, NULL, '20.0000', 22, '<p>Product Type: Khimar Hijab with Skirt Full Set Borkha.</p>\n\n<p>Material: High-quality fabric.</p>\n\n<p>Fabric: Orginal Dubai Cherry Fabric.</p>\n\n<p>Special Cut &amp; Sewing Quality.</p>\n\n<p>Hijab included.</p>\n\n<p>All season useful.</p>\n\n<p>Size: 50, 52, 54, 56, 58.</p>\n\n<p>Season: All Season.</p>\n\n<p>Applicable Scene: Business, Office, Party, Home.</p>\n\n<p>Country of Origin: Bangladesh.</p>\n\n<p>Color: Chocolate.</p>\n\n<p><strong>Note:</strong>&nbsp;</p>\n\n<p>Color may vary due to picture quality and resolution.</p>\n', 4, 7, NULL, NULL, 0, NULL, NULL, NULL, NULL, '[\"Borkha\"]', 0, '1.5000', NULL, 1, '2020-10-31 09:45:58', '2020-10-31 09:45:58', '2020-11-21 12:50:39', NULL),
(51, 'KP13', 'Khimar Hijab with Skirt Full Set Borkha Deep Maroon', NULL, '1900.0000', 1, 12, '/images/5faa1d25-3740-48ae-ae1d-cc7a8f952e44.jpeg', NULL, 43, NULL, '20.0000', 22, '<p>Product Type: Khimar Hijab with Skirt Full Set Borkha.</p>\n\n<p>Material: High-quality fabric.</p>\n\n<p>Fabric: Orginal Dubai Cherry Fabric.</p>\n\n<p>Special Cut &amp; Sewing Quality.</p>\n\n<p>Hijab included.</p>\n\n<p>All season useful.</p>\n\n<p>Size: 50, 52, 54, 56, 58.</p>\n\n<p>Season: All Season.</p>\n\n<p>Applicable Scene: Business, Office, Party, Home.</p>\n\n<p>Country of Origin: Bangladesh.</p>\n\n<p>Color: Chocolate.</p>\n\n<p><strong>Note:</strong>&nbsp;</p>\n\n<p>Color may vary due to picture quality and resolution.</p>\n', 4, 7, NULL, NULL, 0, NULL, NULL, NULL, NULL, '[\"Borkha\"]', 0, '1.5000', NULL, 1, '2020-10-31 09:52:02', '2020-10-31 09:52:02', '2020-11-21 12:50:39', NULL),
(52, '123', 'Crinkle Hijab 10 Pieces Combo', NULL, '995.0000', 1, 12, '/images/e89cefcc-f89b-4e3b-b5d4-2439c3991358.jpeg', NULL, 44, NULL, '20.0000', 22, '<p>Crinkle Hijab 10 Pieces Combo.</p>\n\n<p>Product Type: Hijab.</p>\n\n<p>Fabrics: Cotton.</p>\n\n<p>Suitable for every women.</p>\n\n<p>Comfortable to wear.</p>\n\n<p>10 Pieces Hijab.</p>\n\n<p>Color: Multicolor.</p>\n\n<p>Not able to promise specific color. Any 10 Color will be provided.</p>\n\n<p><strong>Disclaimer</strong><strong>:</strong>Product color may slightly vary due to photographic lighting sources or your monitor settings.</p>\n', 4, 7, NULL, NULL, 0, NULL, NULL, NULL, NULL, '[\"hijab\"]', 0, '0.5000', NULL, 1, '2020-10-31 10:06:11', '2020-10-31 10:06:11', '2020-11-21 12:50:39', NULL),
(53, 'M-333', 'Tangail Cotton Saree', NULL, '1680.0000', 1, 12, '/images/74c5c5e6-cea0-478c-a43d-6f25c7c886f5.jpeg', NULL, 45, NULL, '20.0000', 22, '<p>Tangail Cotton Saree M-333.</p>\n\n<p>Product Type: Saree.</p>\n\n<p>Material: Cotton.</p>\n\n<p>Occasion: Formal Events &amp; Festivals.</p>\n\n<p>Easy to carry.</p>\n\n<p>Size: 13.5 Hands Long.</p>\n\n<p>Blouse Piece Included.</p>\n\n<p>Color: As same as picture.</p>\n\n<p><strong>Disclaimer:&nbsp;</strong>Product color may slightly vary due to photographic lighting sources or your monitor settings.</p>\n\n<p><strong>Delivery Lead Time:</strong>&nbsp;3-5 Days.</p>\n', 4, 7, NULL, NULL, 0, NULL, NULL, NULL, NULL, '[\"saree\"]', 0, '1.5000', NULL, 1, '2020-10-31 10:14:54', '2020-10-31 10:14:54', '2020-11-21 12:50:39', NULL),
(54, 'M-323', 'Tangail Cotton Saree', NULL, '1560.0000', 1, 12, '/images/5d472b8d-cb3f-46e5-ab5b-761b6e893dc1.jpeg', NULL, 45, NULL, '20.0000', 22, '<p>Tangail Cotton Saree M-323.</p>\n\n<p>Product Type: Saree.</p>\n\n<p>Material: Cotton.</p>\n\n<p>Occasion: Formal Events &amp; Festivals.</p>\n\n<p>Easy to carry.</p>\n\n<p>Size: 13.5 Hands Long.</p>\n\n<p>Blouse Piece Included.</p>\n\n<p>Color: As same as picture.</p>\n\n<p><strong>Disclaimer:&nbsp;</strong>Product color may slightly vary due to photographic lighting sources or your monitor settings.</p>\n\n<p><strong>Delivery Lead Time:</strong>&nbsp;3-5 Days.</p>\n', 4, 7, NULL, NULL, 0, NULL, NULL, NULL, NULL, '[\"Tangail Cotton\"]', 0, '1.0000', NULL, 1, '2020-10-31 10:29:59', '2020-10-31 10:29:59', '2020-11-21 12:50:39', NULL),
(55, 'M-317', 'Tangail Cotton Saree', NULL, '780.0000', 1, 12, '/images/eef3a387-00b3-41ed-a789-d4ef3a58a50d.jpeg', NULL, 45, NULL, '20.0000', 22, '<p>Tangail Cotton Saree M-317.</p>\n\n<p>Product Type: Saree.</p>\n\n<p>Material: Cotton.</p>\n\n<p>Occasion: Formal Events &amp; Festivals.</p>\n\n<p>Easy to carry.</p>\n\n<p>Size: 13.5 Hands Long.</p>\n\n<p>Blouse Piece Included.</p>\n\n<p>Color: As same as picture.</p>\n\n<p><strong>Disclaimer:&nbsp;</strong>Product color may slightly vary due to photographic lighting sources or your monitor settings.</p>\n\n<p><strong>Delivery Lead Time:</strong>&nbsp;3-5 Days.</p>\n', 4, 7, NULL, NULL, 0, NULL, NULL, NULL, NULL, '[\"Tangail\"]', 0, '1.0000', NULL, 1, '2020-10-31 10:33:35', '2020-10-31 10:33:35', '2020-11-21 12:50:39', NULL),
(56, 'M-288', 'Tangail Half Silk Saree', NULL, '1140.0000', 1, 12, '/images/67992708-36cf-489f-be2c-d0ca382b454e.jpeg', NULL, 45, NULL, '20.0000', 22, '<p>Tangail Half Silk Saree M-288.</p>\n\n<p>Product Type: Saree.</p>\n\n<p>Material: Half Silk.</p>\n\n<p>Occasion: Formal Events &amp; Festivals.</p>\n\n<p>Easy to carry.</p>\n\n<p>Size: 13.5 Hands Long.</p>\n\n<p>Blouse Piece Included.</p>\n\n<p>Color: As same as picture.</p>\n\n<p><strong>Disclaimer:&nbsp;</strong>Product color may slightly vary due to photographic lighting sources or your monitor settings.</p>\n\n<p><strong>Delivery Lead Time</strong>: 3-5 Days.</p>\n', 4, 7, NULL, NULL, 0, NULL, NULL, NULL, NULL, '[\"Tangail\"]', 0, '1.0000', NULL, 1, '2020-10-31 10:40:25', '2020-10-31 10:40:25', '2020-11-21 12:50:39', NULL),
(57, '327', 'Center Table', NULL, '10450.0000', 1, 12, '/images/0624390b-7e91-42cc-bd16-e1d3a90debba.jpg', NULL, 47, NULL, '20.0000', 22, '<p>- Solid Wooden Frame with Red Oak(Canada) &amp; processed wood is used to ensure product&#39;s durability.<br />\n- Well seasoned and chemically treated wood ensures termite resistance.<br />\n- Finest quality imported accessories ensure the strong&nbsp; structure.<br />\n- 1 year warranty service.<br />\n- Free fitting service<br />\n- Knocked down flat box packaging for easy and damage-free transportation.</p>\n', 26, 7, NULL, NULL, 0, NULL, NULL, NULL, NULL, '[\"Center Table\"]', 0, '15.0000', NULL, 1, '2020-10-31 11:11:44', '2020-10-31 11:11:44', '2020-11-21 12:50:39', NULL),
(58, 'RCH', 'Rocking Chair', NULL, '6270.0000', 1, 12, '/images/d10490e1-396c-4d27-98b2-ce539e0d6301.jpg', NULL, 48, NULL, '20.0000', 22, '<p>- Mild Steel Structure with Foam cushioning seat and back rest on ply wood ensures comforts and durability.<br />\n- Semi rubber foam cushioning seat fixed on Ply wood and with best quality fabric upholstery .<br />\n- Main structure of the chair is 2mm thick and 32mm dia round MS tube.<br />\n- Zinc-phosphate coated electro-static epoxy powder oven baked paint finish that confirms anti-rust, shiny color and longevity.<br />\n- PVC cap is attached to the&nbsp; end of all MS tube.<br />\n- Fully knock down system<br />\n- One Year Free Service warranty for any manufacturing fault</p>\n\n<p>Product delivery duration may vary due to availability in stock.&nbsp;<br />\n<br />\nDisclaimer:&nbsp;The actual color of the physical product may slightly vary due to the deviation of lighting sources, photography or your device display settings.</p>\n', 26, 7, NULL, NULL, 0, NULL, NULL, NULL, NULL, '[\"rocking chair\"]', 0, '12.0000', NULL, 1, '2020-10-31 11:43:47', '2020-10-31 11:43:47', '2020-11-21 12:50:39', NULL),
(59, '175', 'Cotton Ladies Tops', NULL, '0.0000', 1, 12, '/images/db157cb9-8e81-4631-97dd-517c395a10a1.jpeg', NULL, 46, NULL, '20.0000', 22, '<p>Cotton Ladies Tops - 175.</p>\n\n<p>Brand: M&amp;N Fashion.</p>\n\n<p>Product Type: Women&rsquo;s Tops.</p>\n\n<p>Fabric &amp; Material: 100% Cotton.</p>\n\n<p>100% Export Quality.</p>\n\n<p>Gender: Women.</p>\n\n<p>Made In: Bangladesh.</p>\n\n<p>Size: M, L, XL, XXL.</p>\n\n<p>Measurement (In Inch): M (Chest 38&quot;, Length 37&rdquo;), L (Chest 40&quot;, Length 38&rdquo;), XL (Chest 42&quot;, Length 39&rdquo;), XXL (Chest 44&quot;, Length 40&rdquo;).</p>\n\n<p>Color: Same as the Picture.</p>\n\n<p><strong>Disclaimer</strong>: Product color may slightly vary due to photographic lighting sources or your monitor settings.</p>\n', 4, 7, NULL, NULL, 0, NULL, NULL, NULL, NULL, '[\"tops\"]', 0, '0.5000', NULL, 1, '2020-10-31 11:53:54', '2020-10-31 11:53:54', '2020-11-21 12:50:39', NULL),
(60, 'TN-9', 'Comfortable Tank Top for Girls', NULL, '95.0000', 1, 12, '/images/29e3ace8-525a-48ad-a48e-ca47cebf45ed.jpeg', NULL, 46, NULL, '20.0000', 22, '<p>Material: 95% Cotton / 5% Spandex.</p>\n\n<p>Do Not Bleach.</p>\n\n<p>The actual fabric of spaghetti straps might be different.</p>\n\n<p>Machine Wash Cold / Do Not Bleach / Dry Flat Iron Low.</p>\n\n<p>Pull on Closure.</p>\n\n<p>Made in a longer length to flatter! Soft, Stretchy &amp; Comfortable.</p>\n\n<p>This essential tank is great for layering.</p>\n\n<p>Size:&nbsp;S, M, L, XL, 2XL, 3XL, 4XL, 5XL.</p>\n\n<p>Measurement (In Inches): S (Waist: 24&quot;, Body: 32&quot;, Hips: 34&quot;), M (Waist: 26&quot;, Body: 33&quot;, Hips: 35&quot;), L (Waist: 28&quot;, Body: 35&quot;, Hips: 37&quot;), XL (Waist: 29&quot;, Body: 37&quot;, Hips: 39&quot;), 2XL (Waist: 31&quot;, Body: 39&quot;, Hips: 41&quot;), 3XL (Waist: 33&quot;, Body: 41&quot;, Hips: 43&quot;), 4XL (Waist: 35&quot;, Body: 43&quot;, Hips: 45&quot;), 5XL (Waist: 37&quot;, Body: 45&quot;, Hips: 47&quot;).</p>\n\n<p>Color: As same as picture.</p>\n', 4, 7, NULL, NULL, 0, NULL, NULL, NULL, NULL, '[\"Tank Top\"]', 0, '0.2000', NULL, 1, '2020-10-31 11:57:21', '2020-10-31 11:57:21', '2020-11-21 12:50:39', NULL),
(61, 'DF115', 'Stylish T-shirt for Women (I Found)', NULL, '160.0000', 1, 12, '/images/33ca168e-2aa5-4d39-bed9-734a6e63364b.jpeg', NULL, 46, NULL, '20.0000', 22, '<p>Stylish T-shirt for Women (I Found) - DF115.</p>\n\n<p>Can be a special gift for your loved ones.</p>\n\n<p>Fabrics: 100% cotton.</p>\n\n<p>Color: As same as picture.</p>\n\n<p>Gender: Women.</p>\n\n<p>Fabrication: 145-150 GSM.</p>\n\n<p>Size: M, L, XXL.</p>\n\n<p>Measurement (In Inch): M (Chest: 34&quot;, Length: 26&quot;); L (Chest: 35&quot;, Length: 27&quot;); XXL (Chest 38&quot;, Length 29&quot;).</p>\n\n<p><strong>This product will be delivered within 48 hours. But if your order consists of other products along with it, these will be delivered altogether as per regular delivery time.</strong></p>\n', 4, 7, NULL, NULL, 0, NULL, NULL, NULL, NULL, '[\"Stylish T-shirt\",\"T-shirt\"]', 0, '0.2000', NULL, 1, '2020-10-31 12:00:33', '2020-10-31 12:00:33', '2020-11-21 12:50:39', NULL),
(62, '729', 'KODOMO Baby Shampoo Yellow', NULL, '350.0000', 1, 12, '/images/6bf0e5be-fcf6-4c39-aee2-0c0264780031.jpeg', NULL, 49, NULL, '20.0000', 22, '<p>KODOMO Baby Shampoo Yellow - 100ml.</p>\n\n<p>Brand: KODOMO.</p>\n\n<p>Product Type: Baby Shampoo.</p>\n\n<p>Weight: 100ml.</p>\n\n<p>Age: New Born.</p>\n\n<p>This product is pH balanced, hence it does not make your baby&rsquo;s eyes water, making it suitable for frequent shampooing.</p>\n\n<p>Using only the finest ingredients.</p>\n\n<p>Mild fragrance.</p>\n\n<p>Tested to International Dermatological Standards.</p>\n\n<p><strong>Note: This item will not be delivered outside Dhaka.</strong></p>\n', 25, 7, NULL, NULL, 0, NULL, NULL, NULL, NULL, '[\"Baby Shampoo\"]', 0, '0.2500', NULL, 1, '2020-10-31 12:17:16', '2020-10-31 12:17:16', '2020-11-21 12:50:39', NULL),
(63, '1188', 'Himalaya Prickly Heat Baby Powder', NULL, '260.0000', 1, 12, '/images/d9da19f1-629b-4ad2-8adf-1f594d4a19c8.jpeg', NULL, 49, NULL, '20.0000', 22, '<p>Himalaya Prickly Heat Baby Powder &ndash; 200 gm<strong>.</strong></p>\n\n<p>Brand: Himalaya.</p>\n\n<p>Product Type: Baby Powder.</p>\n\n<p>Weight: 200 gm.</p>\n\n<p><strong>What does it do:</strong></p>\n\n<p>Relieves Prickly Heat.</p>\n\n<p>Himalaya Prickly Heat Baby Powder provides relief from prickly heat and keeps baby fresh, cool, and happy.</p>\n\n<p>Helps prevents body odor and controls excessive sweating.</p>\n\n<p><strong>Key Ingredients:</strong></p>\n\n<p>Vetiver, possessing an astringent property is known to manage excessive sweating and cools and refreshes baby&#39;s skin.</p>\n\n<p>Yashada bhasma&nbsp;is known for anti-microbial properties and has traditionally been used as a wound-healing agent.</p>\n\n<p>Neem&nbsp;is a revered herb in Ayurveda which is renowned for its benefits against skin infections and itching.</p>\n\n<p><strong>Direction for use:</strong></p>\n\n<p>Sprinkle Himalaya Prickly Heat Baby powder on to your palms and apply on baby&#39;s skin after bath and whenever necessary.</p>\n\n<p><strong>CAUTION:</strong></p>\n\n<p>Avoid using around baby&#39;s eyes, nose, mouth, and sensitive areas. Do not sprinkle directly onto baby&#39;s skin to avoid accidental inhalation.</p>\n', 25, 7, NULL, NULL, 0, NULL, NULL, NULL, NULL, '[\"Himalaya Prickly\"]', 0, '0.2000', NULL, 1, '2020-10-31 15:18:01', '2020-10-31 15:18:01', '2020-11-21 12:50:39', NULL),
(64, '000124', 'JEAN BACKPACK', NULL, '1080.0000', 1, 12, '/images/7b764f1e-be63-4772-a948-de5c4ed62b80.jpg', NULL, 45, NULL, '20.0000', 22, '<p>Backpacks are a great choice for busy weekends and overnight stays. Our Jean Backpack is also perfect for everyday use! Jean is spacious enough inside for your laptop, tablet or even a spare pair of sneakers. Made from our smooth Soft Grain Leather, Jean is a sophisticated take on the backpack, and a true showstopper. Jean is equipped with zipped closure for safety, and shoulder straps that are easy to adjust. Jean&rsquo;s Black color is timeless yet totally on-trend, which makes this the classic bag it is. There&rsquo;s just no wrong way to wear it, it simply matches everything.</p>\n', 4, 7, NULL, NULL, 0, NULL, NULL, NULL, NULL, '[\"bag\"]', 0, '2.0000', NULL, 1, '2020-11-12 16:38:07', '2020-11-12 16:38:07', '2020-11-21 12:50:39', NULL),
(65, '000123', 'Metropolitan Soft Brief In Colorblock Signature Canvas', NULL, '1250.0000', 1, 12, '/images/7368f485-529e-4eef-8f05-f2d9e2f8f44b.png', NULL, 45, NULL, '20.0000', 22, '<p>The Metropolitan is a no-fuss bag made for the modern man. Designed with a tech sleeve for a tablet and space for a 13&quot; laptop, this effortless brief is crafted in a colorblock mix of our Signature canvas and refined leather. It&rsquo;s finished with a detachable lightweight nylon strap for versatile wear.</p>\n', 4, 7, NULL, NULL, 1, '500.0000', '2020-11-30', '2020-12-30', 10, '[\"bags\"]', 0, '2.0000', NULL, 1, '2020-11-14 13:38:19', '2020-11-14 13:38:19', '2020-12-12 11:02:49', NULL),
(66, '003456', 'Rivington Backpack In Signature Jacquard', NULL, '1300.0000', 1, 12, '/images/31ecea61-1828-4526-beff-da2683f6c698.jpg', NULL, 9, NULL, '20.0000', 22, '<p>Like the New York City street it&rsquo;s named after, Rivington mixes downtown cool with professional good looks. This soft backpack is crafted in our lightweight, water-resistant</p>\n', 8, 7, NULL, NULL, 0, NULL, NULL, NULL, NULL, '[\"bags\"]', 0, '2.0000', NULL, 1, '2020-11-14 13:42:32', '2020-11-14 13:42:32', '2020-11-21 12:50:39', NULL),
(67, 'k-1', 'Tangail Katan Sharee', NULL, '1500.0000', 1, 2, NULL, NULL, 45, NULL, '3.0000', 23, '<h3 style=\"font-style: italic;\"><span style=\"font-family:Comic Sans MS,cursive\">Nice color and meterial of this sharee is silk. this sharee is suitable for dry wash not for&nbsp;hand wash.</span></h3>\n', 4, 9, NULL, NULL, 1, '1000.0000', '2020-11-29', '2020-11-09', 3, 'undefined', 0, '2.0000', NULL, 1, '2020-11-30 04:42:14', '2020-11-30 04:42:14', '2020-11-30 06:18:35', '2020-11-30 06:18:35'),
(68, 'k-1', 'Tangail Katan Sharee', NULL, '1500.0000', 1, 2, '/images/1e15fac4-9172-402f-8602-d103f6c0291c.jpg', NULL, 83, 86, '3.0000', 23, '<h3 style=\"font-style: italic;\"><span style=\"font-family:Comic Sans MS,cursive\">Nice color and meterial of this sharee is silk. this sharee is suitable for dry wash not for&nbsp;hand wash.</span></h3>\n', 56, 11, NULL, NULL, 0, NULL, NULL, NULL, NULL, 'undefined', 0, '2.0000', NULL, 1, '2020-11-30 04:42:15', '2020-11-30 04:42:15', '2020-11-30 09:50:41', NULL),
(69, 'pro-test1', 'test1- product', NULL, '230.0000', 1, 0, '/images/2c5eedcd-30e7-4eda-a678-c96b247acaac.jpg', NULL, 82, NULL, '2.0000', 23, '<p>for testing&nbsp;</p>\n', 81, 8, NULL, NULL, 0, NULL, NULL, NULL, NULL, 'undefined', 0, '1.0000', NULL, 1, '2020-11-30 06:14:53', '2020-11-30 06:14:53', '2020-11-30 06:18:45', '2020-11-30 06:18:45'),
(70, 'pro-test1', 'test1- product', NULL, '230.0000', 1, 0, NULL, NULL, 82, NULL, '2.0000', 23, '<p>for testing&nbsp;</p>\n', 81, 8, NULL, NULL, 0, NULL, NULL, NULL, NULL, 'undefined', 0, '1.0000', NULL, 1, '2020-11-30 06:14:53', '2020-11-30 06:14:53', '2020-11-30 06:18:41', '2020-11-30 06:18:41'),
(71, 'pro-test1', 'test1- product', NULL, '230.0000', 1, 0, '/images/97a3516d-0cee-4d32-b24d-d2d62ec819ed.jpg', NULL, 52, NULL, '2.0000', 23, '<p>for testing&nbsp;</p>\n', 51, 8, NULL, NULL, 0, NULL, NULL, NULL, NULL, 'undefined', 0, '1.0000', NULL, 1, '2020-11-30 06:14:53', '2020-11-30 06:14:53', '2020-11-30 06:21:55', NULL),
(72, 'pro-test2', 'test-2', NULL, '500.0000', 1, 10, '/images/d879a099-89fb-423f-84eb-b8b909e579b0.jpg', NULL, 82, NULL, '2.0000', 23, '<p>adsfdgfhgf</p>\n', 81, 11, NULL, NULL, 0, NULL, NULL, NULL, NULL, 'undefined', 0, '1.0000', NULL, 1, '2020-11-30 06:17:27', '2020-11-30 06:17:27', '2020-11-30 06:18:53', '2020-11-30 06:18:53'),
(73, 'pro-test2', 'test-2', NULL, '500.0000', 1, 10, NULL, NULL, 82, NULL, '2.0000', 23, '<p>adsfdgfhgf</p>\n', 81, 11, NULL, NULL, 0, NULL, NULL, NULL, NULL, 'undefined', 0, '1.0000', NULL, 1, '2020-11-30 06:17:27', '2020-11-30 06:17:27', '2020-11-30 06:18:49', '2020-11-30 06:18:49'),
(74, 'pro-test2', 'test-2', NULL, '500.0000', 1, 10, '/images/cc78530b-8994-4821-9d9b-85b795d2ef5a.jpg', NULL, 52, NULL, '2.0000', 23, '<p>adsfdgfhgf</p>\n', 51, 11, NULL, NULL, 0, NULL, NULL, NULL, NULL, 'undefined', 0, '1.0000', NULL, 1, '2020-11-30 06:17:27', '2020-11-30 06:17:27', '2020-11-30 06:22:18', NULL),
(75, 'half-silk', 'Half-Silk Saree', NULL, '1200.0000', 1, 10, '/images/a473856f-9887-4a91-9693-b6155373c1b2.jpg', NULL, 83, 86, '2.0000', 23, '<p>This saree is good looking and the material of this saree is good enough. It is suitable for dry cleaning</p>\n', 56, 10, NULL, NULL, 0, NULL, NULL, NULL, NULL, 'undefined', 0, '0.0000', NULL, 1, '2020-11-30 07:11:59', '2020-11-30 07:11:59', '2020-11-30 07:14:12', NULL),
(76, 'gold jewellery-1', 'Gold Jewellery', NULL, '50000.0000', 1, 10, NULL, NULL, 83, 91, '2.0000', 23, '<p>Type: 22-carat</p>\n\n<p>weight: 2 Bhori</p>\n\n<p>Nice design and resonable price.</p>\n', 56, 10, NULL, NULL, 0, NULL, NULL, NULL, NULL, 'undefined', 0, '0.0000', NULL, 1, '2020-11-30 07:19:02', '2020-11-30 07:19:02', '2020-11-30 07:19:22', '2020-11-30 07:19:22'),
(77, 'gold jewellery-1', 'Gold Jewellery', NULL, '50000.0000', 1, 10, '/images/b1eb5252-8266-49b3-82db-383df1b18749.jpg', NULL, 83, 91, '2.0000', 23, '<p>Type: 22-carat</p>\n\n<p>weight: 2 Bhori</p>\n\n<p>Nice design and resonable price.</p>\n', 56, 10, NULL, NULL, 0, NULL, NULL, NULL, NULL, 'undefined', 0, '0.0000', NULL, 1, '2020-11-30 07:19:02', '2020-11-30 07:19:02', '2020-11-30 07:19:02', NULL),
(78, 'salwarkamiz-1', 'Cotton Salwar kamiz', NULL, '1500.0000', 0, 0, '/images/50df78e9-bf1a-4119-886d-1507960cc865.jpeg', NULL, 83, 87, '2.0000', 23, '<p>Meterial- cotton</p>\n\n<p>collor: Black and Megenda</p>\n', 56, 11, NULL, NULL, 0, NULL, NULL, NULL, NULL, 'undefined', 0, '0.0000', NULL, 2, '2020-11-30 07:25:15', '2020-11-30 07:25:15', '2020-11-30 07:25:51', NULL),
(79, 'salwarkamiz-1', 'Cotton Salwar kamiz', NULL, '1500.0000', 0, 0, NULL, NULL, 83, 87, '2.0000', 23, '<p>Meterial- cotton</p>\n\n<p>collor: black and megenda</p>\n', 56, 11, NULL, NULL, 0, NULL, NULL, NULL, NULL, 'undefined', 0, '0.0000', NULL, 2, '2020-11-30 07:25:15', '2020-11-30 07:25:15', '2020-11-30 07:26:20', '2020-11-30 07:26:20'),
(80, 'kamiz-2', 'Block printed Salwar kamiz', NULL, '1700.0000', 0, 0, '/images/f18f7444-3558-4100-917e-e7514781d97b.jpg', NULL, 83, 87, '2.0000', 23, '<p>Type: printed</p>\n\n<p>Color: White &amp; Red</p>\n', 56, 10, NULL, NULL, 0, NULL, NULL, NULL, NULL, 'undefined', 0, '1.0000', NULL, 2, '2020-11-30 07:27:49', '2020-11-30 07:27:49', '2020-11-30 07:27:49', NULL),
(81, 'kamiz-2', 'Block printed Salwar kamiz', NULL, '1700.0000', 0, 0, NULL, NULL, 83, 87, '2.0000', 23, '<p>Type: printed</p>\n\n<p>Color: White &amp; Red</p>\n', 56, 10, NULL, NULL, 0, NULL, NULL, NULL, NULL, 'undefined', 0, '1.0000', NULL, 2, '2020-11-30 07:27:49', '2020-11-30 07:27:49', '2020-11-30 07:28:07', '2020-11-30 07:28:07'),
(82, 'television-1', 'LED Television', NULL, '24000.0000', 1, 10, '/images/26506afd-7555-4c9c-bff1-4b2852f92891.jpg', NULL, 58, NULL, '1.0000', 23, '<p>Size: 24&quot;</p>\n\n<p>Nice color and clear picture.</p>\n', 57, 12, NULL, NULL, 0, NULL, NULL, NULL, NULL, 'undefined', 0, '0.0000', NULL, 1, '2020-11-30 07:31:49', '2020-11-30 07:31:49', '2020-11-30 07:31:49', NULL),
(83, 'television-1', 'LED Television', NULL, '24000.0000', 1, 10, NULL, NULL, 58, NULL, '1.0000', 23, '<p>Size: 24&quot;</p>\n\n<p>Nice color and clear picture.</p>\n', 57, 12, NULL, NULL, 0, NULL, NULL, NULL, NULL, 'undefined', 0, '0.0000', NULL, 1, '2020-11-30 07:31:49', '2020-11-30 07:31:49', '2020-11-30 07:32:56', '2020-11-30 07:32:56'),
(84, 'F-98', 'Freezer', NULL, '98000.0000', 1, 10, NULL, NULL, 60, 72, '1.0000', 28, '<div style=\"display: none;\">&nbsp;</div>\n\n<p>Samsung freezer...............</p>\n', 57, 12, NULL, NULL, 0, NULL, NULL, NULL, NULL, 'undefined', 0, '50.0000', NULL, 1, '2020-11-30 08:44:33', '2020-11-30 08:44:33', '2020-11-30 08:47:49', '2020-11-30 08:47:49'),
(85, 'F-98', 'Freezer', NULL, '98000.0000', 1, 10, '/images/2bbed029-1e79-4d2a-98ab-7cb077acf5d8.jpg', NULL, 60, 72, '1.0000', 28, '<div style=\"display: none;\">&nbsp;</div>\n\n<p>Samsung freezer...............</p>\n', 57, 12, NULL, NULL, 0, NULL, NULL, NULL, NULL, 'undefined', 0, '50.0000', NULL, 1, '2020-11-30 08:44:37', '2020-11-30 08:44:37', '2020-12-01 05:51:55', '2020-12-01 05:51:55'),
(86, 'B-34gf', 'Midum Freezer', NULL, '58000.0000', 1, 10, NULL, NULL, 60, 72, '12.0000', 28, '<div style=\"display: none;\">&nbsp;</div>\n\n<p>Freezer samsung.......................</p>\n', 57, 12, NULL, NULL, 0, NULL, NULL, NULL, NULL, 'undefined', 0, '700.0000', NULL, 1, '2020-11-30 08:52:19', '2020-11-30 08:52:19', '2020-12-01 05:51:59', '2020-12-01 05:51:59'),
(87, 'B-34gf', 'Midum Freezer', NULL, '58000.0000', 1, 10, '/images/dc764a72-e678-4482-9629-6c4f8da96b95.jpg', NULL, 60, 72, '12.0000', 28, '<div style=\"display: none;\">&nbsp;</div>\n\n<p>Freezer samsung.......................</p>\n', 57, 12, NULL, NULL, 0, NULL, NULL, NULL, NULL, 'undefined', 0, '700.0000', NULL, 1, '2020-11-30 08:52:20', '2020-11-30 08:52:20', '2020-12-01 05:52:04', '2020-12-01 05:52:04'),
(88, 'CF-234', 'Freez-10', NULL, '20000.0000', 1, 1, NULL, NULL, 60, 72, '1.0000', 29, '<div style=\"display: none;\">&nbsp;</div>\n\n<p>samsung product............................................................................</p>\n', 57, 12, NULL, NULL, 0, NULL, NULL, NULL, NULL, 'undefined', 0, '2400.0000', NULL, 2, '2020-11-30 09:02:24', '2020-11-30 09:02:24', '2020-11-30 09:02:24', NULL),
(89, 'CF-234', 'Freez-10', NULL, '20000.0000', 1, 1, '/images/b580ef2b-e2c5-4b22-9c89-659b615f2752.png', NULL, 60, 72, '1.0000', 29, '<div style=\"display: none;\">&nbsp;</div>\n\n<p>samsung product............................................................................</p>\n', 57, 12, NULL, NULL, 0, NULL, NULL, NULL, NULL, 'undefined', 0, '2400.0000', NULL, 2, '2020-11-30 09:02:29', '2020-11-30 09:02:29', '2020-11-30 09:02:29', NULL),
(90, 'Code-3534', 'Freeze Glass Door', NULL, '45000.0000', 1, 1, NULL, NULL, 60, 72, '1.0000', 28, '<p>36&#39; samsung freeze..........................</p>\n', 57, 12, NULL, NULL, 0, NULL, NULL, NULL, NULL, 'undefined', 0, '345.0000', NULL, 2, '2020-11-30 09:07:06', '2020-11-30 09:07:06', '2020-12-01 09:31:54', '2020-12-01 09:31:54'),
(91, 'Code-3534', 'Freeze Glass Door', NULL, '45000.0000', 1, 1, '/images/fc9d86c6-bda6-4d59-9391-4f82026571fb.png', NULL, 60, 72, '1.0000', 28, '<p>36&#39; samsung freeze..........................</p>\n', 57, 12, NULL, NULL, 0, NULL, NULL, NULL, NULL, 'undefined', 0, '345.0000', NULL, 2, '2020-11-30 09:07:10', '2020-11-30 09:07:10', '2020-11-30 09:07:10', NULL),
(92, 'bs0012', '100W Hot Glue Gun with 2 pcs Glue Sticks', NULL, '195.0000', 1, 10, NULL, NULL, 78, NULL, '40.0000', 22, '<p>Heat up quickly</p>\n\n<p>Includes 2 sticks (200mm/8&Prime;)</p>\n\n<p>Maximum strength in 2 minutes</p>\n\n<p>Easy squeeze trigger</p>\n\n<p>Maintains constant temperature automatically</p>\n\n<p>80W/100W Hot Glue Gun with 2 pcs Glue SticksThe New Ruby Electronics Professional Hot Glue Gun is your all in one stop for the crafting you want to do.It is a great tool for the household or shop where many people will use many types of glue for many different purposes. Perfect for crafts, home quick repair, office and school DIY projects. This temperature adjustable glue gun can be set to low or high temperatures, making it a safe and versatile option. It is a lightweight, easy-squeeze trigger, rubber coating for easier cleaning, detachable stand to keep the gun stable and upright with a good cord length.</p>\n', 29, 9, NULL, NULL, 0, NULL, NULL, NULL, NULL, '[\"Gun\",\"Glue\"]', 1, '0.0000', NULL, 1, '2020-11-30 09:41:30', '2020-11-30 09:41:30', '2020-11-30 09:43:58', '2020-11-30 09:43:58'),
(93, 'bs0012', '100W Hot Glue Gun with 2 pcs Glue Sticks', NULL, '195.0000', 1, 10, '/images/890c0360-578a-490e-ae52-89966042b683.jpeg', NULL, 78, NULL, '40.0000', 22, '<p>Heat up quickly</p>\n\n<p>Includes 2 sticks (200mm/8&Prime;)</p>\n\n<p>Maximum strength in 2 minutes</p>\n\n<p>Easy squeeze trigger</p>\n\n<p>Maintains constant temperature automatically</p>\n\n<p>80W/100W Hot Glue Gun with 2 pcs Glue SticksThe New Ruby Electronics Professional Hot Glue Gun is your all in one stop for the crafting you want to do.It is a great tool for the household or shop where many people will use many types of glue for many different purposes. Perfect for crafts, home quick repair, office and school DIY projects. This temperature adjustable glue gun can be set to low or high temperatures, making it a safe and versatile option. It is a lightweight, easy-squeeze trigger, rubber coating for easier cleaning, detachable stand to keep the gun stable and upright with a good cord length.</p>\n', 29, 9, NULL, NULL, 0, NULL, NULL, NULL, NULL, '[\"Gun\",\"Glue\"]', 1, '0.0000', NULL, 1, '2020-11-30 09:41:30', '2020-11-30 09:41:30', '2020-11-30 09:41:30', NULL),
(94, '', 'Nivea Lotion & Cream Set', NULL, '799.0000', 1, 10, '/images/08741eea-3154-40f5-825e-0aac0a5a99a2.jpg', NULL, 103, 105, '13.0000', 23, '<p>Size: Lotion: 300 ml ; Cream: 75 ml<br />\nGood product and sweet smell.</p>\n', 27, 14, NULL, NULL, 0, NULL, NULL, NULL, NULL, 'undefined', 0, '0.0000', NULL, 1, '2020-11-30 09:55:54', '2020-11-30 09:55:54', '2020-11-30 09:55:54', NULL),
(95, '', 'Nivea Lotion & Cream Set', NULL, '799.0000', 1, 10, NULL, NULL, 103, 105, '13.0000', 23, '<p>Size: Lotion: 300 ml ; Cream: 75 ml<br />\nGood product and sweet smell.</p>\n', 27, 14, NULL, NULL, 0, NULL, NULL, NULL, NULL, 'undefined', 0, '0.0000', NULL, 1, '2020-11-30 09:55:54', '2020-11-30 09:55:54', '2020-11-30 09:56:31', '2020-11-30 09:56:31'),
(96, 'deo-1', 'Dove Deodorant', NULL, '120.0000', 1, 10, '/images/8051590c-5ddf-4ecf-93cd-5a6c3c036be1.png', NULL, 103, 107, '12.0000', 23, '<p>Sweet smell.</p>\n', 27, 15, NULL, NULL, 0, NULL, NULL, NULL, NULL, 'undefined', 0, '0.0000', NULL, 1, '2020-11-30 10:16:56', '2020-11-30 10:16:56', '2020-11-30 10:16:56', NULL),
(97, 'deo-1', 'Dove Deodorant', NULL, '120.0000', 1, 10, NULL, NULL, 103, 107, '12.0000', 23, '<p>Sweet smell.</p>\n', 27, 15, NULL, NULL, 0, NULL, NULL, NULL, NULL, 'undefined', 0, '0.0000', NULL, 1, '2020-11-30 10:16:56', '2020-11-30 10:16:56', '2020-11-30 10:17:13', '2020-11-30 10:17:13'),
(98, 'deo-2', 'Dove original moisturising antiperspirant deodorant', NULL, '180.0000', 1, 10, '/images/5c0bbf67-fe04-419f-a1c6-8607ae090957.png', NULL, 103, 107, '10.0000', 23, '<p>It is a good product.</p>\n', 27, 15, NULL, NULL, 0, NULL, NULL, NULL, NULL, 'undefined', 0, '0.0000', NULL, 1, '2020-11-30 10:19:09', '2020-11-30 10:19:09', '2020-11-30 10:19:10', NULL),
(99, 'deo-2', 'Dove original moisturising antiperspirant deodorant', NULL, '180.0000', 1, 10, NULL, NULL, 103, 107, '10.0000', 23, '<p>It is a good product.</p>\n', 27, 15, NULL, NULL, 0, NULL, NULL, NULL, NULL, 'undefined', 0, '0.0000', NULL, 1, '2020-11-30 10:19:09', '2020-11-30 10:19:09', '2020-11-30 10:19:24', '2020-11-30 10:19:24'),
(100, 'deo-3', 'Dove Body Spray', NULL, '230.0000', 1, 10, '/images/b86fd9e2-72fa-4e31-9f44-9b01e825ecf1.png', NULL, 103, 107, '10.0000', 23, '<p>Sweet smell.</p>\n', 27, 15, NULL, NULL, 0, NULL, NULL, NULL, NULL, 'undefined', 0, '0.0000', NULL, 1, '2020-11-30 10:20:39', '2020-11-30 10:20:39', '2020-11-30 10:20:39', NULL),
(101, 'deo-3', 'Dove Body Spray', NULL, '230.0000', 1, 10, NULL, NULL, 103, 107, '10.0000', 23, '<p>Sweet smell.</p>\n', 27, 15, NULL, NULL, 0, NULL, NULL, NULL, NULL, 'undefined', 0, '0.0000', NULL, 1, '2020-11-30 10:20:39', '2020-11-30 10:20:39', '2020-11-30 10:20:53', '2020-11-30 10:20:53'),
(102, 'feeder set', 'Baby Feeders Set', NULL, '500.0000', 1, 10, '/images/a6a3d592-23cb-4f4a-9333-5b0dffce5da0.jpeg', NULL, 117, 120, '3.0000', 23, '<p>Nice feeder set.</p>\n', 27, 16, NULL, NULL, 0, NULL, NULL, NULL, NULL, 'undefined', 0, '0.0000', NULL, 1, '2020-11-30 10:26:54', '2020-11-30 10:26:54', '2020-11-30 10:26:54', NULL),
(103, 'feeder set', 'Baby Feeders Set', NULL, '500.0000', 1, 10, NULL, NULL, 117, 120, '3.0000', 23, '<p>Nice feeder set.</p>\n', 27, 16, NULL, NULL, 0, NULL, NULL, NULL, NULL, 'undefined', 0, '0.0000', NULL, 1, '2020-11-30 10:26:54', '2020-11-30 10:26:54', '2020-11-30 10:27:08', '2020-11-30 10:27:08');
INSERT INTO `products` (`id`, `code`, `name`, `cost`, `price`, `min_unit`, `alert_quantity`, `image`, `rating`, `category_id`, `subcategory_id`, `quantity`, `warehouse_id`, `product_details`, `type_id`, `brand_id`, `craftsman_id`, `craftsman_price`, `promotion`, `promo_price`, `start_date`, `end_date`, `sale_unit`, `tag`, `featured`, `weight`, `produce_time`, `status`, `last_order_completed_date`, `created_at`, `updated_at`, `deleted_at`) VALUES
(104, 'mobil-1', 'Mobil', NULL, '1500.0000', 1, 10, '/images/59c6966b-2b17-414d-8a1c-ccc6e40088ae.jpg', NULL, 138, NULL, '2.0000', 23, '<p>Good for cars, bikes.</p>\n', 102, 17, NULL, NULL, 0, NULL, NULL, NULL, NULL, 'undefined', 0, '0.0000', NULL, 1, '2020-11-30 11:21:39', '2020-11-30 11:21:39', '2020-11-30 11:21:39', NULL),
(105, 'mobil-1', 'Mobil', NULL, '1500.0000', 1, 10, NULL, NULL, 138, NULL, '2.0000', 23, '<p>Good for cars, bikes.</p>\n', 102, 17, NULL, NULL, 0, NULL, NULL, NULL, NULL, 'undefined', 0, '0.0000', NULL, 1, '2020-11-30 11:21:39', '2020-11-30 11:21:39', '2020-11-30 11:22:07', '2020-11-30 11:22:07'),
(106, 'tyre-1', 'Tyre', NULL, '700.0000', 1, 10, '/images/dd3368da-d984-4ce7-9db3-5c4ad3a6a691.png', NULL, 139, NULL, '2.0000', 23, '<p>Strong and good for high speed.</p>\n', 102, 17, NULL, NULL, 0, NULL, NULL, NULL, NULL, 'undefined', 0, '0.0000', NULL, 1, '2020-11-30 11:23:36', '2020-11-30 11:23:36', '2020-11-30 11:23:36', NULL),
(107, 'tyre-1', 'Tyre', NULL, '700.0000', 1, 10, NULL, NULL, 139, NULL, '2.0000', 23, '<p>Strong and good for high speed.</p>\n', 102, 17, NULL, NULL, 0, NULL, NULL, NULL, NULL, 'undefined', 0, '0.0000', NULL, 1, '2020-11-30 11:23:36', '2020-11-30 11:23:36', '2020-11-30 11:24:01', '2020-11-30 11:24:01'),
(108, 'kitchen-1', 'Kitchen appliance set', NULL, '4000.0000', 1, 10, '/images/a3e25932-c406-4566-9806-9305de05dad0.jpg', NULL, 146, NULL, '2.0000', 23, '<p>Helpful and easy to use.</p>\n', 101, 17, NULL, NULL, 0, NULL, NULL, NULL, NULL, 'undefined', 0, '0.0000', NULL, 1, '2020-11-30 11:25:57', '2020-11-30 11:25:57', '2020-11-30 11:25:58', NULL),
(109, 'kitchen-1', 'Kitchen appliance set', NULL, '4000.0000', 1, 10, NULL, NULL, 146, NULL, '2.0000', 23, '<p>Helpful and easy to use.</p>\n', 101, 17, NULL, NULL, 0, NULL, NULL, NULL, NULL, 'undefined', 0, '0.0000', NULL, 1, '2020-11-30 11:25:57', '2020-11-30 11:25:57', '2020-11-30 11:26:10', '2020-11-30 11:26:10'),
(110, '', 'Luxury Men\'s watch', NULL, '3000.0000', 1, 10, '/images/72a61b32-56be-41b5-b3d5-42a8f53b7ca2.jpg', NULL, 84, 96, '3.0000', 23, '<p>Nice branded watch</p>\n', 56, 17, NULL, NULL, 0, NULL, NULL, NULL, NULL, 'undefined', 0, '0.0000', NULL, 1, '2020-11-30 11:58:09', '2020-11-30 11:58:09', '2020-11-30 11:58:09', NULL),
(111, '', 'Luxury Men\'s watch', NULL, '3000.0000', 1, 10, NULL, NULL, 84, 96, '3.0000', 23, '<p>Nice branded watch</p>\n', 56, 17, NULL, NULL, 0, NULL, NULL, NULL, NULL, 'undefined', 0, '0.0000', NULL, 1, '2020-11-30 11:58:09', '2020-11-30 11:58:09', '2020-11-30 12:00:35', '2020-11-30 12:00:35'),
(112, 'bracelet-1', 'New Bracelet', NULL, '5000.0000', 1, 10, '/images/aa644d97-90c8-4591-8f87-3d37eb864288.jpg', NULL, 84, 97, '4.0000', 23, '<p>Beautiful design.</p>\n', 56, 17, NULL, NULL, 0, NULL, NULL, NULL, NULL, 'undefined', 0, '0.0000', NULL, 1, '2020-11-30 11:59:52', '2020-11-30 11:59:52', '2020-11-30 11:59:53', NULL),
(113, 'bracelet-1', 'New Bracelet', NULL, '5000.0000', 1, 10, NULL, NULL, 84, 97, '4.0000', 23, '<p>Beautiful design.</p>\n', 56, 17, NULL, NULL, 0, NULL, NULL, NULL, NULL, 'undefined', 0, '0.0000', NULL, 1, '2020-11-30 11:59:52', '2020-11-30 11:59:52', '2020-11-30 12:00:32', '2020-11-30 12:00:32'),
(114, 'men\'s shirt-1', 'Casual men\'s shirt', NULL, '1700.0000', 1, 10, '/images/fe89cc7f-be6a-403d-b7f6-a5f4425cca14.jpg', NULL, 84, 92, '5.0000', 23, '<p>color: Sky blue.</p>\n\n<p>&nbsp;</p>\n', 56, 11, NULL, NULL, 0, NULL, NULL, NULL, NULL, 'undefined', 0, '0.0000', NULL, 1, '2020-11-30 12:02:23', '2020-11-30 12:02:23', '2020-11-30 12:02:23', NULL),
(115, 'men\'s shirt-1', 'Casual men\'s shirt', NULL, '1700.0000', 1, 10, NULL, NULL, 84, 92, '5.0000', 23, '<p>color: Sky blue.</p>\n\n<p>&nbsp;</p>\n', 56, 11, NULL, NULL, 0, NULL, NULL, NULL, NULL, 'undefined', 0, '0.0000', NULL, 1, '2020-11-30 12:02:23', '2020-11-30 12:02:23', '2020-11-30 12:04:26', '2020-11-30 12:04:26'),
(116, 'men\'s bag-1', 'Men\'s Office Leather Bag', NULL, '1600.0000', 1, 10, '/images/ba0dbcd9-b432-41c7-9cf3-5936a1d4402b.jpg', NULL, 84, 95, '10.0000', 23, '<p>Easy to carry.</p>\n', 56, 17, NULL, NULL, 0, NULL, NULL, NULL, NULL, 'undefined', 0, '0.0000', NULL, 1, '2020-11-30 12:03:58', '2020-11-30 12:03:58', '2020-11-30 12:03:59', NULL),
(117, 'men\'s bag-1', 'Men\'s Office Leather Bag', NULL, '1600.0000', 1, 10, NULL, NULL, 84, 95, '10.0000', 23, '<p>Easy to carry.</p>\n', 56, 17, NULL, NULL, 0, NULL, NULL, NULL, NULL, 'undefined', 0, '0.0000', NULL, 1, '2020-11-30 12:03:58', '2020-11-30 12:03:58', '2020-11-30 12:04:31', '2020-11-30 12:04:31'),
(118, 'dumble set-1', 'Dumble set', NULL, '2500.0000', 1, 10, '/images/9cfc4eb8-01a9-4843-8118-0a190305d19c.jpg', NULL, 73, NULL, '3.0000', 23, '<p>Nice meterials and good looking.</p>\n', 29, 17, NULL, NULL, 0, NULL, NULL, NULL, NULL, 'undefined', 0, '0.0000', NULL, 1, '2020-11-30 12:06:11', '2020-11-30 12:06:11', '2020-11-30 12:06:11', NULL),
(119, 'dumble set-1', 'Dumble set', NULL, '2500.0000', 1, 10, NULL, NULL, 73, NULL, '3.0000', 23, '<p>Nice meterials and good looking.</p>\n', 29, 17, NULL, NULL, 0, NULL, NULL, NULL, NULL, 'undefined', 0, '0.0000', NULL, 1, '2020-11-30 12:06:11', '2020-11-30 12:06:11', '2020-11-30 12:10:55', '2020-11-30 12:10:55'),
(120, 'men\'s gym wear', 'Branded men\'s gym wear set', NULL, '3000.0000', 1, 10, '/images/0d1e8a29-05ba-4536-92df-f584e0648b57.jpg', NULL, 74, NULL, '5.0000', 23, '<p>Nice color and good cloth meterials.</p>\n', 29, 17, NULL, NULL, 0, NULL, NULL, NULL, NULL, 'undefined', 0, '0.0000', NULL, 1, '2020-11-30 12:09:32', '2020-11-30 12:09:32', '2020-11-30 12:09:33', NULL),
(121, 'men\'s gym wear', 'Branded men\'s gym wear set', NULL, '3000.0000', 1, 10, NULL, NULL, 74, NULL, '5.0000', 23, '<p>Nice color and good cloth meterials.</p>\n', 29, 17, NULL, NULL, 0, NULL, NULL, NULL, NULL, 'undefined', 0, '0.0000', NULL, 1, '2020-11-30 12:09:32', '2020-11-30 12:09:32', '2020-11-30 12:11:00', '2020-11-30 12:11:00'),
(122, 'badminton set-1', 'Badminton Set-1', NULL, '300.0000', 1, 10, '/images/40560009-5304-4ac5-9aa7-fab82735f4a8.jpg', NULL, 78, NULL, '15.0000', 23, '<p>Good quality.</p>\n', 29, 17, NULL, NULL, 0, NULL, NULL, NULL, NULL, 'undefined', 0, '0.0000', NULL, 1, '2020-11-30 12:13:56', '2020-11-30 12:13:56', '2020-11-30 12:13:57', NULL),
(123, 'badminton set-1', 'Badminton Set-1', NULL, '300.0000', 1, 10, NULL, NULL, 78, NULL, '15.0000', 23, '<p>Good quality.</p>\n', 29, 17, NULL, NULL, 0, NULL, NULL, NULL, NULL, 'undefined', 0, '0.0000', NULL, 1, '2020-11-30 12:13:56', '2020-11-30 12:13:56', '2020-11-30 12:14:20', '2020-11-30 12:14:20'),
(124, 'LEBHWM01', 'Hoodie & Sweatshirt Men\'s', NULL, '894.0000', 1, 10, '/images/eae512f7-b1ed-4463-946c-cc35e0bfb8f7.jpg', NULL, 84, 159, '7.0000', 23, '<p>Quality : 100% Export Quality<br />\nFabrics : China Cotton<br />\nFit type : Regular<br />\nSleeve : Full sleeves<br />\ncolor:&nbsp;Red &amp; Maroon<br />\nHigh quality material,comfortable and soft<br />\nSize Description :<br />\nM: Length:27.5, Chest:42<br />\nL: Length: 28.5, Chest: 44<br />\nXL: Length:29.5, Chest: 44<br />\nXXL:Length:30.5, Chest: 44</p>\n', 56, 17, NULL, NULL, 0, NULL, NULL, NULL, NULL, '[\"M, L, XL, XXl\"]', 1, '0.0000', NULL, 2, '2020-12-01 05:24:51', '2020-12-01 05:24:51', '2020-12-02 03:51:05', NULL),
(125, 'LEBHWM01', 'Hoodie & Sweatshirt Men\'s', NULL, '894.0000', 1, 10, '/images/daabed32-f038-4941-ad16-0707fe850e38.jpg', NULL, 84, 159, '7.0000', 23, '<p>Quality : 100% Export Quality<br />\nFabrics : China Cotton<br />\nFit type : Regular<br />\nSleeve : Full sleeves<br />\nHigh quality material,comfortable and soft<br />\nSize Description :<br />\nM: Length:27.5, Chest:42<br />\nL: Length: 28.5, Chest: 44<br />\nXL: Length:29.5, Chest: 44<br />\nXXL:Length:30.5, Chest: 44</p>\n', 56, 17, NULL, NULL, 0, NULL, NULL, NULL, NULL, 'undefined', 0, '0.0000', NULL, 1, '2020-12-01 05:25:00', '2020-12-01 05:25:00', '2020-12-01 05:37:25', '2020-12-01 05:37:25'),
(126, 'LEBHWM02', 'Hoodie & Sweatshirt Men\'s', NULL, '894.0000', 0, 0, '/images/bf774bd0-b1d7-418d-b379-c792dd346d6f.jpg', NULL, 84, 159, '7.0000', 23, '<p>Quality : 100% Export Quality<br />\nFabrics : China Cotton<br />\nFit type : Regular<br />\nSleeve : Full sleeves<br />\nColor: Light Brown<br />\nHigh quality material,comfortable and soft<br />\nSize Description :<br />\nM: Length:27.5, Chest:42<br />\nL: Length: 28.5, Chest: 44<br />\nXL: Length:29.5, Chest: 44<br />\nXXL:Length:30.5, Chest: 44</p>\n', 56, 17, NULL, NULL, 0, NULL, NULL, NULL, NULL, '[\"M, L, XL, XXl\"]', 0, '1.0000', NULL, 2, '2020-12-01 05:28:13', '2020-12-01 05:28:13', '2020-12-01 05:34:07', NULL),
(127, 'LEBHWM03', 'Hoodie & Sweatshirt Men\'s', NULL, '894.0000', 1, 10, '/images/f1321462-540b-42c3-9543-cf49155a6670.jpg', NULL, 84, 159, '7.0000', 23, '<p>&quot;Quality : 100% Export Quality<br />\nFabrics : China Cotton&nbsp;<br />\nFit type : Regular<br />\nSleeve : Full sleeves<br />\ncolor: Black &amp; Ash<br />\nHigh quality material,comfortable and soft<br />\nSize Description :<br />\nM: Length:27.5, Chest:42<br />\nL: Length: 28.5, Chest: 44<br />\nXL: Length:29.5, Chest: 44<br />\nXXL:Length:30.5, Chest: 44&quot;<br />\n&nbsp;</p>\n', 56, 17, NULL, NULL, 0, NULL, NULL, NULL, NULL, '[\"M, L, XL, XXl\"]', 0, '0.0000', NULL, 2, '2020-12-01 05:41:00', '2020-12-01 05:41:00', '2020-12-01 05:41:58', NULL),
(128, 'LEBHWM04', 'Hoodie & Sweatshirt Men\'s', NULL, '894.0000', 1, 10, '/images/2e906eea-f25a-4ccb-ac6a-36e3b67374dc.jpg', NULL, 84, 159, '7.0000', 23, '<p>&quot;Quality : 100% Export Quality<br />\nFabrics : China Cotton&nbsp;<br />\nFit type : Regular<br />\nSleeve : Full sleeves<br />\ncolor: Yellow<br />\nHigh quality material,comfortable and soft<br />\nSize Description :<br />\nM: Length:27.5, Chest:42<br />\nL: Length: 28.5, Chest: 44<br />\nXL: Length:29.5, Chest: 44<br />\nXXL:Length:30.5, Chest: 44&quot;</p>\n', 56, 17, NULL, NULL, 0, NULL, NULL, NULL, NULL, '[\"M, L, XL, XXl\"]', 0, '0.0000', NULL, 2, '2020-12-01 05:41:12', '2020-12-01 05:41:12', '2020-12-01 05:42:58', NULL),
(129, 'LEBHWM05', 'Hoodie & Sweatshirt Men\'s', NULL, '894.0000', 1, 10, '/images/3802e0ec-d840-423b-9525-c2776173b2dc.jpg', NULL, 84, 159, '1.0000', 23, '<p>Quality : 100% Export Quality<br />\nFabrics : China Cotton<br />\nFit type : Regular<br />\nSleeve : Full sleeves<br />\ncolor: Light Brown<br />\nHigh quality material,comfortable and soft<br />\nSize Description :<br />\nM: Length:27.5, Chest:42<br />\nL: Length: 28.5, Chest: 44<br />\nXL: Length:29.5, Chest: 44<br />\nXXL:Length:30.5, Chest: 44</p>\n', 56, 17, NULL, NULL, 0, NULL, NULL, NULL, NULL, '[\"M, L, XL, XXl\"]', 0, '0.0000', NULL, 2, '2020-12-01 05:45:11', '2020-12-01 05:45:10', '2020-12-01 05:54:22', NULL),
(130, 'LEBHWM06', 'Hoodie & Sweatshirt Men\'s', NULL, '894.0000', 1, 10, '/images/10374552-1f82-4264-9641-5e24c599982d.jpg', NULL, 84, 159, '7.0000', 23, '<p>&quot;Quality : 100% Export Quality<br />\nFabrics : China Cotton&nbsp;<br />\nFit type : Regular<br />\nSleeve : Full sleeves<br />\ncolor: Black &amp; Ash<br />\nHigh quality material,comfortable and soft<br />\nSize Description :<br />\nM: Length:27.5, Chest:42<br />\nL: Length: 28.5, Chest: 44<br />\nXL: Length:29.5, Chest: 44<br />\nXXL:Length:30.5, Chest: 44&quot;<br />\n&nbsp;</p>\n', 56, 17, NULL, NULL, 0, NULL, NULL, NULL, NULL, '[\"M, L, XL, XXl\"]', 0, '0.0000', NULL, 2, '2020-12-01 05:51:50', '2020-12-01 05:51:50', '2020-12-06 04:21:30', NULL),
(131, 'LFABH01', 'Ladies Fashionable  Elastic boston heel', NULL, '1015.0000', 1, 10, '/images/08266a16-d2b5-4191-933e-09532caa34ef.jpg', NULL, 83, 88, '7.0000', 28, '<p>Gender: Women, Girl<br />\nMaterial: Artificial Leather<br />\nSuitable Occasion: Leisure<br />\nColor:Cream Color<br />\nScenes: Outdoor<br />\nStyle: Casual<br />\nHeel High Style: Boston Heel</p>\n', 56, 17, NULL, NULL, 1, '300.0000', '2020-12-02', '2020-12-02', 2, '[\"35-40\"]', 0, '0.0000', NULL, 2, '2020-12-01 06:03:20', '2020-12-01 06:03:20', '2020-12-03 11:18:10', NULL),
(132, 'LFABH01', 'Ladies Fashionable  Elastic boston heel', NULL, '1015.0000', 1, 10, '/images/5433c783-8ff2-46c0-b1d0-6189b297d646.jpg', NULL, 83, 88, '7.0000', 28, '<p>Gender: Women, Girl<br />\nMaterial: Artificial Leather<br />\nSuitable Occasion: Leisure<br />\nColor:Cream Color<br />\nScenes: Outdoor<br />\nStyle: Casual<br />\nHeel High Style: Boston Heel</p>\n', 56, 17, NULL, NULL, 0, NULL, NULL, NULL, NULL, '[\"35-40\"]', 0, '0.0000', NULL, 1, '2020-12-01 06:03:20', '2020-12-01 06:03:20', '2020-12-01 06:03:33', '2020-12-01 06:03:33'),
(133, 'LFABH02', 'Ladies Fashionable  Elastic boston heel', NULL, '1015.0000', 1, 10, '/images/78d5cd5e-3c6c-4503-88d0-1936cb10880a.jpg', NULL, 83, 88, '7.0000', 28, '<div style=\"display: none;\">&nbsp;</div>\n\n<p>Gender: Women, Girl<br />\nMaterial: Artificial Leather<br />\nSuitable Occasion: Leisure<br />\nColor:Dark Blue<br />\nScenes: Outdoor<br />\nStyle: Casual<br />\nHeel High Style: Boston Heel</p>\n', 56, 17, NULL, NULL, 0, NULL, NULL, NULL, NULL, '[\"35-40\"]', 0, '0.0000', NULL, 1, '2020-12-01 06:08:04', '2020-12-01 06:08:04', '2020-12-01 06:08:04', NULL),
(134, 'LFABH02', 'Ladies Fashionable  Elastic boston heel', NULL, '1015.0000', 1, 10, '/images/f9ae7d5b-3fc7-4ae4-9452-0ab2853d1a12.jpg', NULL, 83, 88, '7.0000', 28, '<div style=\"display: none;\">&nbsp;</div>\n\n<p>Gender: Women, Girl<br />\nMaterial: Artificial Leather<br />\nSuitable Occasion: Leisure<br />\nColor:Dark Blue<br />\nScenes: Outdoor<br />\nStyle: Casual<br />\nHeel High Style: Boston Heel</p>\n', 56, 17, NULL, NULL, 0, NULL, NULL, NULL, NULL, '[\"35-40\"]', 0, '0.0000', NULL, 1, '2020-12-01 06:08:21', '2020-12-01 06:08:21', '2020-12-01 06:11:45', '2020-12-01 06:11:45'),
(135, 'LFABH02', 'Ladies Fashionable  Elastic boston heel', NULL, '1015.0000', 1, 10, '/images/93de11a0-4c29-4141-bd95-360c173f7d90.jpg', NULL, 83, 88, '7.0000', 28, '<div style=\"display: none;\">&nbsp;</div>\n\n<p>Gender: Women, Girl<br />\nMaterial: Artificial Leather<br />\nSuitable Occasion: Leisure<br />\nColor:Dark Blue<br />\nScenes: Outdoor<br />\nStyle: Casual<br />\nHeel High Style: Boston Heel</p>\n', 56, 17, NULL, NULL, 0, NULL, NULL, NULL, NULL, '[\"35-40\"]', 0, '0.0000', NULL, 1, '2020-12-01 06:08:49', '2020-12-01 06:08:49', '2020-12-01 06:11:40', '2020-12-01 06:11:40'),
(136, 'LFABH02', 'Ladies Fashionable  Elastic boston heel', NULL, '1015.0000', 1, 10, '/images/577ded44-2d6e-4bca-839c-38dc798acef0.jpg', NULL, 83, 88, '7.0000', 28, '<div style=\"display: none;\">&nbsp;</div>\n\n<p>Gender: Women, Girl<br />\nMaterial: Artificial Leather<br />\nSuitable Occasion: Leisure<br />\nColor:Dark Blue<br />\nScenes: Outdoor<br />\nStyle: Casual<br />\nHeel High Style: Boston Heel</p>\n', 56, 17, NULL, NULL, 0, NULL, NULL, NULL, NULL, '[\"35-40\"]', 0, '0.0000', NULL, 1, '2020-12-01 06:08:49', '2020-12-01 06:08:49', '2020-12-01 06:11:49', '2020-12-01 06:11:49'),
(137, 'LFABH02', 'Ladies Fashionable  Elastic boston heel', NULL, '1015.0000', 1, 10, '/images/a950ffe4-bd38-4967-8402-e79544899952.jpg', NULL, 83, 88, '7.0000', 28, '<div style=\"display: none;\">&nbsp;</div>\n\n<p>Gender: Women, Girl<br />\nMaterial: Artificial Leather<br />\nSuitable Occasion: Leisure<br />\nColor:Dark Blue<br />\nScenes: Outdoor<br />\nStyle: Casual<br />\nHeel High Style: Boston Heel</p>\n', 56, 17, NULL, NULL, 0, NULL, NULL, NULL, NULL, '[\"35-40\"]', 0, '0.0000', NULL, 1, '2020-12-01 06:08:49', '2020-12-01 06:08:49', '2020-12-01 06:11:35', '2020-12-01 06:11:35'),
(138, 'LFABH02', 'Ladies Fashionable  Elastic boston heel', NULL, '1015.0000', 1, 10, '/images/555a211e-e007-4e5c-96ef-0142362a8682.jpg', NULL, 83, 88, '7.0000', 28, '<div style=\"display: none;\">&nbsp;</div>\n\n<p>Gender: Women, Girl<br />\nMaterial: Artificial Leather<br />\nSuitable Occasion: Leisure<br />\nColor:Dark Blue<br />\nScenes: Outdoor<br />\nStyle: Casual<br />\nHeel High Style: Boston Heel</p>\n', 56, 17, NULL, NULL, 0, NULL, NULL, NULL, NULL, '[\"35-40\"]', 0, '0.0000', NULL, 1, '2020-12-01 06:08:50', '2020-12-01 06:08:50', '2020-12-01 06:10:37', '2020-12-01 06:10:37'),
(139, 'LFABH02', 'Ladies Fashionable  Elastic boston heel', NULL, '1015.0000', 1, 10, '/images/0119186e-9ef4-414d-9519-750aefd7f714.jpg', NULL, 83, 88, '7.0000', 28, '<div style=\"display: none;\">&nbsp;</div>\n\n<p>Gender: Women, Girl<br />\nMaterial: Artificial Leather<br />\nSuitable Occasion: Leisure<br />\nColor:Dark Blue<br />\nScenes: Outdoor<br />\nStyle: Casual<br />\nHeel High Style: Boston Heel</p>\n', 56, 17, NULL, NULL, 0, NULL, NULL, NULL, NULL, '[\"35-40\"]', 0, '0.0000', NULL, 1, '2020-12-01 06:08:50', '2020-12-01 06:08:50', '2020-12-01 06:11:56', '2020-12-01 06:11:56'),
(140, 'LFABH02', 'Ladies Fashionable  Elastic boston heel', NULL, '1015.0000', 1, 10, '/images/40b93009-9d9c-4437-b983-05ac7f6868f5.jpg', NULL, 83, 88, '7.0000', 28, '<div style=\"display: none;\">&nbsp;</div>\n\n<p>Gender: Women, Girl<br />\nMaterial: Artificial Leather<br />\nSuitable Occasion: Leisure<br />\nColor:Dark Blue<br />\nScenes: Outdoor<br />\nStyle: Casual<br />\nHeel High Style: Boston Heel</p>\n', 56, 17, NULL, NULL, 0, NULL, NULL, NULL, NULL, '[\"35-40\"]', 0, '0.0000', NULL, 1, '2020-12-01 06:08:50', '2020-12-01 06:08:50', '2020-12-01 06:10:24', '2020-12-01 06:10:24'),
(141, 'LFABH02', 'Ladies Fashionable  Elastic boston heel', NULL, '1015.0000', 1, 10, '/images/c3a132b3-e779-438e-bca3-f1534c76a966.jpg', NULL, 83, 88, '7.0000', 28, '<div style=\"display: none;\">&nbsp;</div>\n\n<p>Gender: Women, Girl<br />\nMaterial: Artificial Leather<br />\nSuitable Occasion: Leisure<br />\nColor:Dark Blue<br />\nScenes: Outdoor<br />\nStyle: Casual<br />\nHeel High Style: Boston Heel</p>\n', 56, 17, NULL, NULL, 0, NULL, NULL, NULL, NULL, '[\"35-40\"]', 0, '0.0000', NULL, 1, '2020-12-01 06:08:50', '2020-12-01 06:08:50', '2020-12-01 06:10:24', '2020-12-01 06:10:24'),
(142, 'LFABH02', 'Ladies Fashionable  Elastic boston heel', NULL, '1015.0000', 1, 10, '/images/8f8434b6-bebf-4c73-b8da-612cf5399274.jpg', NULL, 83, 88, '7.0000', 28, '<div style=\"display: none;\">&nbsp;</div>\n\n<p>Gender: Women, Girl<br />\nMaterial: Artificial Leather<br />\nSuitable Occasion: Leisure<br />\nColor:Dark Blue<br />\nScenes: Outdoor<br />\nStyle: Casual<br />\nHeel High Style: Boston Heel</p>\n', 56, 17, NULL, NULL, 0, NULL, NULL, NULL, NULL, '[\"35-40\"]', 0, '0.0000', NULL, 1, '2020-12-01 06:08:50', '2020-12-01 06:08:50', '2020-12-01 06:11:31', '2020-12-01 06:11:31'),
(143, 'LFABH02', 'Ladies Fashionable  Elastic boston heel', NULL, '1015.0000', 1, 10, '/images/3536174c-9c9e-44f0-a8fd-67787f10bad9.jpg', NULL, 83, 88, '7.0000', 28, '<div style=\"display: none;\">&nbsp;</div>\n\n<p>Gender: Women, Girl<br />\nMaterial: Artificial Leather<br />\nSuitable Occasion: Leisure<br />\nColor:Dark Blue<br />\nScenes: Outdoor<br />\nStyle: Casual<br />\nHeel High Style: Boston Heel</p>\n', 56, 17, NULL, NULL, 0, NULL, NULL, NULL, NULL, '[\"35-40\"]', 0, '0.0000', NULL, 1, '2020-12-01 06:09:55', '2020-12-01 06:09:55', '2020-12-01 06:12:00', '2020-12-01 06:12:00'),
(144, 'LFABH02', 'Ladies Fashionable  Elastic boston heel', NULL, '1015.0000', 1, 10, '/images/e36c1b88-b79b-4166-a4a8-92e74f53a7db.jpg', NULL, 83, 88, '7.0000', 28, '<div style=\"display: none;\">&nbsp;</div>\n\n<p>Gender: Women, Girl<br />\nMaterial: Artificial Leather<br />\nSuitable Occasion: Leisure<br />\nColor:Dark Blue<br />\nScenes: Outdoor<br />\nStyle: Casual<br />\nHeel High Style: Boston Heel</p>\n', 56, 17, NULL, NULL, 0, NULL, NULL, NULL, NULL, '[\"35-40\"]', 0, '0.0000', NULL, 1, '2020-12-01 06:09:55', '2020-12-01 06:09:55', '2020-12-01 06:11:27', '2020-12-01 06:11:27'),
(145, 'LFABH02', 'Ladies Fashionable  Elastic boston heel', NULL, '1015.0000', 1, 10, '/images/90c19a88-daf7-4d0d-ada0-f794670bc8c5.jpg', NULL, 83, 88, '7.0000', 28, '<div style=\"display: none;\">&nbsp;</div>\n\n<p>Gender: Women, Girl<br />\nMaterial: Artificial Leather<br />\nSuitable Occasion: Leisure<br />\nColor:Dark Blue<br />\nScenes: Outdoor<br />\nStyle: Casual<br />\nHeel High Style: Boston Heel</p>\n', 56, 17, NULL, NULL, 0, NULL, NULL, NULL, NULL, '[\"35-40\"]', 0, '0.0000', NULL, 1, '2020-12-01 06:09:55', '2020-12-01 06:09:55', '2020-12-01 06:10:59', '2020-12-01 06:10:59'),
(146, 'LFABH02', 'Ladies Fashionable  Elastic boston heel', NULL, '1015.0000', 1, 10, '/images/dbc918f5-968f-47b5-92e6-9af9af661b6e.jpg', NULL, 83, 88, '7.0000', 28, '<div style=\"display: none;\">&nbsp;</div>\n\n<p>Gender: Women, Girl<br />\nMaterial: Artificial Leather<br />\nSuitable Occasion: Leisure<br />\nColor:Dark Blue<br />\nScenes: Outdoor<br />\nStyle: Casual<br />\nHeel High Style: Boston Heel</p>\n', 56, 17, NULL, NULL, 0, NULL, NULL, NULL, NULL, '[\"35-40\"]', 0, '0.0000', NULL, 1, '2020-12-01 06:09:55', '2020-12-01 06:09:55', '2020-12-01 06:10:57', '2020-12-01 06:10:57'),
(147, 'LFABH03', 'Ladies Fashionable  Elastic boston heel', NULL, '1015.0000', 1, 10, '/images/7c99caa3-6e3d-4e43-8d69-ba9bee6852e5.jpg', NULL, 83, 88, '7.0000', 28, '<div style=\"display: none;\">&nbsp;</div>\n\n<p>Gender: Women, Girl<br />\nMaterial: Artificial Leather<br />\nSuitable Occasion: Leisure<br />\nColor: Brown<br />\nScenes: Outdoor<br />\nStyle: Casual<br />\nHeel High Style: Boston Heel</p>\n', 56, 17, NULL, NULL, 0, NULL, NULL, NULL, NULL, '[\"35-40\"]', 0, '0.0000', NULL, 1, '2020-12-01 06:14:47', '2020-12-01 06:14:47', '2020-12-01 06:15:00', '2020-12-01 06:15:00'),
(148, 'LFABH03', 'Ladies Fashionable  Elastic boston heel', NULL, '1015.0000', 1, 10, '/images/1856269b-97e8-4e15-9995-123632b8de95.jpg', NULL, 83, 88, '7.0000', 28, '<div style=\"display: none;\">&nbsp;</div>\n\n<p>Gender: Women, Girl<br />\nMaterial: Artificial Leather<br />\nSuitable Occasion: Leisure<br />\nColor: Brown<br />\nScenes: Outdoor<br />\nStyle: Casual<br />\nHeel High Style: Boston Heel</p>\n', 56, 17, NULL, NULL, 0, NULL, NULL, NULL, NULL, '[\"35-40\"]', 0, '0.0000', NULL, 1, '2020-12-01 06:14:47', '2020-12-01 06:14:47', '2020-12-01 06:14:47', NULL),
(149, 'LFABH04', 'Ladies Fashionable  Elastic boston heel', NULL, '1015.0000', 1, 10, '/images/d6344a11-eb1d-4ddc-9b23-571c620101c5.jpg', NULL, 83, 88, '7.0000', 28, '<div style=\"display: none;\">&nbsp;</div>\n\n<p>Gender: Women, Girl<br />\nMaterial: Artificial Leather<br />\nSuitable Occasion: Leisure<br />\nColor: Red<br />\nScenes: Outdoor<br />\nStyle: Casual<br />\nHeel High Style: Boston Heel</p>\n', 56, 17, NULL, NULL, 0, NULL, NULL, NULL, NULL, '[\"35-40\"]', 0, '0.0000', NULL, 1, '2020-12-01 06:16:43', '2020-12-01 06:16:43', '2020-12-01 06:16:43', NULL),
(150, 'LFABH05', 'Ladies Fashionable  Elastic boston heel', NULL, '1015.0000', 1, 10, '/images/5d3795e1-73c6-4768-ae59-4fb9b97e6694.jpg', NULL, 83, 88, '7.0000', 28, '<div style=\"display: none;\">&nbsp;</div>\n\n<p>Gender: Women, Girl<br />\nMaterial: Artificial Leather<br />\nSuitable Occasion: Leisure<br />\nColor: Brown<br />\nScenes: Outdoor<br />\nStyle: Casual<br />\nHeel High Style: Boston Heel</p>\n', 56, 17, NULL, NULL, 0, NULL, NULL, NULL, NULL, '[\"35-40\"]', 0, '0.0000', NULL, 1, '2020-12-01 06:20:07', '2020-12-01 06:20:07', '2020-12-01 06:20:07', NULL),
(151, '10', 'Bag', NULL, '500.0000', 1, 10, '/images/b480de0c-0632-40e5-a721-8c99e5c5e12e.jpg', NULL, 83, 89, '20.0000', 30, '<p>leather</p>\n', 56, 10, NULL, NULL, 0, NULL, NULL, NULL, NULL, '[\"#\"]', 0, '1.0000', NULL, 1, '2020-12-01 06:21:12', '2020-12-01 06:21:12', '2020-12-01 06:21:12', NULL),
(152, '10', 'Bag', NULL, '500.0000', 1, 10, '/images/1606d438-cb7f-4e10-ad37-6faf4547dd93.jpg', NULL, 83, 89, '20.0000', 30, '<p>leather</p>\n', 56, 10, NULL, NULL, 0, NULL, NULL, NULL, NULL, '[\"#\"]', 0, '1.0000', NULL, 1, '2020-12-01 06:21:18', '2020-12-01 06:21:18', '2020-12-01 06:21:18', NULL),
(153, '10', 'Bag', NULL, '500.0000', 1, 10, '/images/7f8cb86a-f61d-4d19-92be-63eca7aacfca.jpg', NULL, 83, 89, '20.0000', 30, '<p>leather</p>\n', 56, 10, NULL, NULL, 0, NULL, NULL, NULL, NULL, '[\"#\"]', 0, '1.0000', NULL, 1, '2020-12-01 06:21:18', '2020-12-01 06:21:18', '2020-12-01 06:21:18', NULL),
(154, '10', 'Bag', NULL, '500.0000', 1, 10, '/images/511b5e28-ae5d-476b-9cda-70a6475cc0d6.jpg', NULL, 83, 89, '20.0000', 30, '<p>leather</p>\n', 56, 10, NULL, NULL, 0, NULL, NULL, NULL, NULL, '[\"#\"]', 0, '1.0000', NULL, 1, '2020-12-01 06:21:22', '2020-12-01 06:21:22', '2020-12-01 06:21:22', NULL),
(155, 'LFABH06', 'Ladies Fashionable  Elastic boston heel', NULL, '1015.0000', 1, 10, '/images/57bd22e5-fe47-416e-a162-12d6df5063f4.jpg', NULL, 83, 88, '7.0000', 28, '<div style=\"display: none;\">&nbsp;</div>\n\n<p>Gender: Women, Girl<br />\nMaterial: Artificial Leather<br />\nSuitable Occasion: Leisure<br />\nColor: Black<br />\nScenes: Outdoor<br />\nStyle: Casual<br />\nHeel High Style: Boston Heel</p>\n', 56, 17, NULL, NULL, 0, NULL, NULL, NULL, NULL, '[\"35-40\"]', 0, '0.0000', NULL, 1, '2020-12-01 06:31:39', '2020-12-01 06:31:38', '2020-12-01 06:31:39', NULL),
(156, 'LFABH06', 'Ladies Fashionable  Elastic boston heel', NULL, '1015.0000', 1, 10, '/images/86127ef3-4711-452d-998d-cacfb1a5bd3d.jpg', NULL, 83, 88, '7.0000', 28, '<div style=\"display: none;\">&nbsp;</div>\n\n<p>Gender: Women, Girl<br />\nMaterial: Artificial Leather<br />\nSuitable Occasion: Leisure<br />\nColor: Black<br />\nScenes: Outdoor<br />\nStyle: Casual<br />\nHeel High Style: Boston Heel</p>\n', 56, 17, NULL, NULL, 0, NULL, NULL, NULL, NULL, '[\"35-40\"]', 0, '0.0000', NULL, 1, '2020-12-01 06:31:39', '2020-12-01 06:31:38', '2020-12-01 06:32:41', '2020-12-01 06:32:41'),
(157, 'LFABH07', 'Ladies Fashionable  Elastic boston heel', NULL, '1015.0000', 1, 10, '/images/9b7bcdd0-3357-4525-999d-94c33b96b583.jpg', NULL, 83, 88, '7.0000', 28, '<div style=\"display: none;\">&nbsp;</div>\n\n<p>Gender: Women, Girl<br />\nMaterial: Artificial Leather<br />\nSuitable Occasion: Leisure<br />\nColor: Maroon<br />\nScenes: Outdoor<br />\nStyle: Casual<br />\nHeel High Style: Boston Heel</p>\n', 56, 17, NULL, NULL, 0, NULL, NULL, NULL, NULL, '[\"35-40\"]', 0, '0.0000', NULL, 1, '2020-12-01 06:40:21', '2020-12-01 06:40:21', '2020-12-01 06:40:21', NULL),
(158, 'LFABH08', 'Ladies Fashionable  Elastic boston heel', NULL, '1015.0000', 1, 10, '/images/4d111341-c249-4cb0-9704-ee7db510eb16.jpg', NULL, 83, 88, '7.0000', 28, '<div style=\"display: none;\">&nbsp;</div>\n\n<p>Gender: Women, Girl<br />\nMaterial: Artificial Leather<br />\nSuitable Occasion: Leisure<br />\nColor: Black<br />\nScenes: Outdoor<br />\nStyle: Casual<br />\nHeel High Style: Boston Heel</p>\n', 56, 17, NULL, NULL, 0, NULL, NULL, NULL, NULL, '[\"35-40\"]', 0, '0.0000', NULL, 1, '2020-12-01 06:46:38', '2020-12-01 06:46:38', '2020-12-01 06:46:38', NULL),
(159, 'LFABH08', 'Ladies Fashionable  Elastic boston heel', NULL, '1015.0000', 1, 10, '/images/2370820a-065f-4829-aab9-d868ac05ec84.jpg', NULL, 83, 88, '7.0000', 28, '<div style=\"display: none;\">&nbsp;</div>\n\n<p>Gender: Women, Girl<br />\nMaterial: Artificial Leather<br />\nSuitable Occasion: Leisure<br />\nColor: Black<br />\nScenes: Outdoor<br />\nStyle: Casual<br />\nHeel High Style: Boston Heel</p>\n', 56, 17, NULL, NULL, 0, NULL, NULL, NULL, NULL, '[\"35-40\"]', 0, '0.0000', NULL, 1, '2020-12-01 06:46:38', '2020-12-01 06:46:38', '2020-12-01 06:46:53', '2020-12-01 06:46:53'),
(160, 'LFABH09', 'Ladies Fashionable  Elastic boston heel', NULL, '1015.0000', 1, 10, '/images/ada8b5a4-8202-4d44-a628-fb089b690dda.jpg', NULL, 83, 88, '7.0000', 28, '<div style=\"display: none;\">&nbsp;</div>\n\n<p>Gender: Women, Girl<br />\nMaterial: Artificial Leather<br />\nSuitable Occasion: Leisure<br />\nColor: Black<br />\nScenes: Outdoor<br />\nStyle: Casual<br />\nHeel High Style: Boston Heel</p>\n', 56, 17, NULL, NULL, 0, NULL, NULL, NULL, NULL, '[\"35-40\"]', 0, '0.0000', NULL, 1, '2020-12-01 06:49:18', '2020-12-01 06:49:18', '2020-12-01 06:49:18', NULL),
(161, 'LFABH09', 'Ladies Fashionable  Elastic boston heel', NULL, '1015.0000', 1, 10, '/images/6b5a5a76-2e66-44f5-8937-40fe2ac9c33c.jpg', NULL, 83, 88, '7.0000', 28, '<div style=\"display: none;\">&nbsp;</div>\n\n<p>Gender: Women, Girl<br />\nMaterial: Artificial Leather<br />\nSuitable Occasion: Leisure<br />\nColor: Black<br />\nScenes: Outdoor<br />\nStyle: Casual<br />\nHeel High Style: Boston Heel</p>\n', 56, 17, NULL, NULL, 0, NULL, NULL, NULL, NULL, '[\"35-40\"]', 0, '0.0000', NULL, 1, '2020-12-01 06:49:18', '2020-12-01 06:49:18', '2020-12-01 06:49:45', '2020-12-01 06:49:45'),
(162, 'LFABH10', 'Ladies Fashionable  Elastic boston heel', NULL, '1015.0000', 1, 10, '/images/a8a09867-5f8d-45ff-afa9-9b73e79b896d.jpg', NULL, 83, 88, '7.0000', 28, '<div style=\"display: none;\">&nbsp;</div>\n\n<p>Gender: Women, Girl<br />\nMaterial: Artificial Leather<br />\nSuitable Occasion: Leisure<br />\nColor: Coffee<br />\nScenes: Outdoor<br />\nStyle: Casual<br />\nHeel High Style: Boston Heel</p>\n', 56, 17, NULL, NULL, 0, NULL, NULL, NULL, NULL, '[\"35-40\"]', 0, '0.0000', NULL, 1, '2020-12-01 06:51:42', '2020-12-01 06:51:42', '2020-12-01 06:51:42', NULL),
(163, 'LFABH11', 'Ladies Fashionable  Elastic boston heel', NULL, '1015.0000', 1, 10, '/images/980dfbe7-8195-4f52-95a9-beb702ac8384.jpg', NULL, 83, 88, '7.0000', 28, '<div style=\"display: none;\">&nbsp;</div>\n\n<p>Gender: Women, Girl<br />\nMaterial: Artificial Leather<br />\nSuitable Occasion: Leisure<br />\nColor: Brown<br />\nScenes: Outdoor<br />\nStyle: Casual<br />\nHeel High Style: Boston Heel</p>\n', 56, 17, NULL, NULL, 0, NULL, NULL, NULL, NULL, '[\"35-40\"]', 0, '0.0000', NULL, 1, '2020-12-01 06:54:13', '2020-12-01 06:54:13', '2020-12-01 06:54:13', NULL),
(164, 'LFABH12', 'Ladies Fashionable  Elastic boston heel', NULL, '1015.0000', 1, 10, '/images/4702f255-08c4-4b35-a2e7-5f246e7a9467.jpg', NULL, 83, 88, '7.0000', 28, '<div style=\"display: none;\">&nbsp;</div>\n\n<p>Gender: Women, Girl<br />\nMaterial: Artificial Leather<br />\nSuitable Occasion: Leisure<br />\nColor: Black<br />\nScenes: Outdoor<br />\nStyle: Casual<br />\nHeel High Style: Boston Heel</p>\n', 56, 17, NULL, NULL, 0, NULL, NULL, NULL, NULL, '[\"35-40\"]', 0, '0.0000', NULL, 1, '2020-12-01 06:58:01', '2020-12-01 06:58:01', '2020-12-01 06:58:01', NULL),
(165, 'LFABH12', 'Ladies Fashionable  Elastic boston heel', NULL, '1015.0000', 1, 10, '/images/cd1d1b4a-f5bd-4a28-a842-f615fc26647a.jpg', NULL, 83, 88, '7.0000', 28, '<div style=\"display: none;\">&nbsp;</div>\n\n<p>Gender: Women, Girl<br />\nMaterial: Artificial Leather<br />\nSuitable Occasion: Leisure<br />\nColor: Black<br />\nScenes: Outdoor<br />\nStyle: Casual<br />\nHeel High Style: Boston Heel</p>\n', 56, 17, NULL, NULL, 0, NULL, NULL, NULL, NULL, '[\"35-40\"]', 0, '0.0000', NULL, 1, '2020-12-01 06:58:01', '2020-12-01 06:58:01', '2020-12-01 06:58:28', '2020-12-01 06:58:28'),
(166, 'LFABH13', 'Ladies Fashionable  Elastic boston heel', NULL, '1015.0000', 1, 10, '/images/227fd7a1-2dd7-4f9d-acca-1f96de0d6439.jpg', NULL, 83, 88, '7.0000', 28, '<div style=\"display: none;\">&nbsp;</div>\n\n<p>Gender: Women, Girl<br />\nMaterial: Artificial Leather<br />\nSuitable Occasion: Leisure<br />\nColor: Dark Blue<br />\nScenes: Outdoor<br />\nStyle: Casual<br />\nHeel High Style: Boston Heel</p>\n', 56, 17, NULL, NULL, 0, NULL, NULL, NULL, NULL, '[\"35-40\"]', 0, '0.0000', NULL, 1, '2020-12-01 07:01:10', '2020-12-01 07:01:09', '2020-12-01 07:01:10', NULL),
(167, 'LFABH13', 'Ladies Fashionable  Elastic boston heel', NULL, '1015.0000', 1, 10, '/images/25e890b5-2970-4f38-aa8b-6aca3f837031.jpg', NULL, 83, 88, '7.0000', 28, '<div style=\"display: none;\">&nbsp;</div>\n\n<p>Gender: Women, Girl<br />\nMaterial: Artificial Leather<br />\nSuitable Occasion: Leisure<br />\nColor: Dark Blue<br />\nScenes: Outdoor<br />\nStyle: Casual<br />\nHeel High Style: Boston Heel</p>\n', 56, 17, NULL, NULL, 0, NULL, NULL, NULL, NULL, '[\"35-40\"]', 0, '0.0000', NULL, 1, '2020-12-01 07:01:10', '2020-12-01 07:01:09', '2020-12-01 07:01:32', '2020-12-01 07:01:32'),
(168, 'LFABH14', 'Ladies Fashionable  Elastic boston heel', NULL, '1015.0000', 1, 10, '/images/65dc6417-47e1-4686-a4bf-5cd7ff48de71.jpg', NULL, 83, 88, '7.0000', 28, '<div style=\"display: none;\">&nbsp;</div>\n\n<p>Gender: Women, Girl<br />\nMaterial: Artificial Leather<br />\nSuitable Occasion: Leisure<br />\nColor: Cream Color<br />\nScenes: Outdoor<br />\nStyle: Casual<br />\nHeel High Style: Boston Heel</p>\n', 56, 17, NULL, NULL, 0, NULL, NULL, NULL, NULL, '[\"35-40\"]', 0, '0.0000', NULL, 1, '2020-12-01 07:18:10', '2020-12-01 07:18:10', '2020-12-01 07:18:10', NULL),
(169, 'LFABH15', 'Ladies Fashionable  Elastic boston heel', NULL, '1015.0000', 1, 10, '/images/31ffe681-d6f6-4256-b080-62b13865528f.jpg', NULL, 83, 88, '7.0000', 28, '<div style=\"display: none;\">&nbsp;</div>\n\n<p>Gender: Women, Girl<br />\nMaterial: Artificial Leather<br />\nSuitable Occasion: Leisure<br />\nColor: Maroon<br />\nScenes: Outdoor<br />\nStyle: Casual<br />\nHeel High Style: Boston Heel</p>\n', 56, 17, NULL, NULL, 0, NULL, NULL, NULL, NULL, '[\"35-40\"]', 0, '0.0000', NULL, 1, '2020-12-01 07:21:07', '2020-12-01 07:21:07', '2020-12-01 07:21:07', NULL),
(170, 'LFABH16', 'Ladies Fashionable  Elastic boston heel', NULL, '1015.0000', 1, 10, '/images/5e55c7b1-564b-4988-8ceb-e6d04679c784.jpg', NULL, 83, 88, '7.0000', 28, '<div style=\"display: none;\">&nbsp;</div>\n\n<p>Gender: Women, Girl<br />\nMaterial: Artificial Leather<br />\nSuitable Occasion: Leisure<br />\nColor: Dark Blue<br />\nScenes: Outdoor<br />\nStyle: Casual<br />\nHeel High Style: Boston Heel</p>\n', 56, 17, NULL, NULL, 0, NULL, NULL, NULL, NULL, '[\"35-40\"]', 0, '0.0000', NULL, 1, '2020-12-01 07:22:28', '2020-12-01 07:22:28', '2020-12-01 07:22:28', NULL),
(171, 'LFABH17', 'Ladies Fashionable  Elastic boston heel', NULL, '1015.0000', 1, 10, '/images/4ff79616-2c06-4abf-b896-021dd7e825a9.jpg', NULL, 83, 88, '7.0000', 28, '<div style=\"display: none;\">&nbsp;</div>\n\n<p>Gender: Women, Girl<br />\nMaterial: Artificial Leather<br />\nSuitable Occasion: Leisure<br />\nColor: Black<br />\nScenes: Outdoor<br />\nStyle: Casual<br />\nHeel High Style: Boston Heel</p>\n', 56, 17, NULL, NULL, 0, NULL, NULL, NULL, NULL, '[\"35-40\"]', 0, '0.0000', NULL, 1, '2020-12-01 08:15:53', '2020-12-01 08:15:53', '2020-12-01 08:15:53', NULL),
(172, 'LFABH18', 'Ladies Fashionable  Elastic boston heel', NULL, '1015.0000', 1, 10, '/images/2697f8af-238b-44f5-b37c-322bec40ef0b.jpg', NULL, 83, 88, '7.0000', 28, '<div style=\"display: none;\">&nbsp;</div>\n\n<p>Gender: Women, Girl<br />\nMaterial: Artificial Leather<br />\nSuitable Occasion: Leisure<br />\nColor: Maroon<br />\nScenes: Outdoor<br />\nStyle: Casual<br />\nHeel High Style: Boston Heel</p>\n', 56, 17, NULL, NULL, 0, NULL, NULL, NULL, NULL, '[\"35-40\"]', 0, '0.0000', NULL, 1, '2020-12-01 08:17:08', '2020-12-01 08:17:08', '2020-12-01 08:17:08', NULL),
(173, 'LFABH19', 'Ladies Fashionable  Elastic boston heel', NULL, '1015.0000', 1, 10, '/images/10f18057-88a9-4ce8-93be-c8f1dbcc3814.jpg', NULL, 83, 88, '7.0000', 28, '<div style=\"display: none;\">&nbsp;</div>\n\n<p>Gender: Women, Girl<br />\nMaterial: Artificial Leather<br />\nSuitable Occasion: Leisure<br />\nColor: Silver<br />\nScenes: Outdoor<br />\nStyle: Casual<br />\nHeel High Style: Boston Heel</p>\n', 56, 17, NULL, NULL, 0, NULL, NULL, NULL, NULL, '[\"35-40\"]', 0, '0.0000', NULL, 1, '2020-12-01 08:18:34', '2020-12-01 08:18:34', '2020-12-01 08:18:34', NULL),
(174, 'LFABH20', 'Ladies Fashionable  Elastic boston heel', NULL, '1015.0000', 1, 10, '/images/0bac2a6a-692f-4d92-9e8f-1ccfb980b6d2.jpg', NULL, 83, 88, '7.0000', 28, '<div style=\"display: none;\">&nbsp;</div>\n\n<p>Gender: Women, Girl<br />\nMaterial: Artificial Leather<br />\nSuitable Occasion: Leisure<br />\nColor: Brown<br />\nScenes: Outdoor<br />\nStyle: Casual<br />\nHeel High Style: Boston Heel</p>\n', 56, 17, NULL, NULL, 0, NULL, NULL, NULL, NULL, '[\"35-40\"]', 0, '0.0000', NULL, 1, '2020-12-01 08:19:50', '2020-12-01 08:19:50', '2020-12-01 08:19:50', NULL),
(175, 'LFABH21', 'Ladies Fashionable  Elastic boston heel', NULL, '1015.0000', 1, 10, '/images/58ebc652-68ff-4867-88c6-d76af928e109.jpg', NULL, 83, 88, '7.0000', 28, '<div style=\"display: none;\">&nbsp;</div>\n\n<p>Gender: Women, Girl<br />\nMaterial: Artificial Leather<br />\nSuitable Occasion: Leisure<br />\nColor: Cream Color<br />\nScenes: Outdoor<br />\nStyle: Casual<br />\nHeel High Style: Boston Heel</p>\n', 56, 17, NULL, NULL, 0, NULL, NULL, NULL, NULL, '[\"35-40\"]', 0, '0.0000', NULL, 1, '2020-12-01 08:21:03', '2020-12-01 08:21:03', '2020-12-01 08:21:03', NULL),
(176, 'LEBHWM01', 'Hoodie & Sweatshirt Men\'s', NULL, '894.0000', 1, 10, '/images/43b3e941-360f-4913-bf67-ea9b62f0bfb9.jpg', NULL, 84, 159, '7.0000', 23, '<p>&quot;Quality : 100% Export Quality<br />\nFabrics : China Cotton&nbsp;<br />\nFit type : Regular<br />\nSleeve : Full sleeves<br />\ncolor: Red &amp; Maroon<br />\nHigh quality material,comfortable and soft<br />\nSize Description :<br />\nM: Length:27.5, Chest:42<br />\nL: Length: 28.5, Chest: 44<br />\nXL: Length:29.5, Chest: 44<br />\nXXL:Length:30.5, Chest: 44&quot;<br />\n&nbsp;</p>\n', 56, 17, NULL, NULL, 0, NULL, NULL, NULL, NULL, '[\"M, L, XL, XXl\"]', 0, '0.0000', NULL, 2, '2020-12-01 09:12:18', '2020-12-01 09:12:18', '2020-12-01 10:37:40', '2020-12-01 10:37:40'),
(177, 'LEBHWM01', 'Hoodie & Sweatshirt Men\'s', NULL, '894.0000', 1, 10, '/images/6041d1bf-1e1e-4946-b1a7-cc6169e97dd7.jpg', NULL, 84, 159, '7.0000', 28, '<p>&quot;Quality : 100% Export Quality<br />\nFabrics : China Cotton&nbsp;<br />\nFit type : Regular<br />\nSleeve : Full sleeves<br />\ncolor: Red &amp; Maroon<br />\nHigh quality material,comfortable and soft<br />\nSize Description :<br />\nM: Length:27.5, Chest:42<br />\nL: Length: 28.5, Chest: 44<br />\nXL: Length:29.5, Chest: 44<br />\nXXL:Length:30.5, Chest: 44&quot;<br />\n&nbsp;</p>\n', 56, 17, NULL, NULL, 0, NULL, NULL, NULL, NULL, '[\"M, L, XL, XXl\"]', 0, '0.0000', NULL, 2, '2020-12-01 09:16:30', '2020-12-01 09:16:30', '2020-12-02 04:50:36', '2020-12-02 04:50:36'),
(178, '34d', 'Fre', NULL, '12.0000', 1, 10, '/images/1e785bf9-1e4f-4774-946b-0716e7b1bc3b.jpg', NULL, 84, 97, '1.0000', 28, '<p>testing</p>\n', 56, 17, NULL, NULL, 0, NULL, NULL, NULL, NULL, 'undefined', 0, '0.0000', NULL, 1, '2020-12-01 12:04:43', '2020-12-01 12:04:43', '2020-12-01 12:06:20', '2020-12-01 12:06:20'),
(179, '34d', 'Fre', NULL, '12.0000', 1, 10, '/images/5252937a-f966-4ff3-9940-39fe7a8c4831.jpg', NULL, 83, 88, '1.0000', 28, '<p>testing</p>\n', 56, 17, NULL, NULL, 0, NULL, NULL, NULL, NULL, 'undefined', 0, '0.0000', NULL, 1, '2020-12-01 12:05:10', '2020-12-01 12:05:10', '2020-12-01 12:06:22', '2020-12-01 12:06:22'),
(180, '34d', 'Fre', NULL, '12.0000', 1, 10, '/images/a099b53d-21c8-4e58-b1f6-d3f01ef6e0d1.jpg', NULL, 83, 88, '1.0000', 28, '<p>testing</p>\n', 56, 17, NULL, NULL, 0, NULL, NULL, NULL, NULL, 'undefined', 0, '0.0000', NULL, 1, '2020-12-01 12:05:28', '2020-12-01 12:05:28', '2020-12-01 12:06:24', '2020-12-01 12:06:24'),
(181, '34d', 'Fre', NULL, '12.0000', 1, 10, '/images/8f01907b-230f-4acb-bd98-356ad512a0ef.jpg', NULL, 83, 88, '1.0000', 28, '<p>testing</p>\n', 56, 17, NULL, NULL, 0, NULL, NULL, NULL, NULL, 'undefined', 0, '0.0000', NULL, 1, '2020-12-01 12:05:28', '2020-12-01 12:05:28', '2020-12-01 12:06:30', '2020-12-01 12:06:30'),
(182, '34d', 'Fre', NULL, '12.0000', 1, 10, '/images/6834525c-eefd-4645-810e-2f4a2f5ce3bc.jpg', NULL, 83, 88, '1.0000', 28, '<p>testing</p>\n', 56, 17, NULL, NULL, 0, NULL, NULL, NULL, NULL, 'undefined', 0, '0.0000', NULL, 1, '2020-12-01 12:05:28', '2020-12-01 12:05:28', '2020-12-01 12:06:27', '2020-12-01 12:06:27'),
(183, '34d', 'Fre', NULL, '12.0000', 1, 10, '/images/9d68179f-e0eb-431b-932c-c101a68c856e.jpg', NULL, 83, 88, '1.0000', 28, '<p>testing</p>\n', 56, 17, NULL, NULL, 0, NULL, NULL, NULL, NULL, 'undefined', 0, '0.0000', NULL, 1, '2020-12-01 12:05:28', '2020-12-01 12:05:28', '2020-12-01 12:06:35', '2020-12-01 12:06:35'),
(184, '34d', 'Fre', NULL, '12.0000', 1, 10, '/images/c9bef1ba-5b11-4d24-86be-f9646e2f7ed6.jpg', NULL, 83, 88, '1.0000', 28, '<p>testing</p>\n', 56, 17, NULL, NULL, 0, NULL, NULL, NULL, NULL, 'undefined', 0, '0.0000', NULL, 1, '2020-12-01 12:05:28', '2020-12-01 12:05:28', '2020-12-01 12:06:37', '2020-12-01 12:06:37'),
(185, 'LEBHWM08', 'Hoodie & Sweatshirt Men\'s', NULL, '894.0000', 0, 0, '/images/1e7fd2cb-6002-47bd-9b9e-81b2c1495f8a.jpg', NULL, 84, 159, '7.0000', 23, '<p><strong>Quality : 100% Export Quality<br />\nFabrics : China Cotton<br />\nFit type : Regular<br />\nSleeve : Full sleeves<br />\nHigh quality material,comfortable and soft<br />\nSize Description :<br />\nM: Length:27.5, Chest:42<br />\nL: Length: 28.5, Chest: 44<br />\nXL: Length:29.5, Chest: 44<br />\nXXL:Length:30.5, Chest: 44</strong></p>\n', 56, 17, NULL, NULL, 0, NULL, NULL, NULL, NULL, 'undefined', 1, '0.0000', NULL, 2, '2020-12-02 04:07:41', '2020-12-02 04:07:41', '2020-12-02 04:07:41', NULL),
(186, 'LEBHWM09', 'Hoodie & Sweatshirt Men\'s', NULL, '894.0000', 0, 0, '/images/142cf87b-d05a-4e20-a3a2-8137d73670e7.jpg', NULL, 84, 159, '7.0000', 23, '<p><strong>Quality : 100% Export Quality<br />\nFabrics : China Cotton<br />\nFit type : Regular<br />\nSleeve : Full sleeves<br />\nHigh quality material,comfortable and soft<br />\nSize Description :<br />\nM: Length:27.5, Chest:42<br />\nL: Length: 28.5, Chest: 44<br />\nXL: Length:29.5, Chest: 44<br />\nXXL:Length:30.5, Chest: 44</strong></p>\n', 56, 17, NULL, NULL, 0, NULL, NULL, NULL, NULL, 'undefined', 1, '0.0000', NULL, 2, '2020-12-02 04:56:57', '2020-12-02 04:56:57', '2020-12-06 04:25:54', '2020-12-06 04:25:54'),
(187, 'LEBHWM09', 'Hoodie & Sweatshirt Men\'s', NULL, '894.0000', 0, 0, '/images/99183679-a1d4-4778-9315-20cb96a29d15.jpg', NULL, 84, 159, '7.0000', 23, '<p><strong>Quality : 100% Export Quality<br />\nFabrics : China Cotton<br />\nFit type : Regular<br />\nSleeve : Full sleeves<br />\nHigh quality material,comfortable and soft<br />\nSize Description :<br />\nM: Length:27.5, Chest:42<br />\nL: Length: 28.5, Chest: 44<br />\nXL: Length:29.5, Chest: 44<br />\nXXL:Length:30.5, Chest: 44</strong></p>\n', 56, 17, NULL, NULL, 0, NULL, NULL, NULL, NULL, 'undefined', 1, '0.0000', NULL, 2, '2020-12-02 04:57:02', '2020-12-02 04:57:02', '2020-12-02 04:57:02', NULL),
(188, 'LEBHWM10', 'Hoodie & Sweatshirt Men\'s', NULL, '894.0000', 0, 0, '/images/d7cc04b2-daf3-49a8-8a85-cef9e4ecaf92.jpg', NULL, 84, 159, '7.0000', 23, '<p><strong>Quality : 100% Export Quality<br />\nFabrics : China Cotton<br />\nFit type : Regular<br />\nSleeve : Full sleeves<br />\nHigh quality material,comfortable and soft<br />\nSize Description :<br />\nM: Length:27.5, Chest:42<br />\nL: Length: 28.5, Chest: 44<br />\nXL: Length:29.5, Chest: 44<br />\nXXL:Length:30.5, Chest: 44</strong></p>\n', 56, 17, NULL, NULL, 0, NULL, NULL, NULL, NULL, 'undefined', 1, '0.0000', NULL, 2, '2020-12-02 11:16:30', '2020-12-02 11:16:30', '2020-12-02 11:16:30', NULL),
(189, 'LEBHWM11', 'Hoodie & Sweatshirt Men\'s', NULL, '894.0000', 1, 10, '/images/c8eabfb5-ff0d-431d-a8d5-7ebf0a6787ec.jpg', NULL, 84, 159, '7.0000', 23, '<p><strong>Quality : 100% Export Quality<br />\nFabrics : China Cotton<br />\nFit type : Regular<br />\nSleeve : Full sleeves<br />\nHigh quality material,comfortable and soft<br />\nSize Description :<br />\nM: Length:27.5, Chest:42<br />\nL: Length: 28.5, Chest: 44<br />\nXL: Length:29.5, Chest: 44<br />\nXXL:Length:30.5, Chest: 44</strong></p>\n', 56, 17, NULL, NULL, 0, NULL, NULL, NULL, NULL, 'undefined', 1, '0.0000', NULL, 1, '2020-12-02 11:19:08', '2020-12-02 11:19:08', '2020-12-06 04:31:42', '2020-12-06 04:31:42'),
(190, 'LEBHWM07', 'Hoodie & Sweatshirt Men\'s', NULL, '894.0000', 1, 10, '/images/e60f64a2-cdb6-4477-b50a-92185f845bb3.jpg', NULL, 84, 159, '7.0000', 23, '<p><strong>Quality : 100% Export Quality<br />\nFabrics : China Cotton<br />\nFit type : Regular<br />\nSleeve : Full sleeves<br />\nHigh quality material,comfortable and soft<br />\nSize Description :<br />\nM: Length:27.5, Chest:42<br />\nL: Length: 28.5, Chest: 44<br />\nXL: Length:29.5, Chest: 44<br />\nXXL:Length:30.5, Chest: 44</strong></p>\n', 56, 17, NULL, NULL, 0, NULL, NULL, NULL, NULL, 'undefined', 1, '0.0000', NULL, 1, '2020-12-06 04:31:10', '2020-12-06 04:31:10', '2020-12-06 04:31:45', '2020-12-06 04:31:45'),
(191, 'LEBHWM07', 'Hoodie & Sweatshirt Men\'s', NULL, '894.0000', 1, 10, '/images/3d0414af-cbaf-4e75-a194-2d82816ee87b.jpg', NULL, 84, 159, '7.0000', 23, '<p><strong>Quality : 100% Export Quality<br />\nFabrics : China Cotton<br />\nFit type : Regular<br />\nSleeve : Full sleeves<br />\nHigh quality material,comfortable and soft<br />\nSize Description :<br />\nM: Length:27.5, Chest:42<br />\nL: Length: 28.5, Chest: 44<br />\nXL: Length:29.5, Chest: 44<br />\nXXL:Length:30.5, Chest: 44</strong></p>\n', 56, 17, NULL, NULL, 0, NULL, NULL, NULL, NULL, 'undefined', 1, '0.0000', NULL, 1, '2020-12-06 04:31:16', '2020-12-06 04:31:16', '2020-12-06 04:32:03', '2020-12-06 04:32:03'),
(192, 'LEBHWM07', 'Hoodie & Sweatshirt Men\'s', NULL, '894.0000', 0, 0, '/images/54091507-13ab-4885-b802-45e33da9c1c0.jpg', NULL, 84, 159, '7.0000', 23, '<p>Quality : 100% Export Quality<br />\nFabrics : China Cotton<br />\nFit type : Regular<br />\nSleeve : Full sleeves<br />\nHigh quality material,comfortable and soft<br />\nSize Description :<br />\nM: Length:27.5, Chest:42<br />\nL: Length: 28.5, Chest: 44<br />\nXL: Length:29.5, Chest: 44<br />\nXXL:Length:30.5, Chest: 44</p>\n', 56, 17, NULL, NULL, 0, NULL, NULL, NULL, NULL, 'undefined', 1, '0.0000', NULL, 2, '2020-12-06 04:43:37', '2020-12-06 04:43:37', '2020-12-06 04:44:28', '2020-12-06 04:44:28'),
(193, 'LEBHWM07', 'Hoodie & Sweatshirt Men\'s', NULL, '894.0000', 0, 0, '/images/08e9498d-98dc-4da6-9387-6f073e6f403e.jpg', NULL, 84, 159, '7.0000', 23, '<p>Quality : 100% Export Quality<br />\nFabrics : China Cotton<br />\nFit type : Regular<br />\nSleeve : Full sleeves<br />\nHigh quality material,comfortable and soft<br />\nSize Description :<br />\nM: Length:27.5, Chest:42<br />\nL: Length: 28.5, Chest: 44<br />\nXL: Length:29.5, Chest: 44<br />\nXXL:Length:30.5, Chest: 44</p>\n', 56, 17, NULL, NULL, 0, NULL, NULL, NULL, NULL, 'undefined', 1, '0.0000', NULL, 2, '2020-12-06 04:43:42', '2020-12-06 04:43:42', '2020-12-06 04:43:42', NULL),
(194, 'LEBHWM11', 'Hoodie & Sweatshirt Men\'s', NULL, '894.0000', 1, 0, '/images/5c5946d7-a981-40da-b655-ac33f2bb91c4.jpg', NULL, 84, 159, '7.0000', 23, '<p>Quality : 100% Export Quality<br />\nFabrics : China Cotton<br />\nFit type : Regular<br />\nSleeve : Full sleeves<br />\nHigh quality material,comfortable and soft<br />\nSize Description :<br />\nM: Length:27.5, Chest:42<br />\nL: Length: 28.5, Chest: 44<br />\nXL: Length:29.5, Chest: 44<br />\nXXL:Length:30.5, Chest: 44</p>\n', 56, 17, NULL, NULL, 0, NULL, NULL, NULL, NULL, 'undefined', 1, '0.0000', NULL, 2, '2020-12-06 05:04:36', '2020-12-06 05:04:36', '2020-12-06 06:56:52', NULL),
(195, 'LEBHWM12', 'Hoodie & Sweatshirt Men\'s', NULL, '894.0000', 0, 0, '/images/efb8cd33-ae65-4556-ac6b-4bc5f32d00f8.jpg', NULL, 84, 159, '7.0000', 23, '<p>Quality : 100% Export Quality<br />\nFabrics : China Cotton<br />\nFit type : Regular<br />\nSleeve : Full sleeves<br />\nHigh quality material,comfortable and soft<br />\nSize Description :<br />\nM: Length:27.5, Chest:42<br />\nL: Length: 28.5, Chest: 44<br />\nXL: Length:29.5, Chest: 44<br />\nXXL:Length:30.5, Chest: 44</p>\n', 56, 17, NULL, NULL, 0, NULL, NULL, NULL, NULL, 'undefined', 1, '0.0000', NULL, 2, '2020-12-06 06:33:10', '2020-12-06 06:33:10', '2020-12-06 06:33:10', NULL),
(196, 'LEBHWM13', 'Hoodie & Sweatshirt Men\'s', NULL, '894.0000', 0, 0, '/images/5ec7a197-1d90-4b97-97f0-a0bdabfb0b9d.jpg', NULL, 84, 159, '7.0000', 23, '<p>Quality : 100% Export Quality<br />\nFabrics : China Cotton<br />\nFit type : Regular<br />\nSleeve : Full sleeves<br />\nHigh quality material,comfortable and soft<br />\nSize Description :<br />\nM: Length:27.5, Chest:42<br />\nL: Length: 28.5, Chest: 44<br />\nXL: Length:29.5, Chest: 44<br />\nXXL:Length:30.5, Chest: 44</p>\n', 56, 17, NULL, NULL, 0, NULL, NULL, NULL, NULL, 'undefined', 1, '0.0000', NULL, 2, '2020-12-06 06:39:16', '2020-12-06 06:39:16', '2020-12-06 06:59:06', '2020-12-06 06:59:06'),
(197, 'LEBHWM13', 'Hoodie & Sweatshirt Men\'s', NULL, '894.0000', 1, 0, '/images/49d2dbf6-7dbe-4ac3-9d1e-2f4417e7c69f.jpg', NULL, 84, 159, '7.0000', 23, '<p>Quality : 100% Export Quality<br />\nFabrics : China Cotton<br />\nFit type : Regular<br />\nSleeve : Full sleeves<br />\nHigh quality material,comfortable and soft<br />\nSize Description :<br />\nM: Length:27.5, Chest:42<br />\nL: Length: 28.5, Chest: 44<br />\nXL: Length:29.5, Chest: 44<br />\nXXL:Length:30.5, Chest: 44</p>\n', 56, 17, NULL, NULL, 0, NULL, NULL, NULL, NULL, 'undefined', 1, '0.0000', NULL, 2, '2020-12-06 06:58:26', '2020-12-06 06:58:26', '2020-12-06 06:58:26', NULL),
(198, 'LEBHWM14', 'Hoodie & Sweatshirt Men\'s', NULL, '894.0000', 0, 0, '/images/34e1c8d5-a215-4bf7-94ce-5e9417c4e302.jpg', NULL, 84, 159, '7.0000', 23, '<p>Quality : 100% Export Quality<br />\nFabrics : China Cotton<br />\nFit type : Regular<br />\nSleeve : Full sleeves<br />\nHigh quality material,comfortable and soft<br />\nSize Description :<br />\nM: Length:27.5, Chest:42<br />\nL: Length: 28.5, Chest: 44<br />\nXL: Length:29.5, Chest: 44<br />\nXXL:Length:30.5, Chest: 44</p>\n', 56, 17, NULL, NULL, 0, NULL, NULL, NULL, NULL, 'undefined', 1, '0.0000', NULL, 2, '2020-12-06 07:11:33', '2020-12-06 07:11:33', '2020-12-06 07:11:33', NULL);
INSERT INTO `products` (`id`, `code`, `name`, `cost`, `price`, `min_unit`, `alert_quantity`, `image`, `rating`, `category_id`, `subcategory_id`, `quantity`, `warehouse_id`, `product_details`, `type_id`, `brand_id`, `craftsman_id`, `craftsman_price`, `promotion`, `promo_price`, `start_date`, `end_date`, `sale_unit`, `tag`, `featured`, `weight`, `produce_time`, `status`, `last_order_completed_date`, `created_at`, `updated_at`, `deleted_at`) VALUES
(199, 'LEBHWM15', 'Hoodie & Sweatshirt Men\'s', NULL, '894.0000', 1, 0, '/images/efe84bf6-02d2-491e-b3b7-fe4512e4d2ba.jpg', NULL, 84, 159, '7.0000', 23, '<p>Quality : 100% Export Quality<br />\nFabrics : China Cotton<br />\nFit type : Regular<br />\nSleeve : Full sleeves<br />\nHigh quality material,comfortable and soft<br />\nSize Description :<br />\nM: Length:27.5, Chest:42<br />\nL: Length: 28.5, Chest: 44<br />\nXL: Length:29.5, Chest: 44<br />\nXXL:Length:30.5, Chest: 44</p>\n', 56, 17, NULL, NULL, 0, NULL, NULL, NULL, NULL, 'undefined', 1, '0.0000', NULL, 2, '2020-12-06 07:37:27', '2020-12-06 07:37:27', '2020-12-06 07:37:27', NULL),
(200, 'LEBHWM16', 'Hoodie & Sweatshirt Men\'s', NULL, '894.0000', 1, 0, '/images/71ace6e0-f995-4c1b-a296-123958d7a4cd.jpg', NULL, 84, 159, '7.0000', 23, '<p>Quality : 100% Export Quality<br />\nFabrics : China Cotton<br />\nFit type : Regular<br />\nSleeve : Full sleeves<br />\nHigh quality material,comfortable and soft<br />\nSize Description :<br />\nM: Length:27.5, Chest:42<br />\nL: Length: 28.5, Chest: 44<br />\nXL: Length:29.5, Chest: 44<br />\nXXL:Length:30.5, Chest: 44</p>\n', 56, 17, NULL, NULL, 0, NULL, NULL, NULL, NULL, 'undefined', 1, '0.0000', NULL, 2, '2020-12-06 07:57:48', '2020-12-06 07:57:48', '2020-12-06 07:57:48', NULL),
(201, 'LEBHWM17', 'Hoodie & Sweatshirt Men\'s', NULL, '894.0000', 1, 0, '/images/ef74ca44-bbd3-41a0-8c1e-512a4e50f73c.jpg', NULL, 84, 159, '7.0000', 23, '<p>Quality : 100% Export Quality<br />\nQuality : 100% Export Quality<br />\nFabrics : China Cotton<br />\nFit type : Regular<br />\nSleeve : Full sleeves<br />\nHigh quality material,comfortable and soft<br />\nSize Description :<br />\nM: Length:27.5, Chest:42<br />\nL: Length: 28.5, Chest: 44<br />\nXL: Length:29.5, Chest: 44<br />\nXXL:Length:30.5, Chest: 44</p>\n', 56, 17, NULL, NULL, 0, NULL, NULL, NULL, NULL, 'undefined', 1, '0.0000', NULL, 2, '2020-12-06 08:05:10', '2020-12-06 08:05:10', '2020-12-06 08:05:10', NULL),
(202, 'LEBHWM18', 'Hoodie & Sweatshirt Men\'s', NULL, '894.0000', 1, 0, '/images/6e984bb0-e53f-4b16-85d6-6b3c19b12fab.jpg', NULL, 84, 159, '7.0000', 23, '<p>Quality : 100% Export Quality<br />\nFabrics : China Cotton<br />\nFit type : Regular<br />\nSleeve : Full sleeves<br />\nHigh quality material,comfortable and soft<br />\nSize Description :<br />\nM: Length:27.5, Chest:42<br />\nL: Length: 28.5, Chest: 44<br />\nXL: Length:29.5, Chest: 44<br />\nXXL:Length:30.5, Chest: 44</p>\n', 56, 17, NULL, NULL, 0, NULL, NULL, NULL, NULL, 'undefined', 1, '0.0000', NULL, 2, '2020-12-06 08:58:06', '2020-12-06 08:58:06', '2020-12-06 08:58:06', NULL),
(203, 'LEBHWM19', 'Hoodie & Sweatshirt Men\'s', NULL, '894.0000', 1, 0, '/images/9ef03867-b853-41ce-a9d5-932eef0df874.jpg', NULL, 84, 159, '7.0000', 23, '<p>Quality : 100% Export Quality<br />\nFabrics : China Cotton<br />\nFit type : Regular<br />\nSleeve : Full sleeves<br />\nHigh quality material,comfortable and soft<br />\nSize Description :<br />\nM: Length:27.5, Chest:42<br />\nL: Length: 28.5, Chest: 44<br />\nXL: Length:29.5, Chest: 44<br />\nXXL:Length:30.5, Chest: 44</p>\n', 56, 17, NULL, NULL, 0, NULL, NULL, NULL, NULL, 'undefined', 1, '0.0000', NULL, 2, '2020-12-06 09:02:13', '2020-12-06 09:02:13', '2020-12-06 09:02:13', NULL),
(204, 'LEBHWM20', 'Hoodie & Sweatshirt Men\'s', NULL, '894.0000', 1, 0, '/images/910ecb23-3987-46bd-80d1-0dd04b8f2e29.jpg', NULL, 84, 159, '7.0000', 23, '<p>Quality : 100% Export Quality<br />\nFabrics : China Cotton<br />\nFit type : Regular<br />\nSleeve : Full sleeves<br />\nHigh quality material,comfortable and soft<br />\nSize Description :<br />\nM: Length:27.5, Chest:42<br />\nL: Length: 28.5, Chest: 44<br />\nXL: Length:29.5, Chest: 44<br />\nXXL:Length:30.5, Chest: 44</p>\n', 56, 17, NULL, NULL, 0, NULL, NULL, NULL, NULL, 'undefined', 1, '0.0000', NULL, 2, '2020-12-06 09:05:26', '2020-12-06 09:05:26', '2020-12-06 09:05:26', NULL),
(205, 'LEBHWM21', 'Hoodie & Sweatshirt Men\'s', NULL, '894.0000', 1, 0, '/images/57c80034-479e-47b5-b31c-197c07740e8c.jpg', NULL, 84, 159, '7.0000', 23, '<p>Quality : 100% Export Quality<br />\nFabrics : China Cotton<br />\nFit type : Regular<br />\nSleeve : Full sleeves<br />\nHigh quality material,comfortable and soft<br />\nSize Description :<br />\nM: Length:27.5, Chest:42<br />\nL: Length: 28.5, Chest: 44<br />\nXL: Length:29.5, Chest: 44<br />\nXXL:Length:30.5, Chest: 44</p>\n', 56, 17, NULL, NULL, 0, NULL, NULL, NULL, NULL, 'undefined', 1, '0.0000', NULL, 2, '2020-12-06 09:09:48', '2020-12-06 09:09:48', '2020-12-06 09:09:48', NULL),
(206, 'LEBHWM22', 'Hoodie & Sweatshirt Men\'s', NULL, '894.0000', 1, 0, '/images/c373fe0f-5070-434e-a2b2-e01ba45d1b99.jpg', NULL, 84, 159, '7.0000', 23, '<p>Quality : 100% Export Quality<br />\nFabrics : China Cotton<br />\nFit type : Regular<br />\nSleeve : Full sleeves<br />\nHigh quality material,comfortable and soft<br />\nSize Description :<br />\nM: Length:27.5, Chest:42<br />\nL: Length: 28.5, Chest: 44<br />\nXL: Length:29.5, Chest: 44<br />\nXXL:Length:30.5, Chest: 44</p>\n', 56, 17, NULL, NULL, 0, NULL, NULL, NULL, NULL, 'undefined', 1, '0.0000', NULL, 2, '2020-12-06 09:22:39', '2020-12-06 09:22:39', '2020-12-06 09:22:39', NULL),
(207, '101', 'Lehenga', NULL, '5000.0000', 1, 5, NULL, NULL, 83, 86, '20.0000', 22, '<p>Bridal Lehenga</p>\n', 56, 6, NULL, NULL, 0, NULL, NULL, NULL, NULL, '[\"Bride\",\"lehenga\"]', 0, '2.0000', NULL, 2, '2020-12-07 07:01:56', '2020-12-07 07:01:56', '2020-12-07 07:09:43', '2020-12-07 07:09:43'),
(208, '101', 'Lehenga', NULL, '5000.0000', 1, 5, '/images/c387cd4f-d5f2-4536-a338-71d5a271f202.jpg', NULL, 83, 86, '20.0000', 22, '<p>Bridal Lehenga</p>\r\n', 56, 6, NULL, NULL, 0, NULL, NULL, NULL, NULL, '[\"Bride\",\"lehenga\"]', 0, '2.0000', NULL, 2, '2020-12-07 07:01:56', '2020-12-07 07:01:56', '2020-12-08 03:28:53', NULL),
(209, '110', 'Bag pack', NULL, '1000.0000', 1, 10, '/images/d9ef04ab-3970-4dd7-9c94-35e5cfb95bb7.jpg', NULL, 83, 89, '20.0000', 22, '<p>Leather Brown Color Bag</p>\n', 56, 11, NULL, NULL, 0, NULL, NULL, NULL, NULL, '[\"Bag\"]', 0, '1.0000', NULL, 1, '2020-12-08 05:03:22', '2020-12-08 05:03:22', '2020-12-08 05:07:32', '2020-12-08 05:07:32'),
(210, '110', 'Bag pack', NULL, '1000.0000', 1, 10, '/images/43766c56-c30b-4048-8dd4-708cd09115de.jpg', NULL, 83, 89, '20.0000', 22, '<p>Leather Brown Color Bag</p>\n', 56, 11, NULL, NULL, 0, NULL, NULL, NULL, NULL, '[\"Bag\"]', 0, '1.0000', NULL, 1, '2020-12-08 05:03:35', '2020-12-08 05:03:35', '2020-12-08 05:07:34', '2020-12-08 05:07:34'),
(211, '110', 'Bag pack', NULL, '1000.0000', 1, 10, '/images/1e315e7f-c910-4d6a-be59-33871049192a.jpg', NULL, 83, 89, '20.0000', 22, '<p>Leather Brown Color Bag</p>\n', 56, 11, NULL, NULL, 0, NULL, NULL, NULL, NULL, '[\"Bag\"]', 0, '1.0000', NULL, 1, '2020-12-08 05:03:42', '2020-12-08 05:03:42', '2020-12-08 05:07:38', '2020-12-08 05:07:38'),
(212, '110', 'Bag pack', NULL, '1000.0000', 1, 10, '/images/9390af7d-1920-4c8e-b9af-a690ca069273.jpg', NULL, 83, 89, '20.0000', 22, '<p>Leather Brown Color Bag</p>\n', 56, 11, NULL, NULL, 0, NULL, NULL, NULL, NULL, '[\"Bag\"]', 0, '1.0000', NULL, 1, '2020-12-08 05:03:42', '2020-12-08 05:03:42', '2020-12-08 05:07:36', '2020-12-08 05:07:36'),
(213, '110', 'Bag pack', NULL, '1000.0000', 1, 10, '/images/cbe5c59d-1784-4c04-9bef-4de367858ea9.jpg', NULL, 83, 89, '20.0000', 22, '<p>Leather Brown Color Bag</p>\n', 56, 11, NULL, NULL, 0, NULL, NULL, NULL, NULL, '[\"Bag\"]', 0, '1.0000', NULL, 1, '2020-12-08 05:03:42', '2020-12-08 05:03:42', '2020-12-08 05:07:40', '2020-12-08 05:07:40'),
(214, '110', 'Bag pack', NULL, '1000.0000', 1, 10, '/images/21f2b718-dd82-4712-85ff-739f9da88f47.jpg', NULL, 83, 89, '20.0000', 22, '<p>Leather Brown Color Bag</p>\n', 56, 11, NULL, NULL, 0, NULL, NULL, NULL, NULL, '[\"Bag\"]', 0, '1.0000', NULL, 1, '2020-12-08 05:03:43', '2020-12-08 05:03:43', '2020-12-08 05:07:42', '2020-12-08 05:07:42'),
(215, '110', 'Bag pack', NULL, '1000.0000', 1, 10, '/images/16c5ab45-c479-45dd-a0a0-9305c52bb6dd.jpg', NULL, 83, 89, '20.0000', 22, '<p>Leather Brown Color Bag</p>\n', 56, 11, NULL, NULL, 0, NULL, NULL, NULL, NULL, '[\"Bag\"]', 0, '1.0000', NULL, 1, '2020-12-08 05:03:43', '2020-12-08 05:03:43', '2020-12-08 05:07:43', '2020-12-08 05:07:43'),
(216, '110', 'Bag pack', NULL, '1000.0000', 1, 10, '/images/d6c4f3a1-9813-4183-b85b-36d16c4524a0.jpg', NULL, 83, 89, '20.0000', 22, '<p>Leather Brown Color Bag</p>\n', 56, 11, NULL, NULL, 0, NULL, NULL, NULL, NULL, '[\"Bag\"]', 0, '1.0000', NULL, 1, '2020-12-08 05:03:50', '2020-12-08 05:03:50', '2020-12-08 05:07:45', '2020-12-08 05:07:45'),
(217, '110', 'Bag pack', NULL, '1000.0000', 1, 10, '/images/eb4e7946-f47c-4d26-8b9d-3d4f4ac334ae.jpg', NULL, 83, 89, '20.0000', 22, '<p>Leather Brown Color Bag</p>\n', 56, 11, NULL, NULL, 0, NULL, NULL, NULL, NULL, '[\"Bag\"]', 0, '1.0000', NULL, 1, '2020-12-08 05:03:50', '2020-12-08 05:03:50', '2020-12-08 05:07:47', '2020-12-08 05:07:47'),
(218, '110', 'Bag pack', NULL, '1000.0000', 1, 10, '/images/1e31696a-4cf1-4e61-ba4b-3530f74fdb8e.jpg', NULL, 83, 89, '20.0000', 22, '<p>Leather Brown Color Bag</p>\n', 56, 11, NULL, NULL, 0, NULL, NULL, NULL, NULL, '[\"Bag\"]', 0, '1.0000', NULL, 1, '2020-12-08 05:03:51', '2020-12-08 05:03:51', '2020-12-08 05:07:29', '2020-12-08 05:07:29'),
(219, '110', 'Bag pack', NULL, '1000.0000', 1, 10, '/images/f7869a60-295f-416f-bdcb-a267c3747407.jpg', NULL, 83, 89, '20.0000', 22, '<p>Leather Brown Color Bag</p>\n', 56, 11, NULL, NULL, 0, NULL, NULL, NULL, NULL, '[\"Bag\"]', 0, '1.0000', NULL, 1, '2020-12-08 05:03:51', '2020-12-08 05:03:51', '2020-12-08 05:07:50', '2020-12-08 05:07:50'),
(220, '110', 'Bag pack', NULL, '1000.0000', 1, 10, '/images/cf098917-d8b4-4a87-9278-2556c644f86d.jpg', NULL, 83, 89, '20.0000', 22, '<p>Leather Brown Color Bag</p>\n', 56, 11, NULL, NULL, 0, NULL, NULL, NULL, NULL, '[\"Bag\"]', 0, '1.0000', NULL, 1, '2020-12-08 05:03:51', '2020-12-08 05:03:51', '2020-12-08 05:07:52', '2020-12-08 05:07:52'),
(221, '110', 'Bag pack', NULL, '1000.0000', 1, 10, '/images/47964029-8e3b-488e-b306-c7df3500562c.jpg', NULL, 83, 89, '20.0000', 22, '<p>Leather Brown Color Bag</p>\n', 56, 11, NULL, NULL, 0, NULL, NULL, NULL, NULL, '[\"Bag\"]', 0, '1.0000', NULL, 1, '2020-12-08 05:04:03', '2020-12-08 05:04:03', '2020-12-08 05:07:54', '2020-12-08 05:07:54'),
(222, '110', 'Bag pack', NULL, '1000.0000', 1, 10, '/images/f4e65f81-4cd5-441d-9ff0-3e52051566a2.jpg', NULL, 83, 89, '20.0000', 22, '<p>Leather Brown Color Bag</p>\n', 56, 11, NULL, NULL, 0, NULL, NULL, NULL, NULL, '[\"Bag\"]', 0, '1.0000', NULL, 1, '2020-12-08 05:04:04', '2020-12-08 05:04:04', '2020-12-08 05:07:55', '2020-12-08 05:07:55'),
(223, '110', 'Bag pack', NULL, '1000.0000', 1, 10, '/images/d58f47a3-f65e-4edf-925c-8268910a1f93.jpg', NULL, 83, 89, '20.0000', 22, '<p>Leather Brown Color Bag</p>\n', 56, 11, NULL, NULL, 0, NULL, NULL, NULL, NULL, '[\"Bag\"]', 0, '1.0000', NULL, 1, '2020-12-08 05:04:04', '2020-12-08 05:04:04', '2020-12-08 05:07:57', '2020-12-08 05:07:57'),
(224, '110', 'Bag pack', NULL, '1000.0000', 1, 10, '/images/f6a2f4d3-f2be-4d52-bb9d-1b821bcd105e.jpg', NULL, 83, 89, '20.0000', 22, '<p>Leather Brown Color Bag</p>\n', 56, 11, NULL, NULL, 0, NULL, NULL, NULL, NULL, '[\"Bag\"]', 0, '1.0000', NULL, 1, '2020-12-08 05:04:04', '2020-12-08 05:04:04', '2020-12-08 05:07:59', '2020-12-08 05:07:59'),
(225, '110', 'Bag pack', NULL, '1000.0000', 1, 10, '/images/de9ec730-e39f-4fe6-b4af-0ce31b814438.jpg', NULL, 83, 89, '20.0000', 22, '<p>Leather Brown Color Bag</p>\n', 56, 11, NULL, NULL, 0, NULL, NULL, NULL, NULL, '[\"Bag\"]', 0, '1.0000', NULL, 1, '2020-12-08 05:04:04', '2020-12-08 05:04:04', '2020-12-08 05:08:01', '2020-12-08 05:08:01'),
(226, '110', 'Bag pack', NULL, '1000.0000', 1, 10, '/images/31fff600-eac7-4f3e-9e15-1195b86fe94c.jpg', NULL, 83, 89, '20.0000', 22, '<p>Leather Brown Color Bag</p>\n', 56, 11, NULL, NULL, 0, NULL, NULL, NULL, NULL, '[\"Bag\"]', 0, '1.0000', NULL, 1, '2020-12-08 05:04:04', '2020-12-08 05:04:04', '2020-12-08 05:08:02', '2020-12-08 05:08:02'),
(227, '110', 'Bag pack', NULL, '1000.0000', 1, 10, '/images/9f6baaca-2a74-4df6-a3c9-702969c83c7c.jpg', NULL, 83, 89, '20.0000', 22, '<p>Leather Brown Color Bag</p>\n', 56, 11, NULL, NULL, 0, NULL, NULL, NULL, NULL, '[\"Bag\"]', 0, '1.0000', NULL, 1, '2020-12-08 05:04:05', '2020-12-08 05:04:05', '2020-12-08 05:08:04', '2020-12-08 05:08:04'),
(228, '110', 'Bag pack', NULL, '1000.0000', 1, 10, '/images/e7ef90be-4bbb-4984-94ed-52cc23ee8ea0.jpg', NULL, 83, 89, '20.0000', 22, '<p>Leather Brown Color Bag</p>\n', 56, 11, NULL, NULL, 0, NULL, NULL, NULL, NULL, '[\"Bag\"]', 0, '1.0000', NULL, 1, '2020-12-08 05:04:05', '2020-12-08 05:04:05', '2020-12-08 05:08:06', '2020-12-08 05:08:06'),
(229, '110', 'Bag pack', NULL, '1000.0000', 1, 10, '/images/bc7cc3f6-2aa6-4b6a-9ca7-76e5d8c1b32f.jpg', NULL, 83, 89, '20.0000', 22, '<p>Leather Brown Color Bag</p>\n', 56, 11, NULL, NULL, 0, NULL, NULL, NULL, NULL, '[\"Bag\"]', 0, '1.0000', NULL, 1, '2020-12-08 05:04:06', '2020-12-08 05:04:06', '2020-12-08 05:06:59', '2020-12-08 05:06:59'),
(230, '110', 'Bag pack', NULL, '1000.0000', 1, 10, '/images/5405be7f-2862-4253-977f-a07d87d1688b.jpg', NULL, 83, 89, '20.0000', 22, '<p>Leather Brown Color Bag</p>\n', 56, 11, NULL, NULL, 0, NULL, NULL, NULL, NULL, '[\"Bag\"]', 0, '1.0000', NULL, 1, '2020-12-08 05:04:06', '2020-12-08 05:04:06', '2020-12-08 05:07:07', '2020-12-08 05:07:07'),
(231, '110', 'Bag pack', NULL, '1000.0000', 1, 10, '/images/264987ed-e0a6-4050-b997-fb0a48f3ada7.jpg', NULL, 83, 89, '20.0000', 22, '<p>Leather Brown Color Bag</p>\n', 56, 11, NULL, NULL, 0, NULL, NULL, NULL, NULL, '[\"Bag\"]', 0, '1.0000', NULL, 1, '2020-12-08 05:04:07', '2020-12-08 05:04:07', '2020-12-08 05:07:10', '2020-12-08 05:07:10'),
(232, '110', 'Bag pack', NULL, '1000.0000', 1, 10, '/images/6fb00125-dcc1-4d2f-b55a-6280a21b1318.jpg', NULL, 83, 89, '20.0000', 22, '<p>Leather Brown Color Bag</p>\n', 56, 11, NULL, NULL, 0, NULL, NULL, NULL, NULL, '[\"Bag\"]', 0, '1.0000', NULL, 1, '2020-12-08 05:04:07', '2020-12-08 05:04:07', '2020-12-08 05:07:13', '2020-12-08 05:07:13'),
(233, '110', 'Bag pack', NULL, '1000.0000', 1, 10, '/images/3ba5294d-4e55-46cd-93c5-3a12fb2343d3.jpg', NULL, 83, 89, '20.0000', 22, '<p>Leather Brown Color Bag</p>\n', 56, 11, NULL, NULL, 0, NULL, NULL, NULL, NULL, '[\"Bag\"]', 0, '1.0000', NULL, 1, '2020-12-08 05:04:08', '2020-12-08 05:04:08', '2020-12-08 05:07:15', '2020-12-08 05:07:15'),
(234, '110', 'Bag pack', NULL, '1000.0000', 1, 10, '/images/ea2fa30d-954a-45d5-a723-83a14272da88.jpg', NULL, 83, 89, '20.0000', 22, '<p>Leather Brown Color Bag</p>\n', 56, 11, NULL, NULL, 0, NULL, NULL, NULL, NULL, '[\"Bag\"]', 0, '1.0000', NULL, 1, '2020-12-08 05:04:08', '2020-12-08 05:04:08', '2020-12-08 05:07:17', '2020-12-08 05:07:17'),
(235, '110', 'Bag pack', NULL, '1000.0000', 1, 10, '/images/c2fb6790-7200-4b1e-b300-c752be107e0f.jpg', NULL, 83, 89, '20.0000', 22, '<p>Leather Brown Color Bag</p>\n', 56, 11, NULL, NULL, 0, NULL, NULL, NULL, NULL, '[\"Bag\"]', 0, '1.0000', NULL, 1, '2020-12-08 05:04:08', '2020-12-08 05:04:08', '2020-12-08 05:07:19', '2020-12-08 05:07:19'),
(236, '110', 'Bag pack', NULL, '1000.0000', 1, 10, '/images/f92574ff-4e4e-435d-ae5b-4cdd58fc7788.jpg', NULL, 83, 89, '20.0000', 22, '<p>Leather Brown Color Bag</p>\n', 56, 11, NULL, NULL, 0, NULL, NULL, NULL, NULL, '[\"Bag\"]', 0, '1.0000', NULL, 1, '2020-12-08 05:04:08', '2020-12-08 05:04:08', '2020-12-08 05:07:21', '2020-12-08 05:07:21'),
(237, '110', 'Bag pack', NULL, '1000.0000', 1, 10, '/images/b1b95891-722b-46b5-baa6-0ed07cf8c988.jpg', NULL, 83, 89, '20.0000', 22, '<p>Leather Brown Color Bag</p>\n', 56, 11, NULL, NULL, 0, NULL, NULL, NULL, NULL, '[\"Bag\"]', 0, '1.0000', NULL, 1, '2020-12-08 05:04:09', '2020-12-08 05:04:09', '2020-12-08 05:07:24', '2020-12-08 05:07:24'),
(238, '201', 'Bag', NULL, '1000.0000', 1, 5, NULL, NULL, 83, 89, '20.0000', 22, '<p>leather bag</p>\n', 56, 11, NULL, NULL, 0, NULL, NULL, NULL, NULL, '[\"bag\"]', 0, '1.0000', NULL, 2, '2020-12-08 05:05:52', '2020-12-08 05:05:52', '2020-12-08 05:14:02', '2020-12-08 05:14:02'),
(239, '201', 'Bag', NULL, '1000.0000', 1, 5, '/images/8c562d07-51a2-4643-915f-bb2398ff8975.jpg', NULL, 83, 89, '20.0000', 22, '<p>leather bag</p>\n', 56, 11, NULL, NULL, 0, NULL, NULL, NULL, NULL, '[\"bag\"]', 0, '1.0000', NULL, 2, '2020-12-08 05:05:52', '2020-12-08 05:05:52', '2020-12-08 05:05:52', NULL),
(240, '202', 'Office Bag', NULL, '1000.0000', 1, 10, '/images/4da48c17-1ce0-4495-a137-44d81980e434.jpg', NULL, 83, 89, '20.0000', 22, '<p>Big Size Leather Bag</p>\n', 56, 11, NULL, NULL, 1, '600.0000', '2020-12-07', '2020-12-30', 10, '[\"bag\"]', 0, '1.0000', NULL, 1, '2020-12-08 05:12:02', '2020-12-08 05:12:02', '2020-12-08 11:12:03', NULL),
(241, '204', 'Ladies Bag', NULL, '1300.0000', 1, 10, NULL, NULL, 83, 89, '20.0000', 22, '<p>Small Size Bag</p>\n', 56, 10, NULL, NULL, 0, NULL, NULL, NULL, NULL, '[\"bag\",\"artificial\"]', 0, '1.0000', NULL, 2, '2020-12-08 11:17:57', '2020-12-08 11:17:57', '2020-12-08 11:57:17', '2020-12-08 11:57:17'),
(242, '204', 'Ladies Bag', NULL, '1300.0000', 1, 10, '/images/3dce3f18-c048-4464-9d1b-10874fc34224.jpg', NULL, 83, 89, '20.0000', 22, '<p>Small Size Bag</p>\n', 56, 10, NULL, NULL, 0, NULL, NULL, NULL, NULL, '[\"bag\",\"artificial\"]', 0, '1.0000', NULL, 2, '2020-12-08 11:17:57', '2020-12-08 11:17:57', '2020-12-08 11:57:35', NULL),
(243, '210', 'Office Bag', NULL, '2000.0000', 1, 5, NULL, NULL, 83, 89, '20.0000', 22, '<p>Combo Offer</p>\n', 56, 11, NULL, NULL, 0, NULL, NULL, NULL, NULL, '[\"bag\"]', 0, '1.0000', NULL, 2, '2020-12-08 11:56:31', '2020-12-08 11:56:31', '2020-12-08 11:57:21', '2020-12-08 11:57:21'),
(244, '210', 'Office Bag', NULL, '2000.0000', 1, 5, '/images/de6b8e80-7845-4a48-9ea3-d4950306cd21.jpg', NULL, 83, 89, '20.0000', 22, '<p>Combo Offer</p>\n', 56, 11, NULL, NULL, 0, NULL, NULL, NULL, NULL, '[\"bag\"]', 0, '1.0000', NULL, 2, '2020-12-08 11:56:31', '2020-12-08 11:56:31', '2020-12-08 11:56:31', NULL),
(245, '215', 'Bag', NULL, '1000.0000', 1, 5, NULL, NULL, 83, 89, '10.0000', 22, '<p>3 bags</p>\n', 56, 6, NULL, NULL, 0, NULL, NULL, NULL, NULL, '[\"bag\"]', 0, '1.0000', NULL, 2, '2020-12-08 11:59:30', '2020-12-08 11:59:30', '2020-12-08 11:59:57', '2020-12-08 11:59:57'),
(246, '215', 'Bag', NULL, '1000.0000', 1, 5, '/images/2c69a64c-3e70-4095-9723-6788f09bb6fe.jpg', NULL, 83, 89, '10.0000', 22, '<p>3 bags</p>\n', 56, 6, NULL, NULL, 0, NULL, NULL, NULL, NULL, '[\"bag\"]', 0, '1.0000', NULL, 2, '2020-12-08 11:59:30', '2020-12-08 11:59:30', '2020-12-08 12:00:03', NULL),
(247, '0010', 'bag2', NULL, '1500.0000', 1, 10, NULL, NULL, 83, 89, '1.0000', 22, '<p>ads</p>\n', 56, 11, NULL, NULL, 0, NULL, NULL, NULL, NULL, '[\"bag\"]', 0, '1.0000', NULL, 2, '2020-12-09 06:30:06', '2020-12-09 06:30:06', '2020-12-09 06:49:27', '2020-12-09 06:49:27'),
(248, '0010', 'bag2', NULL, '1500.0000', 1, 10, '/images/72b2dcf7-d76d-4c60-b1c3-a90d53c83e58.jpg', NULL, 83, 89, '10.0000', 22, '<p>ads</p>\r\n', 56, 11, NULL, NULL, 0, NULL, NULL, NULL, NULL, '[\"bag\"]', 0, '1.0000', NULL, 2, '2020-12-09 06:30:06', '2020-12-09 06:30:06', '2020-12-10 05:52:16', NULL),
(249, '5454', 'Bata shoe', NULL, '1000.0000', 1, 5, NULL, NULL, 75, NULL, '10.0000', 22, '<p>new sports shoe</p>\r\n', 29, 17, NULL, NULL, 0, NULL, NULL, NULL, NULL, '[\"new\"]', 0, '1.0000', NULL, 2, '2020-12-10 05:54:22', '2020-12-10 05:54:22', '2020-12-10 05:55:16', '2020-12-10 05:55:16'),
(250, '5454', 'Bata shoe', NULL, '1000.0000', 1, 5, '/images/f9698e00-f01c-4b72-9b5b-cdc7818136fb.png', NULL, 75, NULL, '10.0000', 22, '<p>new sports shoe</p>\r\n', 29, 17, NULL, NULL, 0, NULL, NULL, NULL, NULL, '[\"new\"]', 0, '1.0000', NULL, 2, '2020-12-10 05:54:22', '2020-12-10 05:54:22', '2020-12-14 16:31:17', '2020-12-07 00:00:00'),
(251, '103', 'shoe', NULL, '1234.0000', 1, 5, '/images/91d9c1a0-63b3-44f4-b71b-2d169ac0f925.jpg', NULL, 84, 95, '20.0000', 22, '<p>Leather Shoe</p>\n', 56, 6, NULL, NULL, 0, NULL, NULL, NULL, NULL, 'undefined', 0, '1.0000', NULL, 2, '2020-12-10 11:15:25', '2020-12-10 11:15:25', '2020-12-10 11:15:25', NULL),
(252, '123', 'bag6', NULL, '111.0000', 1, 10, '/images/ac373aca-438d-4c42-9fb4-d4343bc90b88.jpg', NULL, 83, 89, '13.0000', 22, '<p>efsdh</p>\n', 56, 8, NULL, NULL, 0, NULL, NULL, NULL, NULL, '[\"dxv\"]', 0, '1.0000', NULL, 2, '2020-12-12 05:06:09', '2020-12-12 05:06:09', '2020-12-12 05:06:09', NULL),
(253, '124', 'shoe', NULL, '4000.0000', 1, 10, '/images/3598c0b7-e9a9-475a-b07b-5b239602381d.jpg', NULL, 84, 94, '200.0000', 22, '<p>brown shoe</p>\n', 56, 6, NULL, NULL, 0, NULL, NULL, NULL, NULL, '[\"shoe\"]', 0, '1.0000', NULL, 1, '2020-12-12 11:04:56', '2020-12-12 11:04:56', '2020-12-12 11:13:23', '2020-12-12 11:13:23'),
(254, 'HED123', 'headphone', NULL, '900.0000', 0, 0, '/images/17662363-d193-436a-8616-82a5ce83c27d.jpg', NULL, 62, 71, '2.0000', 23, '<p>nice product.</p>\n', 57, 17, NULL, NULL, 0, NULL, NULL, NULL, NULL, 'undefined', 1, '0.0000', NULL, 2, '2020-12-13 05:34:30', '2020-12-13 05:34:30', '2020-12-13 05:38:15', NULL),
(255, 'S-010', 'saree', NULL, '1000.0000', 1, 10, '/images/4b8248de-5c81-4565-8fae-ecaf7303ffdd.jpg', NULL, 83, 86, '20.0000', 22, '<p>simple saree</p>\n', 56, 17, NULL, NULL, 0, NULL, NULL, NULL, NULL, '[\"saree\"]', 0, '3.0000', NULL, 1, '2020-12-14 05:17:02', '2020-12-14 05:17:02', '2020-12-14 13:45:41', '2020-12-14 13:45:41'),
(256, 'S-32', 'Benarasi', NULL, '10000.0000', 1, 10, '/images/765f0e1c-7be9-4bb1-9f99-ea5f2b7a4306.jpg', NULL, 83, 86, '30.0000', 22, '<p>good</p>\n', 56, 3, NULL, NULL, 0, NULL, NULL, NULL, NULL, '[\"saree\"]', 0, '1.0000', NULL, 1, '2020-12-14 12:15:32', '2020-12-14 12:15:32', '2020-12-14 13:45:38', '2020-12-14 13:45:38'),
(257, 's-456', 'Red-Saree', NULL, '1569.0000', 1, 10, '/images/6c7ab5a7-937f-43f3-aa14-595a9b397589.jpg', NULL, 83, 86, '50.0000', 22, '<p>fgb</p>\n', 56, 6, NULL, NULL, 0, NULL, NULL, NULL, NULL, '[\"dv\"]', 0, '4.0000', NULL, 1, '2020-12-14 12:21:46', '2020-12-14 12:21:46', '2020-12-14 13:45:36', '2020-12-14 13:45:36'),
(258, '1653', 'saree1', NULL, '2000.0000', 1, 10, '/images/55cf1a41-4999-490e-a5ca-b80f227726d0.jpg', NULL, 83, 86, '20.0000', 22, '<p>fdvb</p>\n', 56, 3, NULL, NULL, 0, NULL, NULL, NULL, NULL, '[\"hjd\"]', 0, '1.0000', NULL, 1, '2020-12-14 13:32:07', '2020-12-14 13:32:07', '2020-12-14 16:29:49', '2020-12-14 16:29:49'),
(259, 's-123', 'saree', NULL, '1000.0000', 1, 10, '/images/56bbcbe6-2a57-4881-9718-33d105744ef5.jpg', NULL, 83, 86, '20.0000', 22, '<p>jndkfj</p>\n', 56, 1, NULL, NULL, 0, NULL, NULL, NULL, NULL, '[\"hs\"]', 0, '2.0000', NULL, 1, '2020-12-14 13:47:12', '2020-12-14 13:47:12', '2020-12-14 16:29:47', '2020-12-14 16:29:47'),
(260, 'f1234', 'sari', NULL, '1500.0000', 1, 10, NULL, NULL, 83, 86, '20.0000', 22, '<p>good</p>\n', 56, 10, NULL, NULL, 0, NULL, NULL, NULL, NULL, '[\"gr\"]', 0, '1.0000', NULL, 1, '2020-12-15 06:08:23', '2020-12-15 06:08:23', '2020-12-15 08:49:41', '2020-12-15 08:49:41'),
(261, '123', 'Bridal Benarasi Saree', NULL, '4904.0000', 1, 10, '/images/54b7bb77-892c-4cd3-ac81-6e0c9e76f054.jpg', NULL, 83, 86, '30.0000', 22, '<p>Luxury Kanjibaram</p>\n', 56, 6, NULL, NULL, 0, NULL, NULL, NULL, NULL, '[\"df\"]', 0, '1.0000', NULL, 1, '2020-12-15 06:09:53', '2020-12-15 06:09:53', '2020-12-15 09:57:40', NULL),
(262, '123', 'Benarashi', NULL, '6000.0000', 1, 10, '/images/696d0332-431d-4edc-8c0d-9e70bc34a48f.jpg', NULL, 83, 86, '30.0000', 22, '<p>cvx</p>\n', 56, 3, NULL, NULL, 0, NULL, NULL, NULL, NULL, '[\"dvd\"]', 0, '2.0000', NULL, 1, '2020-12-15 06:15:24', '2020-12-15 06:15:24', '2020-12-15 08:44:31', NULL),
(263, 's-23', 'Bridal shoe', NULL, '2000.0000', 1, 10, '/images/a1ff3b1f-78b2-4af3-b382-e37b2d49ff85.jpg', NULL, 83, 88, '20.0000', 22, '<p>heels</p>\n', 56, 11, NULL, NULL, 0, NULL, NULL, NULL, NULL, '[\"shoe\"]', 0, '2.0000', NULL, 1, '2020-12-15 06:50:07', '2020-12-15 06:50:07', '2020-12-15 06:57:20', NULL),
(264, '1243', 'Wedding Lavender Heel', NULL, '4000.0000', 1, 10, '/images/f3cd42d2-5d80-4ccf-8eec-3d6ce0862cff.jpg', NULL, 83, 88, '20.0000', 22, '<p>good</p>\n', 56, 6, NULL, NULL, 0, NULL, NULL, NULL, NULL, '[\"heels\"]', 0, '2.0000', NULL, 1, '2020-12-15 06:51:47', '2020-12-15 06:51:47', '2020-12-15 06:54:57', NULL),
(265, 'W-13', 'Ladies Winter Jacket', NULL, '3000.0000', 1, 10, '/images/f331d585-8572-4b19-a30c-93939ede7c53.jpg', NULL, 83, 87, '39.0000', 22, '<p>coat</p>\n', 56, 11, NULL, NULL, 0, NULL, NULL, NULL, NULL, '[\"winter\"]', 0, '3.0000', NULL, 1, '2020-12-15 07:33:15', '2020-12-15 07:33:15', '2020-12-15 07:33:50', NULL),
(266, '124', 'Bridal saree', NULL, '10000.0000', 1, 10, '/images/d8b37256-031e-48ef-9fe2-a938f6d545c5.jpg', NULL, 83, 86, '30.0000', 22, '<p>good</p>\n', 56, 3, NULL, NULL, 0, NULL, NULL, NULL, NULL, '[\"d\"]', 0, '2.0000', NULL, 1, '2020-12-15 08:40:10', '2020-12-15 08:40:10', '2020-12-15 08:43:01', NULL),
(267, 's-22', 'Leather Shoe', NULL, '1000.0000', 1, 10, '/images/df890a68-4809-4386-8907-9dbdb7c5f93a.jpg', NULL, 83, 88, '30.0000', 60, '<p>Mordern shoes</p>\n', 56, 11, NULL, NULL, 0, NULL, NULL, NULL, NULL, '[\"shoe\"]', 0, '2.0000', NULL, 1, '2020-12-15 09:54:23', '2020-12-15 09:54:23', '2020-12-15 09:55:41', NULL),
(268, '010', 'Jardoshi Work Shoe', NULL, '1000.0000', 1, 10, '/images/d3ebb02e-c63c-41fa-9046-159b7e1286e0.jpg', NULL, 83, 88, '20.0000', 22, '<p>Comfortable</p>\n', 56, 11, NULL, NULL, 0, NULL, NULL, NULL, NULL, '[\"shoe\"]', 0, '1.0000', NULL, 1, '2020-12-17 06:58:37', '2020-12-17 06:58:37', '2020-12-17 06:58:37', NULL),
(269, 'tg-45', 'Nagra Jutti Shoe', NULL, '2000.0000', 2, 30, '/images/5e28f9c7-a707-410c-9a19-b7cf708884a9.jpg', NULL, 83, 88, '20.0000', 22, '<p>good</p>\n', 56, 6, NULL, NULL, 0, NULL, NULL, NULL, NULL, '[\"bxhj\"]', 0, '1.0000', NULL, 2, '2020-12-17 07:03:38', '2020-12-17 07:03:38', '2020-12-17 07:03:38', NULL),
(270, '24e', 'product1', NULL, '100.0000', 1, 10, '/images/84627b42-fabf-430c-9a8a-d4c319504eb8.jpg', NULL, 103, 112, '20.0000', 61, '<p>good</p>\n', 27, 11, NULL, NULL, 0, NULL, NULL, NULL, NULL, '[\"fs\"]', 0, '0.0000', NULL, 1, '2020-12-22 11:29:48', '2020-12-22 11:29:48', '2020-12-22 11:29:48', NULL);

-- --------------------------------------------------------

--
-- Table structure for table `product_designs`
--

CREATE TABLE `product_designs` (
  `id` int(11) NOT NULL,
  `type_id` int(11) NOT NULL,
  `category_id` int(11) NOT NULL,
  `subcategory_id` int(11) DEFAULT NULL,
  `product_id` int(11) NOT NULL,
  `part_id` int(11) NOT NULL,
  `design_id` int(11) NOT NULL,
  `genre_id` int(11) NOT NULL,
  `design_category_id` int(11) NOT NULL,
  `design_subcategory_id` int(11) DEFAULT NULL,
  `price` decimal(25,4) NOT NULL,
  `comment` text,
  `warehouse_id` int(11) NOT NULL,
  `created_at` datetime NOT NULL,
  `updated_at` timestamp NOT NULL DEFAULT CURRENT_TIMESTAMP ON UPDATE CURRENT_TIMESTAMP,
  `deleted_at` datetime DEFAULT NULL
) ENGINE=InnoDB DEFAULT CHARSET=utf8 COMMENT='Relation Between Product, Design, Genre, Parts';

-- --------------------------------------------------------

--
-- Table structure for table `product_images`
--

CREATE TABLE `product_images` (
  `id` int(11) NOT NULL,
  `product_id` int(11) DEFAULT NULL,
  `image_path` varchar(255) NOT NULL,
  `created_at` datetime NOT NULL,
  `updated_at` timestamp NOT NULL DEFAULT CURRENT_TIMESTAMP ON UPDATE CURRENT_TIMESTAMP,
  `deleted_at` datetime DEFAULT NULL
) ENGINE=InnoDB DEFAULT CHARSET=utf8;

--
-- Dumping data for table `product_images`
--

INSERT INTO `product_images` (`id`, `product_id`, `image_path`, `created_at`, `updated_at`, `deleted_at`) VALUES
(1, 13, '/images/f7f8550d-7ecb-40bd-a8c5-1dd8389942ed.png', '2018-10-30 20:52:24', '2018-10-30 14:52:24', NULL),
(2, 21, '/images/b670e1cd-4eeb-4f8f-af1a-84d57087cc9d.jpg', '2018-10-30 21:02:23', '2018-10-30 15:02:23', NULL),
(3, 21, '/images/ab3223b4-70e0-46cd-ad3d-2577cf13edab.jpg', '2018-10-30 21:02:23', '2018-10-30 15:02:23', NULL),
(4, 21, '/images/bdd68970-8de9-4949-9eba-2374680fbc75.jpg', '2018-10-30 21:02:23', '2018-10-30 15:02:23', NULL),
(5, 21, '/images/9547710e-8789-4436-9c1c-b6fe43c487ed.png', '2018-10-30 21:02:23', '2018-10-30 15:02:23', NULL),
(6, 22, '/images/7c16697c-7e18-45a7-ac76-d41782669f27.jpg', '2018-10-30 21:05:31', '2018-10-30 15:05:31', NULL),
(7, 22, '/images/0bf713b8-44c7-4e92-9933-4e295c5b1cdf.jpg', '2018-10-30 21:05:31', '2018-10-30 15:05:31', NULL),
(8, 22, '/images/a206d114-bd5d-4e0a-88fc-fcfb0fdd240f.jpg', '2018-10-30 21:05:31', '2018-10-30 15:05:31', NULL),
(9, 22, '/images/91d6b861-435d-47e1-8825-bf1cebf19080.png', '2018-10-30 21:05:31', '2018-10-30 15:05:31', NULL),
(10, 23, '/images/e1c4f363-520b-4ab6-9620-b6e7a9f0f5bc.jpg', '2018-10-30 21:06:39', '2018-10-30 15:06:39', NULL),
(11, 23, '/images/c828909a-bdc4-463d-8dbe-c869a70b9e2c.jpg', '2018-10-30 21:06:39', '2018-10-30 15:06:39', NULL),
(12, 23, '/images/c30a5e62-0d75-428e-9d6a-9627a8848e71.png', '2018-10-30 21:06:39', '2018-10-30 15:06:39', NULL),
(13, 24, '/images/b523f128-c5fb-431c-9147-f98350f3852f.jpg', '2018-10-30 21:08:11', '2018-10-30 15:08:11', NULL),
(14, 24, '/images/06eb1446-2a0c-4d80-8d6d-41cb95d7b224.jpg', '2018-10-30 21:08:11', '2018-10-30 15:08:11', NULL),
(15, 24, '/images/850033e7-abf5-4604-a3be-262bb0216728.png', '2018-10-30 21:08:11', '2018-10-30 15:08:11', NULL),
(16, 25, '/images/ce45890f-148d-491b-8caa-86f8418f0b88.jpg', '2018-10-30 21:10:03', '2018-10-30 15:10:03', NULL),
(17, 25, '/images/5b9a150c-748a-4b07-a3ac-4d945d372cfa.jpg', '2018-10-30 21:10:03', '2018-10-30 15:10:03', NULL),
(18, 25, '/images/e1009d58-7878-46c1-a6a4-82d7cc352275.png', '2018-10-30 21:10:03', '2018-10-30 15:10:03', NULL),
(19, 26, '/images/6d67260e-f794-4d36-ab6e-0dae260ec523.jpg', '2018-10-30 21:12:27', '2018-10-30 15:16:57', '2018-10-30 21:16:57'),
(20, 26, '/images/5adf048d-5011-467d-b48f-d28de5ea7237.jpg', '2018-10-30 21:12:27', '2018-10-30 15:12:27', NULL),
(21, 26, '/images/3de5218b-8e4b-40c3-bfdf-8650ad69d18b.png', '2018-10-30 21:12:27', '2018-10-30 15:12:27', NULL),
(22, 26, '/images/9c5b3949-1d4a-4ce0-8909-4a4198384c17.jpg', '2018-10-30 21:13:30', '2018-10-30 15:13:30', NULL),
(23, 26, '/images/fedfb40d-7b47-45e6-b4bc-29524592040f.jpg', '2018-10-30 21:13:30', '2018-10-30 15:13:30', NULL),
(24, 26, '/images/d185b837-2680-4854-898e-5bb6199d62c1.jpg', '2018-10-30 21:13:30', '2018-10-30 15:13:30', NULL),
(25, 26, '/images/6a73cbc8-6d71-4965-8099-25f6383b8c9a.jpeg', '2018-10-30 21:14:15', '2018-10-30 15:14:15', NULL),
(26, 26, '/images/27b5b436-0c7d-4a0b-b596-6c2d3914e7ce.jpg', '2018-10-30 21:14:15', '2018-10-30 15:14:15', NULL),
(27, 26, '/images/4165e315-f58a-4a8e-9a87-87136d4b4b0c.jpg', '2018-10-30 21:14:15', '2018-10-30 15:14:15', NULL),
(28, 12, '/images/c3dab9a7-bafa-4c0b-895b-15d9ef1e0e2c.jpg', '2018-10-31 17:56:18', '2018-12-03 10:17:20', '2018-12-03 16:17:20'),
(29, 16, '/images/03000261-5a03-4e0d-b38a-b26c49a0b92a.png', '2018-11-28 10:39:02', '2018-11-28 04:39:02', NULL),
(30, 17, '/images/69e62af0-bc68-4df4-ab3b-d9fa34b8e322.png', '2018-11-28 10:41:00', '2018-11-28 04:41:00', NULL),
(31, 18, '/images/19eda066-096a-416a-b423-bfff9bf18247.png', '2018-11-28 10:41:02', '2018-11-28 04:41:02', NULL),
(32, 19, '/images/571adc14-d73c-4ac0-b320-7c0b3b63a2b3.png', '2018-11-28 10:42:21', '2018-11-28 04:42:21', NULL),
(33, 20, '/images/264f0ebe-321f-4d69-b46f-b8f2f943ff14.png', '2018-11-28 10:43:00', '2018-11-28 04:43:00', NULL),
(34, 21, '/images/5183e2bd-3ebc-4dd6-af9b-aa676443dfd2.png', '2018-11-28 10:44:21', '2018-11-28 04:44:21', NULL),
(35, 22, '/images/f6e5b31d-f95f-4fc5-bb6e-a4f2d2ebab16.png', '2018-11-28 10:48:40', '2018-11-28 04:48:40', NULL),
(36, 23, '/images/f017af0f-daf1-4b48-abdb-32c1362bff87.png', '2018-11-28 10:50:40', '2018-11-28 04:50:40', NULL),
(37, 24, '/images/557ef8aa-87cb-4ae6-a004-64b511c79454.png', '2018-12-01 10:01:55', '2018-12-01 04:01:55', NULL),
(38, 25, '/images/a3964f79-a140-4cda-a97b-af0e0004249c.png', '2018-12-01 10:03:55', '2018-12-01 04:03:55', NULL),
(39, 26, '/images/7801a440-1836-461f-b196-35620d2fb679.png', '2018-12-01 10:11:27', '2018-12-01 04:11:27', NULL),
(40, 26, '/images/09ccf335-eb03-443b-93f2-095217476757.png', '2018-12-01 10:11:58', '2018-12-01 04:11:58', NULL),
(41, 27, '/images/51e01d20-499c-4c21-82b9-9709a35186d2.png', '2018-12-01 10:14:07', '2018-12-01 04:14:07', NULL),
(42, 28, '/images/2470a025-af3e-48b4-99ca-77c528ed533e.png', '2018-12-01 10:16:40', '2018-12-01 04:16:40', NULL),
(43, 29, '/images/2e6f3ea1-b745-4cac-899c-75065cf7a129.png', '2018-12-01 10:18:40', '2018-12-01 04:18:40', NULL),
(44, 30, '/images/95b9a752-e7a0-4941-9b1d-2f99ec84507c.png', '2018-12-01 10:19:28', '2018-12-01 04:19:28', NULL),
(45, 31, '/images/c24f88fd-7588-4311-9cf5-ddcc0af948dc.png', '2018-12-01 10:21:54', '2018-12-01 04:21:54', NULL),
(46, 32, '/images/887295b1-9e77-4647-b09e-cc505c4dcdb0.png', '2018-12-01 10:24:44', '2018-12-01 04:24:44', NULL),
(47, 12, '/images/233e53bd-4208-41d1-9b05-5fbaf3161aad.png', '2018-12-03 17:52:50', '2018-12-03 11:52:50', NULL),
(48, 33, '/images/4e75870c-0926-4e9e-a6a8-e77a80f214ce.png', '2019-01-14 18:26:09', '2019-01-14 12:26:09', NULL),
(49, 34, '/images/5d1eb088-a40d-401a-92df-48cd3006093b.png', '2019-01-14 18:29:33', '2019-01-14 12:29:33', NULL),
(50, 35, '/images/d5cd6ed7-4e0b-470c-a868-d780d68308b1.png', '2019-01-15 17:22:50', '2019-01-15 11:22:50', NULL),
(51, 10, '/images/4e94feaa-0851-4f90-a5c0-2d54539a1dc2.jpeg', '2020-10-29 09:00:47', '2020-10-29 21:41:05', '2020-10-29 21:41:05'),
(52, 10, '/images/03c3e999-3e1f-4d9a-968f-2c6168b995c3.jpg', '2020-10-29 09:35:24', '2020-10-29 21:41:08', '2020-10-29 21:41:08'),
(53, 10, '/images/b9c94a7c-0e13-4e20-a8f2-945d316fef20.jpeg', '2020-10-29 21:41:02', '2020-10-29 21:41:02', NULL),
(54, 10, '/images/f80ddff0-f31b-49bf-9473-b5a12cff543d.jpg', '2020-10-29 21:41:35', '2020-10-29 21:41:35', NULL),
(55, 15, '/images/7944c1f3-6904-4de0-af9e-2b7fef10e8c0.jpg', '2020-10-29 21:43:46', '2020-10-29 21:43:46', NULL),
(56, 10, '/images/61f7ec1f-66a6-46a3-9515-ce779d2504cb.png', '2020-10-30 11:39:17', '2020-10-30 11:39:17', NULL),
(57, 31, '/images/cfdac619-933a-49de-8f39-ca4e44d57edd.jpeg', '2020-10-30 12:01:01', '2020-10-30 12:01:01', NULL),
(58, 36, '/images/adf374ee-e89e-483c-9c1d-c77cc4953fd0.jpeg', '2020-10-30 12:20:59', '2020-10-30 12:27:36', '2020-10-30 12:27:36'),
(59, 36, '/images/880cbcda-1bd5-43c3-ae67-67b255206a75.jpeg', '2020-10-30 12:27:14', '2020-10-30 12:28:48', '2020-10-30 12:28:48'),
(60, 37, '/images/a51eea95-cf80-453c-9be9-dc128fecc1a5.jpeg', '2020-10-30 12:55:02', '2020-10-30 12:55:09', '2020-10-30 12:55:09'),
(61, 38, '/images/54b80daa-d83d-45f4-a344-4ea7ecc8fa8c.jpeg', '2020-10-30 13:03:46', '2020-10-30 13:03:46', NULL),
(62, 39, '/images/ef8d21b6-29bc-4430-b09a-2d7caa0aa7a8.jpeg', '2020-10-30 13:36:29', '2020-10-31 06:23:35', '2020-10-31 06:23:35'),
(63, 40, '/images/de4c7667-4e74-40b0-9fdf-550e3493939d.jpeg', '2020-10-31 06:31:42', '2020-10-31 06:31:46', '2020-10-31 06:31:46'),
(64, 41, '/images/bbb7e90d-9698-4e4c-8d54-f37221dd5ab7.jpeg', '2020-10-31 06:38:04', '2020-10-31 06:38:09', '2020-10-31 06:38:09'),
(65, 42, '/images/d7b5b6c8-75af-4027-b27b-434cdf4cceff.jpeg', '2020-10-31 06:43:44', '2020-10-31 06:43:48', '2020-10-31 06:43:48'),
(66, 43, '/images/2f906e80-ee5b-47da-a305-cdf4b0bd63d9.jpeg', '2020-10-31 07:11:12', '2020-10-31 07:11:12', NULL),
(67, 44, '/images/ba10d165-1ebd-4abc-a245-16894950cad3.jpeg', '2020-10-31 07:14:46', '2020-10-31 07:14:46', NULL),
(68, 45, '/images/9e90c545-e604-45ca-8b2d-88ad24773f53.jpeg', '2020-10-31 07:29:47', '2020-10-31 07:29:47', NULL),
(69, 46, '/images/171169cd-7783-4bdd-85a8-14306952eeb0.jpeg', '2020-10-31 07:43:17', '2020-10-31 07:43:17', NULL),
(70, 47, '/images/bc8bbf7d-5a5c-4530-9495-e20b7faf9b43.jpeg', '2020-10-31 09:12:56', '2020-10-31 09:12:56', NULL),
(71, 48, '/images/4eedbf74-7690-40af-86bd-8209a004bd3b.jpeg', '2020-10-31 09:29:33', '2020-10-31 09:29:33', NULL),
(72, 49, '/images/b21370ee-811e-4bd6-9557-d638130ade4a.jpeg', '2020-10-31 09:36:48', '2020-10-31 09:36:48', NULL),
(73, 50, '/images/45e25159-8b73-4126-901d-4a93d1583c27.jpeg', '2020-10-31 09:45:59', '2020-10-31 09:45:59', NULL),
(74, 51, '/images/5faa1d25-3740-48ae-ae1d-cc7a8f952e44.jpeg', '2020-10-31 09:52:02', '2020-10-31 09:52:02', NULL),
(75, 52, '/images/e89cefcc-f89b-4e3b-b5d4-2439c3991358.jpeg', '2020-10-31 10:06:11', '2020-10-31 10:06:11', NULL),
(76, 53, '/images/74c5c5e6-cea0-478c-a43d-6f25c7c886f5.jpeg', '2020-10-31 10:14:54', '2020-10-31 10:14:54', NULL),
(77, 54, '/images/5d472b8d-cb3f-46e5-ab5b-761b6e893dc1.jpeg', '2020-10-31 10:29:59', '2020-10-31 10:29:59', NULL),
(78, 55, '/images/eef3a387-00b3-41ed-a789-d4ef3a58a50d.jpeg', '2020-10-31 10:33:35', '2020-10-31 10:33:35', NULL),
(79, 56, '/images/67992708-36cf-489f-be2c-d0ca382b454e.jpeg', '2020-10-31 10:40:26', '2020-10-31 10:40:26', NULL),
(80, 57, '/images/0624390b-7e91-42cc-bd16-e1d3a90debba.jpg', '2020-10-31 11:11:44', '2020-10-31 11:11:44', NULL),
(81, 58, '/images/d10490e1-396c-4d27-98b2-ce539e0d6301.jpg', '2020-10-31 11:43:47', '2020-10-31 11:43:47', NULL),
(82, 59, '/images/db157cb9-8e81-4631-97dd-517c395a10a1.jpeg', '2020-10-31 11:53:54', '2020-10-31 11:53:54', NULL),
(83, 60, '/images/29e3ace8-525a-48ad-a48e-ca47cebf45ed.jpeg', '2020-10-31 11:57:21', '2020-10-31 11:57:21', NULL),
(84, 61, '/images/33ca168e-2aa5-4d39-bed9-734a6e63364b.jpeg', '2020-10-31 12:00:33', '2020-10-31 12:00:33', NULL),
(85, 62, '/images/6bf0e5be-fcf6-4c39-aee2-0c0264780031.jpeg', '2020-10-31 12:17:16', '2020-10-31 12:17:16', NULL),
(86, 63, '/images/d9da19f1-629b-4ad2-8adf-1f594d4a19c8.jpeg', '2020-10-31 15:18:01', '2020-10-31 15:18:01', NULL),
(87, 37, '/images/1d2dd47e-c873-4563-b473-301b76eaf379.jpeg', '2020-11-07 08:19:02', '2020-11-07 08:19:02', NULL),
(88, 37, '/images/b3c9cfbf-4ff3-4c22-818b-cedbea6857be.jpeg', '2020-11-07 08:19:02', '2020-11-07 08:19:02', NULL),
(89, 37, '/images/44585380-48b5-4039-86e5-b2f19944857b.jpeg', '2020-11-07 08:19:02', '2020-11-07 08:19:02', NULL),
(90, 64, '/images/7b764f1e-be63-4772-a948-de5c4ed62b80.jpg', '2020-11-12 16:38:07', '2020-11-12 16:38:07', NULL),
(91, 65, '/images/7368f485-529e-4eef-8f05-f2d9e2f8f44b.png', '2020-11-14 13:38:19', '2020-11-14 13:38:19', NULL),
(92, 66, '/images/31ecea61-1828-4526-beff-da2683f6c698.jpg', '2020-11-14 13:42:32', '2020-11-14 13:42:32', NULL),
(93, 71, '/images/2c5eedcd-30e7-4eda-a678-c96b247acaac.jpg', '2020-11-30 06:14:53', '2020-11-30 06:14:53', NULL),
(94, 69, '/images/2c5eedcd-30e7-4eda-a678-c96b247acaac.jpg', '2020-11-30 06:14:53', '2020-11-30 06:14:53', NULL),
(95, 74, '/images/d879a099-89fb-423f-84eb-b8b909e579b0.jpg', '2020-11-30 06:17:27', '2020-11-30 06:17:27', NULL),
(96, 72, '/images/d879a099-89fb-423f-84eb-b8b909e579b0.jpg', '2020-11-30 06:17:27', '2020-11-30 06:17:27', NULL),
(97, 78, '/images/50df78e9-bf1a-4119-886d-1507960cc865.jpeg', '2020-11-30 07:25:15', '2020-11-30 07:25:15', NULL),
(98, 80, '/images/f18f7444-3558-4100-917e-e7514781d97b.jpg', '2020-11-30 07:27:49', '2020-11-30 07:27:49', NULL),
(99, 82, '/images/26506afd-7555-4c9c-bff1-4b2852f92891.jpg', '2020-11-30 07:31:49', '2020-11-30 07:31:49', NULL),
(100, 94, '/images/08741eea-3154-40f5-825e-0aac0a5a99a2.jpg', '2020-11-30 09:55:54', '2020-11-30 09:55:54', NULL),
(101, 96, '/images/8051590c-5ddf-4ecf-93cd-5a6c3c036be1.png', '2020-11-30 10:16:56', '2020-11-30 10:16:56', NULL),
(102, 98, '/images/5c0bbf67-fe04-419f-a1c6-8607ae090957.png', '2020-11-30 10:19:10', '2020-11-30 10:19:10', NULL),
(103, 100, '/images/b86fd9e2-72fa-4e31-9f44-9b01e825ecf1.png', '2020-11-30 10:20:39', '2020-11-30 10:20:39', NULL),
(104, 102, '/images/a6a3d592-23cb-4f4a-9333-5b0dffce5da0.jpeg', '2020-11-30 10:26:54', '2020-11-30 10:26:54', NULL),
(105, 104, '/images/59c6966b-2b17-414d-8a1c-ccc6e40088ae.jpg', '2020-11-30 11:21:39', '2020-11-30 11:21:39', NULL),
(106, 106, '/images/dd3368da-d984-4ce7-9db3-5c4ad3a6a691.png', '2020-11-30 11:23:36', '2020-11-30 11:23:36', NULL),
(107, 108, '/images/a3e25932-c406-4566-9806-9305de05dad0.jpg', '2020-11-30 11:25:58', '2020-11-30 11:25:58', NULL),
(108, 110, '/images/72a61b32-56be-41b5-b3d5-42a8f53b7ca2.jpg', '2020-11-30 11:58:09', '2020-11-30 11:58:09', NULL),
(109, 112, '/images/aa644d97-90c8-4591-8f87-3d37eb864288.jpg', '2020-11-30 11:59:53', '2020-11-30 11:59:53', NULL),
(110, 114, '/images/fe89cc7f-be6a-403d-b7f6-a5f4425cca14.jpg', '2020-11-30 12:02:23', '2020-11-30 12:02:23', NULL),
(111, 116, '/images/ba0dbcd9-b432-41c7-9cf3-5936a1d4402b.jpg', '2020-11-30 12:03:59', '2020-11-30 12:03:59', NULL),
(112, 118, '/images/9cfc4eb8-01a9-4843-8118-0a190305d19c.jpg', '2020-11-30 12:06:11', '2020-11-30 12:06:11', NULL),
(113, 120, '/images/0d1e8a29-05ba-4536-92df-f584e0648b57.jpg', '2020-11-30 12:09:33', '2020-11-30 12:09:33', NULL),
(114, 122, '/images/40560009-5304-4ac5-9aa7-fab82735f4a8.jpg', '2020-11-30 12:13:57', '2020-11-30 12:13:57', NULL),
(115, 132, '/images/08266a16-d2b5-4191-933e-09532caa34ef.jpg', '2020-12-01 06:03:20', '2020-12-01 06:03:20', NULL),
(116, 131, '/images/08266a16-d2b5-4191-933e-09532caa34ef.jpg', '2020-12-01 06:03:20', '2020-12-01 06:03:20', NULL),
(117, 145, '/images/e36c1b88-b79b-4166-a4a8-92e74f53a7db.jpg', '2020-12-01 06:09:55', '2020-12-01 06:09:55', NULL),
(118, 144, '/images/e36c1b88-b79b-4166-a4a8-92e74f53a7db.jpg', '2020-12-01 06:09:55', '2020-12-01 06:09:55', NULL),
(119, 148, '/images/7c99caa3-6e3d-4e43-8d69-ba9bee6852e5.jpg', '2020-12-01 06:14:47', '2020-12-01 06:14:47', NULL),
(120, 147, '/images/7c99caa3-6e3d-4e43-8d69-ba9bee6852e5.jpg', '2020-12-01 06:14:47', '2020-12-01 06:14:47', NULL),
(121, 153, '/images/1606d438-cb7f-4e10-ad37-6faf4547dd93.jpg', '2020-12-01 06:21:18', '2020-12-01 06:21:18', NULL),
(122, 152, '/images/1606d438-cb7f-4e10-ad37-6faf4547dd93.jpg', '2020-12-01 06:21:19', '2020-12-01 06:21:19', NULL),
(123, 156, '/images/57bd22e5-fe47-416e-a162-12d6df5063f4.jpg', '2020-12-01 06:31:39', '2020-12-01 06:31:39', NULL),
(124, 155, '/images/57bd22e5-fe47-416e-a162-12d6df5063f4.jpg', '2020-12-01 06:31:39', '2020-12-01 06:31:39', NULL),
(125, 159, '/images/4d111341-c249-4cb0-9704-ee7db510eb16.jpg', '2020-12-01 06:46:38', '2020-12-01 06:46:38', NULL),
(126, 158, '/images/4d111341-c249-4cb0-9704-ee7db510eb16.jpg', '2020-12-01 06:46:38', '2020-12-01 06:46:38', NULL),
(127, 161, '/images/ada8b5a4-8202-4d44-a628-fb089b690dda.jpg', '2020-12-01 06:49:18', '2020-12-01 06:49:18', NULL),
(128, 160, '/images/ada8b5a4-8202-4d44-a628-fb089b690dda.jpg', '2020-12-01 06:49:18', '2020-12-01 06:49:18', NULL),
(129, 165, '/images/4702f255-08c4-4b35-a2e7-5f246e7a9467.jpg', '2020-12-01 06:58:01', '2020-12-01 06:58:01', NULL),
(130, 164, '/images/4702f255-08c4-4b35-a2e7-5f246e7a9467.jpg', '2020-12-01 06:58:01', '2020-12-01 06:58:01', NULL),
(131, 167, '/images/227fd7a1-2dd7-4f9d-acca-1f96de0d6439.jpg', '2020-12-01 07:01:10', '2020-12-01 07:01:10', NULL),
(132, 166, '/images/227fd7a1-2dd7-4f9d-acca-1f96de0d6439.jpg', '2020-12-01 07:01:13', '2020-12-01 07:01:13', NULL),
(133, 184, '/images/9d68179f-e0eb-431b-932c-c101a68c856e.jpg', '2020-12-01 12:05:28', '2020-12-01 12:05:28', NULL),
(134, 183, '/images/9d68179f-e0eb-431b-932c-c101a68c856e.jpg', '2020-12-01 12:05:28', '2020-12-01 12:05:28', NULL),
(135, 254, '/images/f64adb3c-516c-4a83-b4a0-589cb26f8693.jpg', '2020-12-13 05:34:30', '2020-12-13 05:34:30', NULL),
(136, 255, '/images/a1e81131-5c38-4e80-b8ba-64f290f80fd1.jpg', '2020-12-14 05:17:02', '2020-12-14 05:17:02', NULL),
(137, 258, '/images/b8c186df-b637-43af-acce-fa294a175d26.jpg', '2020-12-14 13:32:07', '2020-12-14 13:32:07', NULL),
(138, 264, '/images/78877fb7-017e-4ff1-906c-87a77d32a112.jpg', '2020-12-15 06:54:57', '2020-12-15 06:54:57', NULL),
(139, 264, '/images/e547a2bb-6dde-46ae-98db-14ebbc07f041.jpg', '2020-12-15 06:54:57', '2020-12-15 06:54:57', NULL),
(140, 264, '/images/7151327d-2fd9-4974-87f5-d05142761e45.jpg', '2020-12-15 06:54:57', '2020-12-15 06:54:57', NULL),
(141, 263, '/images/4a0b07ab-e76c-4d7c-b3ff-b27cfa30d190.jpg', '2020-12-15 06:57:20', '2020-12-15 06:57:20', NULL),
(142, 263, '/images/2f8a1fe4-2541-43be-bc33-ae58ca0228f7.jpg', '2020-12-15 06:57:20', '2020-12-15 06:57:20', NULL),
(143, 263, '/images/cd42ec7d-73b1-4e88-81b4-9dbfc642c8cb.jpg', '2020-12-15 06:57:20', '2020-12-15 06:57:20', NULL),
(144, 265, '/images/5aa76584-af38-4def-bf52-10eaabe0282a.jpg', '2020-12-15 07:33:50', '2020-12-15 07:33:50', NULL),
(145, 265, '/images/f7ba9291-8c1c-49bd-bbbe-e9d9de9904f6.jpg', '2020-12-15 07:33:50', '2020-12-15 07:33:50', NULL),
(146, 265, '/images/91dfc528-bd3c-49c5-a3a4-636556141a42.webp', '2020-12-15 07:33:50', '2020-12-15 07:33:50', NULL),
(147, 268, '/images/8fa1bfdf-a155-4f04-abb3-8f9cb40a0678.jpg', '2020-12-17 06:57:33', '2020-12-17 06:58:37', NULL),
(148, NULL, '/images/7aa3c690-192d-4680-8995-cb955fa7fcdd.jpg', '2020-12-17 06:57:33', '2020-12-17 06:57:36', '2020-12-17 06:57:36'),
(149, 268, '/images/145ab992-40ca-49e7-914a-4048a1a83d3d.jpg', '2020-12-17 06:57:33', '2020-12-17 06:58:37', NULL),
(150, 268, '/images/aeda97f5-d3e3-4c65-9ecb-26d693fdd2e8.jpg', '2020-12-17 06:57:33', '2020-12-17 06:58:37', NULL),
(151, NULL, '/images/87e3dc0f-f4a6-4576-b0f8-74c5f738a4ad.jpg', '2020-12-17 07:02:36', '2020-12-17 07:02:58', '2020-12-17 07:02:58'),
(152, NULL, '/images/e1bcae7a-4847-47fa-ae77-200b7f698ba0.jpg', '2020-12-17 07:02:36', '2020-12-17 07:02:58', '2020-12-17 07:02:58'),
(153, NULL, '/images/972858d0-9d36-4c4c-8bc4-f5230c59745b.jpg', '2020-12-17 07:02:36', '2020-12-17 07:02:58', '2020-12-17 07:02:58'),
(154, NULL, '/images/3601b105-333a-4540-b240-35c6dfb1b5b0.jpg', '2020-12-17 07:02:36', '2020-12-17 07:02:58', '2020-12-17 07:02:58'),
(155, NULL, '/images/331f9e57-8719-4224-b83f-e82166be7df2.jpg', '2020-12-17 07:02:53', '2020-12-17 07:02:58', '2020-12-17 07:02:58'),
(156, 269, '/images/788e3dbe-dcf3-4b7a-abab-f861d8cf57a8.jpg', '2020-12-17 07:03:14', '2020-12-17 07:03:38', NULL),
(157, 269, '/images/bc5b3ee9-8d41-4b7a-9d41-0f0463b14e92.jpg', '2020-12-17 07:03:14', '2020-12-17 07:03:38', NULL),
(158, NULL, '/images/b4900a98-8b7a-477f-bc44-9b8f80203fa8.jpg', '2020-12-17 07:03:15', '2020-12-17 07:03:21', '2020-12-17 07:03:21'),
(159, NULL, '/images/f82391ba-c47e-49e1-b6df-2930ae74974c.jpg', '2020-12-17 07:03:15', '2020-12-17 07:03:24', '2020-12-17 07:03:24'),
(160, NULL, '/images/7932c711-2edc-4736-9be3-13b5c7fc8539.jpg', '2020-12-17 07:03:15', '2020-12-17 07:03:17', '2020-12-17 07:03:17'),
(161, 269, '/images/71a5dbc7-9e59-4008-b2b0-f2d3b20d0b46.jpg', '2020-12-17 07:03:32', '2020-12-17 07:03:38', NULL),
(162, 269, '/images/d9f69549-38e3-401b-be6c-0215469ef100.jpg', '2020-12-17 07:03:32', '2020-12-17 07:03:38', NULL),
(163, 270, '/images/3ab74797-2ddc-4099-8896-2053f5dfba62.jpg', '2020-12-22 11:29:42', '2020-12-22 11:29:48', NULL),
(164, 270, '/images/cec5ce10-ac00-468d-9aff-d83277832a16.jpg', '2020-12-22 11:29:42', '2020-12-22 11:29:48', NULL),
(165, 270, '/images/0e07bbdb-47ec-4bd7-bcf5-10a3d06662d2.jpg', '2020-12-22 11:29:42', '2020-12-22 11:29:48', NULL),
(166, 270, '/images/5bb642fa-d4b8-42b9-bdcf-5c30ea052a74.jpg', '2020-12-22 11:29:42', '2020-12-22 11:29:48', NULL);

-- --------------------------------------------------------

--
-- Table structure for table `product_orders`
--

CREATE TABLE `product_orders` (
  `id` int(11) NOT NULL,
  `user_id` int(11) NOT NULL,
  `cart_id` int(11) NOT NULL,
  `total_quantity` int(11) NOT NULL,
  `total_price` decimal(25,4) NOT NULL,
  `billing_address` int(11) DEFAULT NULL,
  `shipping_address` int(11) DEFAULT NULL,
  `remarks` text,
  `type` int(11) NOT NULL DEFAULT '0' COMMENT '0 normal order, 1 bulk order',
  `changed_by` int(11) DEFAULT NULL,
  `status` tinyint(4) DEFAULT '1',
  `courier_status` int(11) NOT NULL DEFAULT '0' COMMENT '1 for gone for courier, 0 for not gone',
  `created_at` datetime NOT NULL DEFAULT '1970-01-01 00:00:00',
  `updated_at` timestamp NOT NULL DEFAULT CURRENT_TIMESTAMP,
  `deleted_at` datetime DEFAULT NULL
) ENGINE=InnoDB DEFAULT CHARSET=latin1;

--
-- Dumping data for table `product_orders`
--

INSERT INTO `product_orders` (`id`, `user_id`, `cart_id`, `total_quantity`, `total_price`, `billing_address`, `shipping_address`, `remarks`, `type`, `changed_by`, `status`, `courier_status`, `created_at`, `updated_at`, `deleted_at`) VALUES
(1, 65, 2, 2, '2000.0000', 105, 104, NULL, 0, NULL, 1, 0, '2020-12-14 11:50:28', '2020-12-14 11:50:28', NULL),
(2, 65, 3, 4, '14019.0000', 107, 106, NULL, 0, 37, 12, 0, '2020-12-14 12:41:51', '2020-12-17 07:31:24', NULL),
(3, 65, 4, 9, '18545.0000', 107, 61, NULL, 0, NULL, 1, 0, '2020-12-14 12:43:08', '2020-12-14 12:43:08', NULL),
(4, 65, 4, 10, '11056.0000', 61, 61, NULL, 0, NULL, 1, 0, '2020-12-14 13:10:53', '2020-12-14 13:10:53', NULL),
(5, 65, 4, 2, '1540.0000', 107, 107, NULL, 0, 37, 11, 0, '2020-12-14 13:12:12', '2020-12-17 07:30:47', NULL),
(6, 65, 5, 1, '990.0000', 107, 107, NULL, 0, NULL, 1, 0, '2020-12-14 13:51:04', '2020-12-14 13:51:04', NULL),
(7, 65, 6, 16, '25370.0000', 61, 61, NULL, 0, NULL, 1, 0, '2020-12-15 07:43:01', '2020-12-15 07:43:01', NULL),
(8, 65, 7, 11, '22924.0000', 61, 61, NULL, 0, 37, 2, 0, '2020-12-15 07:44:30', '2020-12-17 07:25:49', NULL),
(9, 65, 7, 11, '22924.0000', 61, 61, NULL, 0, NULL, 1, 0, '2020-12-15 07:46:24', '2020-12-15 07:46:24', NULL),
(10, 65, 7, 14, '13680.0000', 61, 61, NULL, 0, 37, 2, 0, '2020-12-15 07:48:19', '2020-12-17 07:26:00', NULL),
(11, 65, 7, 5, '6145.0000', 61, 61, NULL, 0, NULL, 1, 0, '2020-12-15 07:50:30', '2020-12-15 07:50:30', NULL),
(12, 65, 8, 4, '9240.0000', 108, 108, NULL, 0, 37, 11, 0, '2020-12-15 07:53:15', '2020-12-17 07:30:39', NULL),
(13, 65, 9, 3, '6880.0000', 108, 108, NULL, 0, NULL, 1, 0, '2020-12-15 07:53:55', '2020-12-15 07:53:55', NULL),
(14, 65, 10, 5, '7709.0000', 110, 109, NULL, 0, NULL, 1, 0, '2020-12-15 07:56:25', '2020-12-15 07:56:25', NULL),
(15, 65, 11, 5, '88220.0000', 110, 108, NULL, 0, NULL, 1, 0, '2020-12-15 07:57:33', '2020-12-15 07:57:33', NULL),
(16, 65, 11, 2, '7000.0000', 61, 110, NULL, 0, NULL, 1, 0, '2020-12-15 07:59:59', '2020-12-15 07:59:59', NULL),
(17, 65, 12, 2, '12540.0000', 109, 109, NULL, 0, NULL, 1, 0, '2020-12-15 10:11:02', '2020-12-15 10:11:02', NULL),
(18, 65, 13, 11, '12850.0000', 110, 110, NULL, 0, 37, 2, 0, '2020-12-15 12:35:36', '2020-12-17 07:25:57', NULL),
(19, 65, 13, 16, '20495.0000', 61, 61, NULL, 0, NULL, 1, 0, '2020-12-17 06:27:53', '2020-12-17 06:27:53', NULL),
(20, 65, 13, 15, '12639.0000', 61, 61, NULL, 0, NULL, 1, 0, '2020-12-17 06:32:43', '2020-12-17 06:32:43', NULL),
(21, 65, 13, 0, '210.0000', 108, 108, NULL, 0, NULL, 1, 0, '2020-12-17 06:40:20', '2020-12-17 06:40:20', NULL),
(22, 54, 1, 2, '4000.0000', 1, 1, NULL, 0, NULL, 1, 0, '2020-12-17 06:43:29', '2020-12-17 06:43:29', NULL),
(23, 54, 15, 14, '47640.0000', 6, 6, NULL, 0, NULL, 1, 0, '2020-12-17 06:47:00', '2020-12-17 06:47:00', NULL),
(24, 65, 14, 2, '2675.0000', 109, 109, NULL, 0, 37, 11, 0, '2020-12-17 06:53:58', '2020-12-17 07:30:41', NULL),
(25, 65, 16, 3, '4575.0000', 112, 111, NULL, 0, NULL, 1, 0, '2020-12-17 07:13:42', '2020-12-17 07:13:42', NULL),
(26, 65, 17, 1, '1520.0000', 109, 109, NULL, 0, 37, 2, 0, '2020-12-17 07:14:21', '2020-12-17 07:28:11', NULL),
(27, 54, 15, 17, '117540.0000', 103, 103, NULL, 0, NULL, 1, 0, '2020-12-17 07:23:12', '2020-12-17 07:23:12', NULL),
(28, 65, 18, 13, '28949.0000', 110, 110, NULL, 0, NULL, 1, 0, '2020-12-20 06:36:03', '2020-12-20 06:36:03', NULL),
(29, 65, 18, 14, '21064.0000', 109, 109, NULL, 0, NULL, 1, 0, '2020-12-20 07:10:08', '2020-12-20 07:10:08', NULL),
(30, 65, 18, 14, '21064.0000', 109, 109, NULL, 0, NULL, 1, 0, '2020-12-20 07:11:36', '2020-12-20 07:11:36', NULL),
(31, 65, 18, 1, '2000.0000', 110, 110, NULL, 0, NULL, 1, 0, '2020-12-20 07:13:02', '2020-12-20 07:13:02', NULL),
(32, 65, 18, 2, '5000.0000', 112, 112, NULL, 0, NULL, 1, 0, '2020-12-20 07:17:20', '2020-12-20 07:17:20', NULL),
(33, 65, 18, 2, '650.0000', 111, 111, NULL, 0, NULL, 1, 0, '2020-12-22 05:12:00', '2020-12-22 05:12:00', NULL),
(34, 65, 18, 0, '-2000.0000', 112, 112, NULL, 0, NULL, 1, 0, '2020-12-22 05:53:54', '2020-12-22 05:53:54', NULL),
(35, 65, 18, 2, '790.0000', 61, 61, NULL, 0, NULL, 1, 0, '2020-12-22 05:56:59', '2020-12-22 05:56:59', NULL),
(36, 65, 18, 3, '5540.0000', 108, 108, NULL, 0, NULL, 1, 0, '2020-12-22 06:03:43', '2020-12-22 06:03:43', NULL),
(37, 65, 18, 3, '920.0000', 111, 111, NULL, 0, NULL, 1, 0, '2020-12-22 06:05:49', '2020-12-22 06:05:49', NULL),
(43, 54, 15, 20, '121779.0000', 6, 6, NULL, 0, NULL, 1, 0, '2020-12-22 08:25:13', '2020-12-22 08:25:13', NULL),
(44, 65, 18, 3, '1318.0000', 110, 110, NULL, 0, NULL, 1, 0, '2020-12-22 08:30:04', '2020-12-22 08:30:04', NULL),
(45, 65, 20, 3, '3540.0000', 109, 109, NULL, 0, NULL, 1, 0, '2020-12-22 08:30:28', '2020-12-22 08:30:28', NULL),
(46, 65, 21, 16, '26529.0000', 109, 109, NULL, 0, NULL, 1, 0, '2020-12-22 08:32:26', '2020-12-22 08:32:26', NULL),
(47, 65, 22, 2, '2100.0000', 111, 111, NULL, 0, NULL, 1, 0, '2020-12-22 11:30:16', '2020-12-22 11:30:16', NULL);

-- --------------------------------------------------------

--
-- Table structure for table `product_ratings`
--

CREATE TABLE `product_ratings` (
  `id` int(11) NOT NULL,
  `user_id` int(11) NOT NULL,
  `product_id` int(11) NOT NULL,
  `rating` decimal(15,4) NOT NULL,
  `created_at` datetime NOT NULL DEFAULT '1970-01-01 00:00:00',
  `updated_at` timestamp NULL DEFAULT CURRENT_TIMESTAMP,
  `deleted_at` datetime DEFAULT NULL
) ENGINE=InnoDB DEFAULT CHARSET=latin1;

-- --------------------------------------------------------

--
-- Table structure for table `product_suborders`
--

CREATE TABLE `product_suborders` (
  `id` int(11) NOT NULL,
  `product_order_id` int(11) NOT NULL,
  `warehouse_id` int(11) NOT NULL,
  `total_quantity` int(11) NOT NULL,
  `total_price` decimal(25,4) NOT NULL,
  `delivery_date` date DEFAULT NULL,
  `courier_status` int(11) NOT NULL DEFAULT '0' COMMENT '1 for gone for courier, 0 for not gone',
  `changed_by` int(11) DEFAULT NULL,
  `PR_status` int(11) DEFAULT '0' COMMENT '0 is false, 1 is true',
  `status` tinyint(4) DEFAULT '1' COMMENT '1 pending, 2 processing, 3 delivered, 4 canceled',
  `date` datetime DEFAULT NULL,
  `created_at` datetime NOT NULL DEFAULT '1970-01-01 00:00:00',
  `updated_at` timestamp NOT NULL DEFAULT CURRENT_TIMESTAMP,
  `deleted_at` datetime DEFAULT NULL
) ENGINE=InnoDB DEFAULT CHARSET=latin1;

--
-- Dumping data for table `product_suborders`
--

INSERT INTO `product_suborders` (`id`, `product_order_id`, `warehouse_id`, `total_quantity`, `total_price`, `delivery_date`, `courier_status`, `changed_by`, `PR_status`, `status`, `date`, `created_at`, `updated_at`, `deleted_at`) VALUES
(1, 1, 22, 2, '2000.0000', NULL, 0, NULL, 0, 1, NULL, '2020-12-14 11:50:28', '2020-12-14 11:50:28', NULL),
(2, 2, 22, 4, '14019.0000', NULL, 1, NULL, 0, 12, NULL, '2020-12-14 12:41:51', '2020-12-17 07:31:24', NULL),
(3, 3, 22, 6, '15863.0000', NULL, 0, NULL, 0, 1, NULL, '2020-12-14 12:43:08', '2020-12-14 12:43:08', NULL),
(4, 3, 23, 3, '2682.0000', NULL, 0, NULL, 0, 1, NULL, '2020-12-14 12:43:08', '2020-12-14 12:43:08', NULL),
(5, 4, 22, 7, '8374.0000', NULL, 0, NULL, 0, 1, NULL, '2020-12-14 13:10:53', '2020-12-14 13:10:53', NULL),
(6, 4, 23, 3, '2682.0000', NULL, 0, NULL, 0, 1, NULL, '2020-12-14 13:10:53', '2020-12-14 13:10:53', NULL),
(7, 5, 22, 2, '1540.0000', NULL, 1, NULL, 0, 11, NULL, '2020-12-14 13:12:12', '2020-12-17 07:30:47', NULL),
(8, 6, 22, 1, '990.0000', NULL, 0, NULL, 0, 1, NULL, '2020-12-14 13:51:04', '2020-12-14 13:51:04', NULL),
(9, 7, 22, 16, '25370.0000', NULL, 0, NULL, 0, 1, NULL, '2020-12-15 07:43:01', '2020-12-15 07:43:01', NULL),
(10, 8, 22, 7, '11824.0000', NULL, 0, NULL, 0, 2, NULL, '2020-12-15 07:44:30', '2020-12-17 07:25:49', NULL),
(11, 8, 23, 4, '11100.0000', NULL, 0, NULL, 0, 2, NULL, '2020-12-15 07:44:30', '2020-12-17 07:25:49', NULL),
(12, 9, 22, 7, '11824.0000', NULL, 0, NULL, 0, 1, NULL, '2020-12-15 07:46:24', '2020-12-15 07:46:24', NULL),
(13, 9, 23, 4, '11100.0000', NULL, 0, NULL, 0, 1, NULL, '2020-12-15 07:46:24', '2020-12-15 07:46:24', NULL),
(14, 10, 22, 8, '6935.0000', NULL, 0, NULL, 0, 2, NULL, '2020-12-15 07:48:19', '2020-12-17 07:26:00', NULL),
(15, 10, 23, 2, '3200.0000', NULL, 0, NULL, 0, 2, NULL, '2020-12-15 07:48:19', '2020-12-17 07:26:00', NULL),
(16, 10, 28, 3, '3045.0000', NULL, 0, NULL, 0, 2, NULL, '2020-12-15 07:48:19', '2020-12-17 07:26:00', NULL),
(17, 10, 30, 1, '500.0000', NULL, 0, NULL, 0, 2, NULL, '2020-12-15 07:48:19', '2020-12-17 07:26:00', NULL),
(18, 11, 22, 5, '6145.0000', NULL, 0, NULL, 0, 1, NULL, '2020-12-15 07:50:30', '2020-12-15 07:50:30', NULL),
(19, 12, 22, 4, '9240.0000', NULL, 1, NULL, 0, 11, NULL, '2020-12-15 07:53:15', '2020-12-17 07:30:39', NULL),
(20, 13, 22, 3, '6880.0000', NULL, 0, NULL, 0, 1, NULL, '2020-12-15 07:53:55', '2020-12-15 07:53:55', NULL),
(21, 14, 22, 5, '7709.0000', NULL, 0, NULL, 0, 1, NULL, '2020-12-15 07:56:25', '2020-12-15 07:56:25', NULL),
(22, 15, 22, 2, '16720.0000', NULL, 0, NULL, 0, 1, NULL, '2020-12-15 07:57:33', '2020-12-15 07:57:33', NULL),
(23, 15, 23, 2, '26500.0000', NULL, 0, NULL, 0, 1, NULL, '2020-12-15 07:57:33', '2020-12-15 07:57:33', NULL),
(24, 15, 28, 1, '45000.0000', NULL, 0, NULL, 0, 1, NULL, '2020-12-15 07:57:33', '2020-12-15 07:57:33', NULL),
(25, 16, 22, 2, '7000.0000', NULL, 0, NULL, 0, 1, NULL, '2020-12-15 07:59:59', '2020-12-15 07:59:59', NULL),
(26, 17, 22, 2, '12540.0000', NULL, 0, NULL, 0, 1, NULL, '2020-12-15 10:11:02', '2020-12-15 10:11:02', NULL),
(27, 18, 22, 9, '10850.0000', NULL, 0, NULL, 0, 2, NULL, '2020-12-15 12:35:36', '2020-12-17 07:25:57', NULL),
(28, 18, 23, 2, '2000.0000', NULL, 0, NULL, 0, 2, NULL, '2020-12-15 12:35:36', '2020-12-17 07:25:57', NULL),
(29, 19, 22, 9, '10850.0000', NULL, 0, NULL, 0, 1, NULL, '2020-12-17 06:27:53', '2020-12-17 06:27:53', NULL),
(30, 19, 23, 4, '6600.0000', NULL, 0, NULL, 0, 1, NULL, '2020-12-17 06:27:53', '2020-12-17 06:27:53', NULL),
(31, 19, 28, 3, '3045.0000', NULL, 0, NULL, 0, 1, NULL, '2020-12-17 06:27:53', '2020-12-17 06:27:53', NULL),
(32, 20, 22, 13, '11929.0000', NULL, 0, NULL, 0, 1, NULL, '2020-12-17 06:32:43', '2020-12-17 06:32:43', NULL),
(33, 20, 23, 3, '2230.0000', NULL, 0, NULL, 0, 1, NULL, '2020-12-17 06:32:43', '2020-12-17 06:32:43', NULL),
(34, 21, 22, 1, '1730.0000', NULL, 0, NULL, 0, 1, NULL, '2020-12-17 06:40:20', '2020-12-17 06:40:20', NULL),
(35, 22, 22, 2, '4000.0000', NULL, 0, NULL, 0, 1, NULL, '2020-12-17 06:43:29', '2020-12-17 06:43:29', NULL),
(36, 23, 22, 13, '46640.0000', NULL, 0, NULL, 0, 1, NULL, '2020-12-17 06:47:00', '2020-12-17 06:47:00', NULL),
(37, 23, 60, 1, '1000.0000', NULL, 0, NULL, 0, 1, NULL, '2020-12-17 06:47:00', '2020-12-17 06:47:00', NULL),
(38, 24, 22, 2, '2675.0000', NULL, 1, NULL, 0, 11, NULL, '2020-12-17 06:53:58', '2020-12-17 07:30:41', NULL),
(39, 25, 22, 3, '4575.0000', NULL, 0, NULL, 0, 1, NULL, '2020-12-17 07:13:42', '2020-12-17 07:13:42', NULL),
(40, 26, 22, 1, '1520.0000', NULL, 1, NULL, 0, 2, NULL, '2020-12-17 07:14:21', '2020-12-17 07:28:11', NULL),
(41, 27, 22, 13, '46640.0000', NULL, 0, NULL, 0, 1, NULL, '2020-12-17 07:23:12', '2020-12-17 07:23:12', NULL),
(42, 27, 60, 1, '1000.0000', NULL, 0, NULL, 0, 1, NULL, '2020-12-17 07:23:12', '2020-12-17 07:23:12', NULL),
(43, 27, 23, 2, '24900.0000', NULL, 0, NULL, 0, 1, NULL, '2020-12-17 07:23:12', '2020-12-17 07:23:12', NULL),
(44, 27, 28, 1, '45000.0000', NULL, 0, NULL, 0, 1, NULL, '2020-12-17 07:23:12', '2020-12-17 07:23:12', NULL),
(45, 28, 23, 4, '7300.0000', NULL, 0, NULL, 0, 1, NULL, '2020-12-20 06:36:03', '2020-12-20 06:36:03', NULL),
(46, 28, 22, 8, '20649.0000', NULL, 0, NULL, 0, 1, NULL, '2020-12-20 06:36:03', '2020-12-20 06:36:03', NULL),
(47, 28, 60, 1, '1000.0000', NULL, 0, NULL, 0, 1, NULL, '2020-12-20 06:36:03', '2020-12-20 06:36:03', NULL),
(48, 29, 22, 8, '11019.0000', NULL, 0, NULL, 0, 1, NULL, '2020-12-20 07:10:08', '2020-12-20 07:10:08', NULL),
(49, 29, 23, 3, '7000.0000', NULL, 0, NULL, 0, 1, NULL, '2020-12-20 07:10:08', '2020-12-20 07:10:08', NULL),
(50, 29, 28, 3, '3045.0000', NULL, 0, NULL, 0, 1, NULL, '2020-12-20 07:10:08', '2020-12-20 07:10:08', NULL),
(51, 30, 22, 8, '11019.0000', NULL, 0, NULL, 0, 1, NULL, '2020-12-20 07:11:36', '2020-12-20 07:11:36', NULL),
(52, 30, 23, 3, '7000.0000', NULL, 0, NULL, 0, 1, NULL, '2020-12-20 07:11:36', '2020-12-20 07:11:36', NULL),
(53, 30, 28, 3, '3045.0000', NULL, 0, NULL, 0, 1, NULL, '2020-12-20 07:11:36', '2020-12-20 07:11:36', NULL),
(54, 31, 22, 1, '2000.0000', NULL, 0, NULL, 0, 1, NULL, '2020-12-20 07:13:02', '2020-12-20 07:13:02', NULL),
(55, 32, 22, 2, '5000.0000', NULL, 0, NULL, 0, 1, NULL, '2020-12-20 07:17:20', '2020-12-20 07:17:20', NULL),
(56, 33, 22, 3, '4650.0000', NULL, 0, NULL, 0, 1, NULL, '2020-12-22 05:12:00', '2020-12-22 05:12:00', NULL),
(57, 34, 22, 1, '2000.0000', NULL, 0, NULL, 0, 1, NULL, '2020-12-22 05:53:54', '2020-12-22 05:53:54', NULL),
(58, 35, 22, 3, '4790.0000', NULL, 0, NULL, 0, 1, NULL, '2020-12-22 05:56:59', '2020-12-22 05:56:59', NULL),
(59, 36, 22, 4, '9540.0000', NULL, 0, NULL, 0, 1, NULL, '2020-12-22 06:03:43', '2020-12-22 06:03:43', NULL),
(60, 37, 22, 4, '4920.0000', NULL, 0, NULL, 0, 1, NULL, '2020-12-22 06:05:49', '2020-12-22 06:05:49', NULL),
(75, 43, 22, 15, '50080.0000', NULL, 0, NULL, 0, 1, NULL, '2020-12-22 08:25:13', '2020-12-22 08:25:13', NULL),
(76, 43, 60, 1, '1000.0000', NULL, 0, NULL, 0, 1, NULL, '2020-12-22 08:25:14', '2020-12-22 08:25:14', NULL),
(77, 43, 23, 3, '25699.0000', NULL, 0, NULL, 0, 1, NULL, '2020-12-22 08:25:14', '2020-12-22 08:25:14', NULL),
(78, 43, 28, 1, '45000.0000', NULL, 0, NULL, 0, 1, NULL, '2020-12-22 08:25:14', '2020-12-22 08:25:14', NULL),
(79, 44, 23, 1, '894.0000', NULL, 0, NULL, 0, 1, NULL, '2020-12-22 08:30:04', '2020-12-22 08:30:04', NULL),
(80, 44, 22, 3, '4424.0000', NULL, 0, NULL, 0, 1, NULL, '2020-12-22 08:30:04', '2020-12-22 08:30:04', NULL),
(81, 45, 22, 3, '3540.0000', NULL, 0, NULL, 0, 1, NULL, '2020-12-22 08:30:28', '2020-12-22 08:30:28', NULL),
(82, 46, 22, 15, '25529.0000', NULL, 0, NULL, 0, 1, NULL, '2020-12-22 08:32:26', '2020-12-22 08:32:26', NULL),
(83, 46, 60, 1, '1000.0000', NULL, 0, NULL, 0, 1, NULL, '2020-12-22 08:32:26', '2020-12-22 08:32:26', NULL),
(84, 47, 61, 1, '100.0000', NULL, 0, NULL, 0, 1, NULL, '2020-12-22 11:30:16', '2020-12-22 11:30:16', NULL),
(85, 47, 22, 1, '2000.0000', NULL, 0, NULL, 0, 1, NULL, '2020-12-22 11:30:16', '2020-12-22 11:30:16', NULL);

-- --------------------------------------------------------

--
-- Table structure for table `product_suborder_items`
--

CREATE TABLE `product_suborder_items` (
  `id` int(11) NOT NULL,
  `product_suborder_id` int(11) NOT NULL,
  `product_id` int(11) NOT NULL,
  `warehouse_id` int(11) NOT NULL,
  `product_quantity` int(11) NOT NULL,
  `product_total_price` decimal(25,4) NOT NULL,
  `status` varchar(255) NOT NULL DEFAULT '1',
  `date` datetime DEFAULT NULL,
  `created_at` datetime NOT NULL DEFAULT '1970-01-01 00:00:00',
  `updated_at` timestamp NOT NULL DEFAULT CURRENT_TIMESTAMP,
  `deleted_at` datetime DEFAULT NULL
) ENGINE=InnoDB DEFAULT CHARSET=latin1;

--
-- Dumping data for table `product_suborder_items`
--

INSERT INTO `product_suborder_items` (`id`, `product_suborder_id`, `product_id`, `warehouse_id`, `product_quantity`, `product_total_price`, `status`, `date`, `created_at`, `updated_at`, `deleted_at`) VALUES
(1, 1, 39, 22, 1, '1450.0000', '1', NULL, '2020-12-14 11:50:28', '2020-12-14 11:50:28', NULL),
(2, 1, 41, 22, 1, '550.0000', '1', NULL, '2020-12-14 11:50:28', '2020-12-14 11:50:28', NULL),
(3, 2, 39, 22, 1, '1450.0000', '1', NULL, '2020-12-14 12:41:51', '2020-12-14 12:41:51', NULL),
(4, 2, 257, 22, 1, '1569.0000', '1', NULL, '2020-12-14 12:41:51', '2020-12-14 12:41:51', NULL),
(5, 2, 256, 22, 1, '10000.0000', '1', NULL, '2020-12-14 12:41:51', '2020-12-14 12:41:51', NULL),
(6, 2, 255, 22, 1, '1000.0000', '1', NULL, '2020-12-14 12:41:51', '2020-12-14 12:41:51', NULL),
(7, 3, 256, 22, 1, '10000.0000', '1', NULL, '2020-12-14 12:43:08', '2020-12-14 12:43:08', NULL),
(8, 3, 257, 22, 1, '1569.0000', '1', NULL, '2020-12-14 12:43:08', '2020-12-14 12:43:08', NULL),
(9, 3, 36, 22, 1, '1520.0000', '1', NULL, '2020-12-14 12:43:08', '2020-12-14 12:43:08', NULL),
(10, 3, 40, 22, 1, '990.0000', '1', NULL, '2020-12-14 12:43:08', '2020-12-14 12:43:08', NULL),
(11, 3, 41, 22, 1, '550.0000', '1', NULL, '2020-12-14 12:43:08', '2020-12-14 12:43:08', NULL),
(12, 3, 251, 22, 1, '1234.0000', '1', NULL, '2020-12-14 12:43:08', '2020-12-14 12:43:08', NULL),
(13, 4, 124, 23, 1, '894.0000', '1', NULL, '2020-12-14 12:43:08', '2020-12-14 12:43:08', NULL),
(14, 4, 205, 23, 1, '894.0000', '1', NULL, '2020-12-14 12:43:08', '2020-12-14 12:43:08', NULL),
(15, 4, 206, 23, 1, '894.0000', '1', NULL, '2020-12-14 12:43:08', '2020-12-14 12:43:08', NULL),
(16, 5, 36, 22, 1, '1520.0000', '1', NULL, '2020-12-14 13:10:53', '2020-12-14 13:10:53', NULL),
(17, 5, 40, 22, 1, '990.0000', '1', NULL, '2020-12-14 13:10:53', '2020-12-14 13:10:53', NULL),
(18, 5, 41, 22, 1, '550.0000', '1', NULL, '2020-12-14 13:10:53', '2020-12-14 13:10:53', NULL),
(19, 5, 251, 22, 1, '1234.0000', '1', NULL, '2020-12-14 13:10:53', '2020-12-14 13:10:53', NULL),
(20, 5, 37, 22, 1, '1740.0000', '1', NULL, '2020-12-14 13:10:53', '2020-12-14 13:10:53', NULL),
(21, 5, 44, 22, 1, '1790.0000', '1', NULL, '2020-12-14 13:10:53', '2020-12-14 13:10:53', NULL),
(22, 5, 45, 22, 1, '550.0000', '1', NULL, '2020-12-14 13:10:53', '2020-12-14 13:10:53', NULL),
(23, 6, 124, 23, 1, '894.0000', '1', NULL, '2020-12-14 13:10:53', '2020-12-14 13:10:53', NULL),
(24, 6, 205, 23, 1, '894.0000', '1', NULL, '2020-12-14 13:10:53', '2020-12-14 13:10:53', NULL),
(25, 6, 206, 23, 1, '894.0000', '1', NULL, '2020-12-14 13:10:53', '2020-12-14 13:10:53', NULL),
(26, 7, 40, 22, 1, '990.0000', '1', NULL, '2020-12-14 13:12:12', '2020-12-14 13:12:12', NULL),
(27, 7, 41, 22, 1, '550.0000', '1', NULL, '2020-12-14 13:12:12', '2020-12-14 13:12:12', NULL),
(28, 8, 40, 22, 1, '990.0000', '1', NULL, '2020-12-14 13:51:04', '2020-12-14 13:51:04', NULL),
(29, 9, 263, 22, 4, '8000.0000', '1', NULL, '2020-12-15 07:43:01', '2020-12-15 07:43:01', NULL),
(30, 9, 39, 22, 1, '1450.0000', '1', NULL, '2020-12-15 07:43:01', '2020-12-15 07:43:01', NULL),
(31, 9, 265, 22, 1, '3000.0000', '1', NULL, '2020-12-15 07:43:01', '2020-12-15 07:43:01', NULL),
(32, 9, 264, 22, 1, '4000.0000', '1', NULL, '2020-12-15 07:43:01', '2020-12-15 07:43:01', NULL),
(33, 9, 36, 22, 1, '1520.0000', '1', NULL, '2020-12-15 07:43:01', '2020-12-15 07:43:01', NULL),
(34, 9, 43, 22, 1, '230.0000', '1', NULL, '2020-12-15 07:43:01', '2020-12-15 07:43:01', NULL),
(35, 9, 44, 22, 1, '1790.0000', '1', NULL, '2020-12-15 07:43:01', '2020-12-15 07:43:01', NULL),
(36, 9, 45, 22, 1, '550.0000', '1', NULL, '2020-12-15 07:43:01', '2020-12-15 07:43:01', NULL),
(37, 9, 52, 22, 1, '995.0000', '1', NULL, '2020-12-15 07:43:01', '2020-12-15 07:43:01', NULL),
(38, 9, 53, 22, 1, '1680.0000', '1', NULL, '2020-12-15 07:43:01', '2020-12-15 07:43:01', NULL),
(39, 9, 51, 22, 1, '1900.0000', '1', NULL, '2020-12-15 07:43:01', '2020-12-15 07:43:01', NULL),
(40, 9, 60, 22, 1, '95.0000', '1', NULL, '2020-12-15 07:43:01', '2020-12-15 07:43:01', NULL),
(41, 9, 61, 22, 1, '160.0000', '1', NULL, '2020-12-15 07:43:01', '2020-12-15 07:43:01', NULL),
(42, 10, 39, 22, 1, '1450.0000', '1', NULL, '2020-12-15 07:44:30', '2020-12-15 07:44:30', NULL),
(43, 10, 40, 22, 1, '990.0000', '1', NULL, '2020-12-15 07:44:30', '2020-12-15 07:44:30', NULL),
(44, 10, 41, 22, 1, '550.0000', '1', NULL, '2020-12-15 07:44:30', '2020-12-15 07:44:30', NULL),
(45, 10, 251, 22, 1, '1234.0000', '1', NULL, '2020-12-15 07:44:30', '2020-12-15 07:44:30', NULL),
(46, 10, 240, 22, 1, '600.0000', '1', NULL, '2020-12-15 07:44:30', '2020-12-15 07:44:30', NULL),
(47, 10, 244, 22, 1, '2000.0000', '1', NULL, '2020-12-15 07:44:30', '2020-12-15 07:44:30', NULL),
(48, 10, 208, 22, 1, '5000.0000', '1', NULL, '2020-12-15 07:44:30', '2020-12-15 07:44:30', NULL),
(49, 11, 68, 23, 1, '1500.0000', '1', NULL, '2020-12-15 07:44:30', '2020-12-15 07:44:30', NULL),
(50, 11, 116, 23, 1, '1600.0000', '1', NULL, '2020-12-15 07:44:30', '2020-12-15 07:44:30', NULL),
(51, 11, 110, 23, 1, '3000.0000', '1', NULL, '2020-12-15 07:44:30', '2020-12-15 07:44:30', NULL),
(52, 11, 112, 23, 1, '5000.0000', '1', NULL, '2020-12-15 07:44:30', '2020-12-15 07:44:30', NULL),
(53, 12, 39, 22, 1, '1450.0000', '1', NULL, '2020-12-15 07:46:24', '2020-12-15 07:46:24', NULL),
(54, 12, 40, 22, 1, '990.0000', '1', NULL, '2020-12-15 07:46:24', '2020-12-15 07:46:24', NULL),
(55, 12, 41, 22, 1, '550.0000', '1', NULL, '2020-12-15 07:46:24', '2020-12-15 07:46:24', NULL),
(56, 12, 251, 22, 1, '1234.0000', '1', NULL, '2020-12-15 07:46:24', '2020-12-15 07:46:24', NULL),
(57, 12, 240, 22, 1, '600.0000', '1', NULL, '2020-12-15 07:46:24', '2020-12-15 07:46:24', NULL),
(58, 12, 244, 22, 1, '2000.0000', '1', NULL, '2020-12-15 07:46:24', '2020-12-15 07:46:24', NULL),
(59, 12, 208, 22, 1, '5000.0000', '1', NULL, '2020-12-15 07:46:24', '2020-12-15 07:46:24', NULL),
(60, 13, 68, 23, 1, '1500.0000', '1', NULL, '2020-12-15 07:46:24', '2020-12-15 07:46:24', NULL),
(61, 13, 116, 23, 1, '1600.0000', '1', NULL, '2020-12-15 07:46:24', '2020-12-15 07:46:24', NULL),
(62, 13, 110, 23, 1, '3000.0000', '1', NULL, '2020-12-15 07:46:24', '2020-12-15 07:46:24', NULL),
(63, 13, 112, 23, 1, '5000.0000', '1', NULL, '2020-12-15 07:46:24', '2020-12-15 07:46:24', NULL),
(64, 14, 39, 22, 1, '1450.0000', '1', NULL, '2020-12-15 07:48:19', '2020-12-15 07:48:19', NULL),
(65, 14, 40, 22, 1, '990.0000', '1', NULL, '2020-12-15 07:48:19', '2020-12-15 07:48:19', NULL),
(66, 14, 41, 22, 1, '550.0000', '1', NULL, '2020-12-15 07:48:19', '2020-12-15 07:48:19', NULL),
(67, 14, 251, 22, 1, '1234.0000', '1', NULL, '2020-12-15 07:48:19', '2020-12-15 07:48:19', NULL),
(68, 14, 240, 22, 1, '600.0000', '1', NULL, '2020-12-15 07:48:19', '2020-12-15 07:48:19', NULL),
(69, 14, 239, 22, 1, '1000.0000', '1', NULL, '2020-12-15 07:48:19', '2020-12-15 07:48:19', NULL),
(70, 14, 246, 22, 1, '1000.0000', '1', NULL, '2020-12-15 07:48:19', '2020-12-15 07:48:19', NULL),
(71, 14, 252, 22, 1, '111.0000', '1', NULL, '2020-12-15 07:48:19', '2020-12-15 07:48:19', NULL),
(72, 15, 68, 23, 1, '1500.0000', '1', NULL, '2020-12-15 07:48:19', '2020-12-15 07:48:19', NULL),
(73, 15, 80, 23, 1, '1700.0000', '1', NULL, '2020-12-15 07:48:19', '2020-12-15 07:48:19', NULL),
(74, 16, 150, 28, 1, '1015.0000', '1', NULL, '2020-12-15 07:48:19', '2020-12-15 07:48:19', NULL),
(75, 16, 157, 28, 1, '1015.0000', '1', NULL, '2020-12-15 07:48:19', '2020-12-15 07:48:19', NULL),
(76, 16, 164, 28, 1, '1015.0000', '1', NULL, '2020-12-15 07:48:19', '2020-12-15 07:48:19', NULL),
(77, 17, 152, 30, 1, '500.0000', '1', NULL, '2020-12-15 07:48:19', '2020-12-15 07:48:19', NULL),
(78, 18, 44, 22, 1, '1790.0000', '1', NULL, '2020-12-15 07:50:30', '2020-12-15 07:50:30', NULL),
(79, 18, 45, 22, 1, '550.0000', '1', NULL, '2020-12-15 07:50:30', '2020-12-15 07:50:30', NULL),
(80, 18, 46, 22, 1, '1130.0000', '1', NULL, '2020-12-15 07:50:30', '2020-12-15 07:50:30', NULL),
(81, 18, 52, 22, 1, '995.0000', '1', NULL, '2020-12-15 07:50:30', '2020-12-15 07:50:30', NULL),
(82, 18, 53, 22, 1, '1680.0000', '1', NULL, '2020-12-15 07:50:30', '2020-12-15 07:50:30', NULL),
(83, 19, 265, 22, 2, '6000.0000', '1', NULL, '2020-12-15 07:53:15', '2020-12-15 07:53:15', NULL),
(84, 19, 39, 22, 1, '1450.0000', '1', NULL, '2020-12-15 07:53:15', '2020-12-15 07:53:15', NULL),
(85, 19, 44, 22, 1, '1790.0000', '1', NULL, '2020-12-15 07:53:15', '2020-12-15 07:53:15', NULL),
(86, 20, 58, 22, 1, '6270.0000', '1', NULL, '2020-12-15 07:53:55', '2020-12-15 07:53:55', NULL),
(87, 20, 62, 22, 1, '350.0000', '1', NULL, '2020-12-15 07:53:55', '2020-12-15 07:53:55', NULL),
(88, 20, 63, 22, 1, '260.0000', '1', NULL, '2020-12-15 07:53:55', '2020-12-15 07:53:55', NULL),
(89, 21, 52, 22, 1, '995.0000', '1', NULL, '2020-12-15 07:56:25', '2020-12-15 07:56:25', NULL),
(90, 21, 53, 22, 1, '1680.0000', '1', NULL, '2020-12-15 07:56:25', '2020-12-15 07:56:25', NULL),
(91, 21, 48, 22, 1, '1800.0000', '1', NULL, '2020-12-15 07:56:25', '2020-12-15 07:56:25', NULL),
(92, 21, 251, 22, 1, '1234.0000', '1', NULL, '2020-12-15 07:56:25', '2020-12-15 07:56:25', NULL),
(93, 21, 263, 22, 1, '2000.0000', '1', NULL, '2020-12-15 07:56:25', '2020-12-15 07:56:25', NULL),
(94, 22, 58, 22, 1, '6270.0000', '1', NULL, '2020-12-15 07:57:33', '2020-12-15 07:57:33', NULL),
(95, 22, 57, 22, 1, '10450.0000', '1', NULL, '2020-12-15 07:57:33', '2020-12-15 07:57:33', NULL),
(96, 23, 118, 23, 1, '2500.0000', '1', NULL, '2020-12-15 07:57:33', '2020-12-15 07:57:33', NULL),
(97, 23, 82, 23, 1, '24000.0000', '1', NULL, '2020-12-15 07:57:33', '2020-12-15 07:57:33', NULL),
(98, 24, 91, 28, 1, '45000.0000', '1', NULL, '2020-12-15 07:57:33', '2020-12-15 07:57:33', NULL),
(99, 25, 265, 22, 1, '3000.0000', '1', NULL, '2020-12-15 07:59:59', '2020-12-15 07:59:59', NULL),
(100, 25, 264, 22, 1, '4000.0000', '1', NULL, '2020-12-15 07:59:59', '2020-12-15 07:59:59', NULL),
(101, 26, 58, 22, 2, '12540.0000', '1', NULL, '2020-12-15 10:11:02', '2020-12-15 10:11:02', NULL),
(102, 27, 63, 22, 1, '260.0000', '1', NULL, '2020-12-15 12:35:36', '2020-12-15 12:35:36', NULL),
(103, 27, 64, 22, 1, '1080.0000', '1', NULL, '2020-12-15 12:35:36', '2020-12-15 12:35:36', NULL),
(104, 27, 65, 22, 1, '500.0000', '1', NULL, '2020-12-15 12:35:36', '2020-12-15 12:35:36', NULL),
(105, 27, 40, 22, 1, '990.0000', '1', NULL, '2020-12-15 12:35:36', '2020-12-15 12:35:36', NULL),
(106, 27, 39, 22, 1, '1450.0000', '1', NULL, '2020-12-15 12:35:36', '2020-12-15 12:35:36', NULL),
(107, 27, 43, 22, 1, '230.0000', '1', NULL, '2020-12-15 12:35:36', '2020-12-15 12:35:36', NULL),
(108, 27, 44, 22, 1, '1790.0000', '1', NULL, '2020-12-15 12:35:36', '2020-12-15 12:35:36', NULL),
(109, 27, 45, 22, 1, '550.0000', '1', NULL, '2020-12-15 12:35:36', '2020-12-15 12:35:36', NULL),
(110, 27, 264, 22, 1, '4000.0000', '1', NULL, '2020-12-15 12:35:36', '2020-12-15 12:35:36', NULL),
(111, 28, 68, 23, 1, '1500.0000', '1', NULL, '2020-12-15 12:35:36', '2020-12-15 12:35:36', NULL),
(112, 28, 74, 23, 1, '500.0000', '1', NULL, '2020-12-15 12:35:36', '2020-12-15 12:35:36', NULL),
(113, 29, 63, 22, 1, '260.0000', '1', NULL, '2020-12-17 06:27:53', '2020-12-17 06:27:53', NULL),
(114, 29, 64, 22, 1, '1080.0000', '1', NULL, '2020-12-17 06:27:53', '2020-12-17 06:27:53', NULL),
(115, 29, 65, 22, 1, '500.0000', '1', NULL, '2020-12-17 06:27:53', '2020-12-17 06:27:53', NULL),
(116, 29, 40, 22, 1, '990.0000', '1', NULL, '2020-12-17 06:27:53', '2020-12-17 06:27:53', NULL),
(117, 29, 39, 22, 1, '1450.0000', '1', NULL, '2020-12-17 06:27:53', '2020-12-17 06:27:53', NULL),
(118, 29, 43, 22, 1, '230.0000', '1', NULL, '2020-12-17 06:27:53', '2020-12-17 06:27:53', NULL),
(119, 29, 44, 22, 1, '1790.0000', '1', NULL, '2020-12-17 06:27:53', '2020-12-17 06:27:53', NULL),
(120, 29, 45, 22, 1, '550.0000', '1', NULL, '2020-12-17 06:27:53', '2020-12-17 06:27:53', NULL),
(121, 29, 264, 22, 1, '4000.0000', '1', NULL, '2020-12-17 06:27:53', '2020-12-17 06:27:53', NULL),
(122, 30, 68, 23, 1, '1500.0000', '1', NULL, '2020-12-17 06:27:53', '2020-12-17 06:27:53', NULL),
(123, 30, 74, 23, 1, '500.0000', '1', NULL, '2020-12-17 06:27:53', '2020-12-17 06:27:53', NULL),
(124, 30, 116, 23, 1, '1600.0000', '1', NULL, '2020-12-17 06:27:53', '2020-12-17 06:27:53', NULL),
(125, 30, 110, 23, 1, '3000.0000', '1', NULL, '2020-12-17 06:27:53', '2020-12-17 06:27:53', NULL),
(126, 31, 157, 28, 1, '1015.0000', '1', NULL, '2020-12-17 06:27:53', '2020-12-17 06:27:53', NULL),
(127, 31, 160, 28, 1, '1015.0000', '1', NULL, '2020-12-17 06:27:53', '2020-12-17 06:27:53', NULL),
(128, 31, 164, 28, 1, '1015.0000', '1', NULL, '2020-12-17 06:27:53', '2020-12-17 06:27:53', NULL),
(129, 32, 46, 22, 1, '1130.0000', '1', NULL, '2020-12-17 06:32:43', '2020-12-17 06:32:43', NULL),
(130, 32, 40, 22, 1, '990.0000', '1', NULL, '2020-12-17 06:32:43', '2020-12-17 06:32:43', NULL),
(131, 32, 41, 22, 1, '550.0000', '1', NULL, '2020-12-17 06:32:43', '2020-12-17 06:32:43', NULL),
(132, 32, 52, 22, 1, '995.0000', '1', NULL, '2020-12-17 06:32:43', '2020-12-17 06:32:43', NULL),
(133, 32, 53, 22, 1, '1680.0000', '1', NULL, '2020-12-17 06:32:43', '2020-12-17 06:32:43', NULL),
(134, 32, 51, 22, 1, '1900.0000', '1', NULL, '2020-12-17 06:32:43', '2020-12-17 06:32:43', NULL),
(135, 32, 47, 22, 1, '1099.0000', '1', NULL, '2020-12-17 06:32:43', '2020-12-17 06:32:43', NULL),
(136, 32, 60, 22, 1, '95.0000', '1', NULL, '2020-12-17 06:32:43', '2020-12-17 06:32:43', NULL),
(137, 32, 62, 22, 1, '350.0000', '1', NULL, '2020-12-17 06:32:43', '2020-12-17 06:32:43', NULL),
(138, 32, 65, 22, 1, '500.0000', '1', NULL, '2020-12-17 06:32:43', '2020-12-17 06:32:43', NULL),
(139, 32, 64, 22, 1, '1080.0000', '1', NULL, '2020-12-17 06:32:43', '2020-12-17 06:32:43', NULL),
(140, 32, 66, 22, 1, '1300.0000', '1', NULL, '2020-12-17 06:32:43', '2020-12-17 06:32:43', NULL),
(141, 32, 63, 22, 1, '260.0000', '1', NULL, '2020-12-17 06:32:43', '2020-12-17 06:32:43', NULL),
(142, 33, 68, 23, 1, '1500.0000', '1', NULL, '2020-12-17 06:32:43', '2020-12-17 06:32:43', NULL),
(143, 33, 74, 23, 1, '500.0000', '1', NULL, '2020-12-17 06:32:43', '2020-12-17 06:32:43', NULL),
(144, 33, 71, 23, 1, '230.0000', '1', NULL, '2020-12-17 06:32:43', '2020-12-17 06:32:43', NULL),
(145, 34, 37, 22, 1, '1730.0000', '1', NULL, '2020-12-17 06:40:20', '2020-12-17 06:40:20', NULL),
(146, 35, 263, 22, 2, '4000.0000', '1', NULL, '2020-12-17 06:43:29', '2020-12-17 06:43:29', NULL),
(147, 36, 58, 22, 1, '6270.0000', '1', NULL, '2020-12-17 06:47:00', '2020-12-17 06:47:00', NULL),
(148, 36, 57, 22, 1, '10450.0000', '1', NULL, '2020-12-17 06:47:00', '2020-12-17 06:47:00', NULL),
(149, 36, 37, 22, 1, '1740.0000', '1', NULL, '2020-12-17 06:47:00', '2020-12-17 06:47:00', NULL),
(150, 36, 36, 22, 1, '1520.0000', '1', NULL, '2020-12-17 06:47:00', '2020-12-17 06:47:00', NULL),
(151, 36, 38, 22, 1, '1200.0000', '1', NULL, '2020-12-17 06:47:00', '2020-12-17 06:47:00', NULL),
(152, 36, 39, 22, 1, '1450.0000', '1', NULL, '2020-12-17 06:47:00', '2020-12-17 06:47:00', NULL),
(153, 36, 265, 22, 1, '3000.0000', '1', NULL, '2020-12-17 06:47:00', '2020-12-17 06:47:00', NULL),
(154, 36, 266, 22, 1, '10000.0000', '1', NULL, '2020-12-17 06:47:00', '2020-12-17 06:47:00', NULL),
(155, 36, 263, 22, 1, '2000.0000', '1', NULL, '2020-12-17 06:47:00', '2020-12-17 06:47:00', NULL),
(156, 36, 262, 22, 1, '6000.0000', '1', NULL, '2020-12-17 06:47:00', '2020-12-17 06:47:00', NULL),
(157, 36, 44, 22, 1, '1790.0000', '1', NULL, '2020-12-17 06:47:00', '2020-12-17 06:47:00', NULL),
(158, 36, 40, 22, 1, '990.0000', '1', NULL, '2020-12-17 06:47:00', '2020-12-17 06:47:00', NULL),
(159, 36, 43, 22, 1, '230.0000', '1', NULL, '2020-12-17 06:47:00', '2020-12-17 06:47:00', NULL),
(160, 37, 267, 60, 1, '1000.0000', '1', NULL, '2020-12-17 06:47:00', '2020-12-17 06:47:00', NULL),
(161, 38, 52, 22, 1, '995.0000', '1', NULL, '2020-12-17 06:53:58', '2020-12-17 06:53:58', NULL),
(162, 38, 53, 22, 1, '1680.0000', '1', NULL, '2020-12-17 06:53:58', '2020-12-17 06:53:58', NULL),
(163, 39, 52, 22, 1, '995.0000', '1', NULL, '2020-12-17 07:13:42', '2020-12-17 07:13:42', NULL),
(164, 39, 53, 22, 1, '1680.0000', '1', NULL, '2020-12-17 07:13:42', '2020-12-17 07:13:42', NULL),
(165, 39, 51, 22, 1, '1900.0000', '1', NULL, '2020-12-17 07:13:42', '2020-12-17 07:13:42', NULL),
(166, 40, 36, 22, 1, '1520.0000', '1', NULL, '2020-12-17 07:14:21', '2020-12-17 07:14:21', NULL),
(167, 41, 58, 22, 1, '6270.0000', '1', NULL, '2020-12-17 07:23:12', '2020-12-17 07:23:12', NULL),
(168, 41, 57, 22, 1, '10450.0000', '1', NULL, '2020-12-17 07:23:12', '2020-12-17 07:23:12', NULL),
(169, 41, 37, 22, 1, '1740.0000', '1', NULL, '2020-12-17 07:23:12', '2020-12-17 07:23:12', NULL),
(170, 41, 36, 22, 1, '1520.0000', '1', NULL, '2020-12-17 07:23:12', '2020-12-17 07:23:12', NULL),
(171, 41, 38, 22, 1, '1200.0000', '1', NULL, '2020-12-17 07:23:12', '2020-12-17 07:23:12', NULL),
(172, 41, 39, 22, 1, '1450.0000', '1', NULL, '2020-12-17 07:23:12', '2020-12-17 07:23:12', NULL),
(173, 41, 265, 22, 1, '3000.0000', '1', NULL, '2020-12-17 07:23:12', '2020-12-17 07:23:12', NULL),
(174, 41, 266, 22, 1, '10000.0000', '1', NULL, '2020-12-17 07:23:12', '2020-12-17 07:23:12', NULL),
(175, 41, 263, 22, 1, '2000.0000', '1', NULL, '2020-12-17 07:23:12', '2020-12-17 07:23:12', NULL),
(176, 41, 262, 22, 1, '6000.0000', '1', NULL, '2020-12-17 07:23:12', '2020-12-17 07:23:12', NULL),
(177, 41, 44, 22, 1, '1790.0000', '1', NULL, '2020-12-17 07:23:12', '2020-12-17 07:23:12', NULL),
(178, 41, 40, 22, 1, '990.0000', '1', NULL, '2020-12-17 07:23:12', '2020-12-17 07:23:12', NULL),
(179, 41, 43, 22, 1, '230.0000', '1', NULL, '2020-12-17 07:23:12', '2020-12-17 07:23:12', NULL),
(180, 42, 267, 60, 1, '1000.0000', '1', NULL, '2020-12-17 07:23:12', '2020-12-17 07:23:12', NULL),
(181, 43, 82, 23, 1, '24000.0000', '1', NULL, '2020-12-17 07:23:12', '2020-12-17 07:23:12', NULL),
(182, 43, 254, 23, 1, '900.0000', '1', NULL, '2020-12-17 07:23:12', '2020-12-17 07:23:12', NULL),
(183, 44, 91, 28, 1, '45000.0000', '1', NULL, '2020-12-17 07:23:12', '2020-12-17 07:23:12', NULL),
(184, 45, 118, 23, 1, '2500.0000', '1', NULL, '2020-12-20 06:36:03', '2020-12-20 06:36:03', NULL),
(185, 45, 120, 23, 1, '3000.0000', '1', NULL, '2020-12-20 06:36:03', '2020-12-20 06:36:03', NULL),
(186, 45, 122, 23, 1, '300.0000', '1', NULL, '2020-12-20 06:36:03', '2020-12-20 06:36:03', NULL),
(187, 45, 68, 23, 1, '1500.0000', '1', NULL, '2020-12-20 06:36:03', '2020-12-20 06:36:03', NULL),
(188, 46, 93, 22, 1, '195.0000', '1', NULL, '2020-12-20 06:36:03', '2020-12-20 06:36:03', NULL),
(189, 46, 264, 22, 1, '4000.0000', '1', NULL, '2020-12-20 06:36:03', '2020-12-20 06:36:03', NULL),
(190, 46, 41, 22, 1, '550.0000', '1', NULL, '2020-12-20 06:36:03', '2020-12-20 06:36:03', NULL),
(191, 46, 263, 22, 1, '2000.0000', '1', NULL, '2020-12-20 06:36:03', '2020-12-20 06:36:03', NULL),
(192, 46, 269, 22, 1, '2000.0000', '1', NULL, '2020-12-20 06:36:03', '2020-12-20 06:36:03', NULL),
(193, 46, 268, 22, 1, '1000.0000', '1', NULL, '2020-12-20 06:36:03', '2020-12-20 06:36:03', NULL),
(194, 46, 261, 22, 1, '4904.0000', '1', NULL, '2020-12-20 06:36:03', '2020-12-20 06:36:03', NULL),
(195, 46, 262, 22, 1, '6000.0000', '1', NULL, '2020-12-20 06:36:03', '2020-12-20 06:36:03', NULL),
(196, 47, 267, 60, 1, '1000.0000', '1', NULL, '2020-12-20 06:36:03', '2020-12-20 06:36:03', NULL),
(197, 48, 39, 22, 1, '1450.0000', '1', NULL, '2020-12-20 07:10:08', '2020-12-20 07:10:08', NULL),
(198, 48, 40, 22, 1, '990.0000', '1', NULL, '2020-12-20 07:10:08', '2020-12-20 07:10:08', NULL),
(199, 48, 41, 22, 1, '550.0000', '1', NULL, '2020-12-20 07:10:08', '2020-12-20 07:10:08', NULL),
(200, 48, 264, 22, 1, '4000.0000', '1', NULL, '2020-12-20 07:10:08', '2020-12-20 07:10:08', NULL),
(201, 48, 251, 22, 1, '1234.0000', '1', NULL, '2020-12-20 07:10:08', '2020-12-20 07:10:08', NULL),
(202, 48, 240, 22, 1, '600.0000', '1', NULL, '2020-12-20 07:10:08', '2020-12-20 07:10:08', NULL),
(203, 48, 269, 22, 1, '2000.0000', '1', NULL, '2020-12-20 07:10:08', '2020-12-20 07:10:08', NULL),
(204, 48, 93, 22, 1, '195.0000', '1', NULL, '2020-12-20 07:10:08', '2020-12-20 07:10:08', NULL),
(205, 49, 68, 23, 1, '1500.0000', '1', NULL, '2020-12-20 07:10:08', '2020-12-20 07:10:08', NULL),
(206, 49, 118, 23, 1, '2500.0000', '1', NULL, '2020-12-20 07:10:08', '2020-12-20 07:10:08', NULL),
(207, 49, 120, 23, 1, '3000.0000', '1', NULL, '2020-12-20 07:10:08', '2020-12-20 07:10:08', NULL),
(208, 50, 160, 28, 1, '1015.0000', '1', NULL, '2020-12-20 07:10:08', '2020-12-20 07:10:08', NULL),
(209, 50, 162, 28, 1, '1015.0000', '1', NULL, '2020-12-20 07:10:08', '2020-12-20 07:10:08', NULL),
(210, 50, 168, 28, 1, '1015.0000', '1', NULL, '2020-12-20 07:10:08', '2020-12-20 07:10:08', NULL),
(211, 51, 39, 22, 1, '1450.0000', '1', NULL, '2020-12-20 07:11:36', '2020-12-20 07:11:36', NULL),
(212, 51, 40, 22, 1, '990.0000', '1', NULL, '2020-12-20 07:11:36', '2020-12-20 07:11:36', NULL),
(213, 51, 41, 22, 1, '550.0000', '1', NULL, '2020-12-20 07:11:36', '2020-12-20 07:11:36', NULL),
(214, 51, 264, 22, 1, '4000.0000', '1', NULL, '2020-12-20 07:11:36', '2020-12-20 07:11:36', NULL),
(215, 51, 251, 22, 1, '1234.0000', '1', NULL, '2020-12-20 07:11:36', '2020-12-20 07:11:36', NULL),
(216, 51, 240, 22, 1, '600.0000', '1', NULL, '2020-12-20 07:11:36', '2020-12-20 07:11:36', NULL),
(217, 51, 269, 22, 1, '2000.0000', '1', NULL, '2020-12-20 07:11:36', '2020-12-20 07:11:36', NULL),
(218, 51, 93, 22, 1, '195.0000', '1', NULL, '2020-12-20 07:11:36', '2020-12-20 07:11:36', NULL),
(219, 52, 68, 23, 1, '1500.0000', '1', NULL, '2020-12-20 07:11:36', '2020-12-20 07:11:36', NULL),
(220, 52, 118, 23, 1, '2500.0000', '1', NULL, '2020-12-20 07:11:36', '2020-12-20 07:11:36', NULL),
(221, 52, 120, 23, 1, '3000.0000', '1', NULL, '2020-12-20 07:11:36', '2020-12-20 07:11:36', NULL),
(222, 53, 160, 28, 1, '1015.0000', '1', NULL, '2020-12-20 07:11:36', '2020-12-20 07:11:36', NULL),
(223, 53, 162, 28, 1, '1015.0000', '1', NULL, '2020-12-20 07:11:36', '2020-12-20 07:11:36', NULL),
(224, 53, 168, 28, 1, '1015.0000', '1', NULL, '2020-12-20 07:11:36', '2020-12-20 07:11:36', NULL),
(225, 54, 263, 22, 1, '2000.0000', '1', NULL, '2020-12-20 07:13:02', '2020-12-20 07:13:02', NULL),
(226, 55, 264, 22, 1, '4000.0000', '1', NULL, '2020-12-20 07:17:20', '2020-12-20 07:17:20', NULL),
(227, 55, 246, 22, 1, '1000.0000', '1', NULL, '2020-12-20 07:17:20', '2020-12-20 07:17:20', NULL),
(228, 56, 38, 22, 1, '1200.0000', '1', NULL, '2020-12-22 05:12:00', '2020-12-22 05:12:00', NULL),
(229, 56, 39, 22, 1, '1450.0000', '1', NULL, '2020-12-22 05:12:00', '2020-12-22 05:12:00', NULL),
(230, 56, 269, 22, 1, '2000.0000', '1', NULL, '2020-12-22 05:12:00', '2020-12-22 05:12:00', NULL),
(231, 57, 263, 22, 1, '2000.0000', '1', NULL, '2020-12-22 05:53:54', '2020-12-22 05:53:54', NULL),
(232, 58, 263, 22, 1, '2000.0000', '1', NULL, '2020-12-22 05:56:59', '2020-12-22 05:56:59', NULL),
(233, 58, 268, 22, 1, '1000.0000', '1', NULL, '2020-12-22 05:56:59', '2020-12-22 05:56:59', NULL),
(234, 58, 44, 22, 1, '1790.0000', '1', NULL, '2020-12-22 05:56:59', '2020-12-22 05:56:59', NULL),
(235, 59, 40, 22, 1, '990.0000', '1', NULL, '2020-12-22 06:03:43', '2020-12-22 06:03:43', NULL),
(236, 59, 41, 22, 1, '550.0000', '1', NULL, '2020-12-22 06:03:43', '2020-12-22 06:03:43', NULL),
(237, 59, 262, 22, 1, '6000.0000', '1', NULL, '2020-12-22 06:03:43', '2020-12-22 06:03:43', NULL),
(238, 59, 263, 22, 1, '2000.0000', '1', NULL, '2020-12-22 06:03:43', '2020-12-22 06:03:43', NULL),
(239, 60, 44, 22, 1, '1790.0000', '1', NULL, '2020-12-22 06:05:49', '2020-12-22 06:05:49', NULL),
(240, 60, 45, 22, 1, '550.0000', '1', NULL, '2020-12-22 06:05:49', '2020-12-22 06:05:49', NULL),
(241, 60, 46, 22, 1, '1130.0000', '1', NULL, '2020-12-22 06:05:49', '2020-12-22 06:05:49', NULL),
(242, 60, 39, 22, 1, '1450.0000', '1', NULL, '2020-12-22 06:05:49', '2020-12-22 06:05:49', NULL),
(307, 74, 91, 28, 1, '45000.0000', '1', NULL, '2020-12-22 08:21:12', '2020-12-22 08:21:12', NULL),
(308, 75, 58, 22, 1, '6270.0000', '1', NULL, '2020-12-22 08:25:13', '2020-12-22 08:25:13', NULL),
(309, 75, 57, 22, 1, '10450.0000', '1', NULL, '2020-12-22 08:25:13', '2020-12-22 08:25:13', NULL),
(310, 75, 37, 22, 1, '1740.0000', '1', NULL, '2020-12-22 08:25:13', '2020-12-22 08:25:13', NULL),
(311, 75, 36, 22, 1, '1520.0000', '1', NULL, '2020-12-22 08:25:13', '2020-12-22 08:25:13', NULL),
(312, 75, 38, 22, 1, '1200.0000', '1', NULL, '2020-12-22 08:25:13', '2020-12-22 08:25:13', NULL),
(313, 75, 39, 22, 1, '1450.0000', '1', NULL, '2020-12-22 08:25:13', '2020-12-22 08:25:13', NULL),
(314, 75, 265, 22, 1, '3000.0000', '1', NULL, '2020-12-22 08:25:14', '2020-12-22 08:25:14', NULL),
(315, 75, 266, 22, 1, '10000.0000', '1', NULL, '2020-12-22 08:25:14', '2020-12-22 08:25:14', NULL),
(316, 75, 263, 22, 1, '2000.0000', '1', NULL, '2020-12-22 08:25:14', '2020-12-22 08:25:14', NULL),
(317, 75, 262, 22, 1, '6000.0000', '1', NULL, '2020-12-22 08:25:14', '2020-12-22 08:25:14', NULL),
(318, 75, 44, 22, 1, '1790.0000', '1', NULL, '2020-12-22 08:25:14', '2020-12-22 08:25:14', NULL),
(319, 75, 40, 22, 1, '990.0000', '1', NULL, '2020-12-22 08:25:14', '2020-12-22 08:25:14', NULL),
(320, 75, 43, 22, 1, '230.0000', '1', NULL, '2020-12-22 08:25:14', '2020-12-22 08:25:14', NULL),
(321, 75, 37, 22, 2, '3440.0000', '1', NULL, '2020-12-22 08:25:14', '2020-12-22 08:25:14', NULL),
(322, 76, 267, 60, 1, '1000.0000', '1', NULL, '2020-12-22 08:25:14', '2020-12-22 08:25:14', NULL),
(323, 77, 82, 23, 1, '24000.0000', '1', NULL, '2020-12-22 08:25:14', '2020-12-22 08:25:14', NULL),
(324, 77, 254, 23, 1, '900.0000', '1', NULL, '2020-12-22 08:25:14', '2020-12-22 08:25:14', NULL),
(325, 77, 94, 23, 1, '799.0000', '1', NULL, '2020-12-22 08:25:14', '2020-12-22 08:25:14', NULL),
(326, 78, 91, 28, 1, '45000.0000', '1', NULL, '2020-12-22 08:25:14', '2020-12-22 08:25:14', NULL),
(327, 79, 197, 23, 1, '894.0000', '1', NULL, '2020-12-22 08:30:04', '2020-12-22 08:30:04', NULL),
(328, 80, 251, 22, 1, '1234.0000', '1', NULL, '2020-12-22 08:30:04', '2020-12-22 08:30:04', NULL),
(329, 80, 39, 22, 1, '1450.0000', '1', NULL, '2020-12-22 08:30:04', '2020-12-22 08:30:04', NULL),
(330, 80, 37, 22, 1, '1740.0000', '1', NULL, '2020-12-22 08:30:04', '2020-12-22 08:30:04', NULL),
(331, 81, 269, 22, 1, '2000.0000', '1', NULL, '2020-12-22 08:30:28', '2020-12-22 08:30:28', NULL),
(332, 81, 40, 22, 1, '990.0000', '1', NULL, '2020-12-22 08:30:28', '2020-12-22 08:30:28', NULL),
(333, 81, 45, 22, 1, '550.0000', '1', NULL, '2020-12-22 08:30:28', '2020-12-22 08:30:28', NULL),
(334, 82, 39, 22, 1, '1450.0000', '1', NULL, '2020-12-22 08:32:26', '2020-12-22 08:32:26', NULL),
(335, 82, 40, 22, 1, '990.0000', '1', NULL, '2020-12-22 08:32:26', '2020-12-22 08:32:26', NULL),
(336, 82, 41, 22, 1, '550.0000', '1', NULL, '2020-12-22 08:32:26', '2020-12-22 08:32:26', NULL),
(337, 82, 269, 22, 1, '2000.0000', '1', NULL, '2020-12-22 08:32:26', '2020-12-22 08:32:26', NULL),
(338, 82, 268, 22, 1, '1000.0000', '1', NULL, '2020-12-22 08:32:26', '2020-12-22 08:32:26', NULL),
(339, 82, 263, 22, 1, '2000.0000', '1', NULL, '2020-12-22 08:32:26', '2020-12-22 08:32:26', NULL),
(340, 82, 261, 22, 1, '4904.0000', '1', NULL, '2020-12-22 08:32:26', '2020-12-22 08:32:26', NULL),
(341, 82, 45, 22, 1, '550.0000', '1', NULL, '2020-12-22 08:32:26', '2020-12-22 08:32:26', NULL),
(342, 82, 46, 22, 1, '1130.0000', '1', NULL, '2020-12-22 08:32:26', '2020-12-22 08:32:26', NULL),
(343, 82, 44, 22, 1, '1790.0000', '1', NULL, '2020-12-22 08:32:26', '2020-12-22 08:32:26', NULL),
(344, 82, 43, 22, 1, '230.0000', '1', NULL, '2020-12-22 08:32:26', '2020-12-22 08:32:26', NULL),
(345, 82, 48, 22, 1, '1800.0000', '1', NULL, '2020-12-22 08:32:26', '2020-12-22 08:32:26', NULL),
(346, 82, 49, 22, 1, '3675.0000', '1', NULL, '2020-12-22 08:32:26', '2020-12-22 08:32:26', NULL),
(347, 82, 50, 22, 1, '1900.0000', '1', NULL, '2020-12-22 08:32:26', '2020-12-22 08:32:26', NULL),
(348, 82, 54, 22, 1, '1560.0000', '1', NULL, '2020-12-22 08:32:26', '2020-12-22 08:32:26', NULL),
(349, 83, 267, 60, 1, '1000.0000', '1', NULL, '2020-12-22 08:32:26', '2020-12-22 08:32:26', NULL),
(350, 84, 270, 61, 1, '100.0000', '1', NULL, '2020-12-22 11:30:16', '2020-12-22 11:30:16', NULL),
(351, 85, 269, 22, 1, '2000.0000', '1', NULL, '2020-12-22 11:30:16', '2020-12-22 11:30:16', NULL);

-- --------------------------------------------------------

--
-- Table structure for table `product_suborder_item_variants`
--

CREATE TABLE `product_suborder_item_variants` (
  `id` int(11) NOT NULL,
  `product_suborder_item_id` int(11) NOT NULL,
  `product_id` int(11) NOT NULL,
  `variant_id` int(11) NOT NULL,
  `warehouse_variant_id` int(11) NOT NULL,
  `product_variant_id` int(11) DEFAULT NULL,
  `created_at` datetime NOT NULL DEFAULT '1970-01-01 00:00:00',
  `updated_at` timestamp NOT NULL DEFAULT CURRENT_TIMESTAMP,
  `deleted_at` datetime DEFAULT NULL
) ENGINE=InnoDB DEFAULT CHARSET=latin1;

--
-- Dumping data for table `product_suborder_item_variants`
--

INSERT INTO `product_suborder_item_variants` (`id`, `product_suborder_item_id`, `product_id`, `variant_id`, `warehouse_variant_id`, `product_variant_id`, `created_at`, `updated_at`, `deleted_at`) VALUES
(1, 2, 41, 1, 31, 24, '2020-12-14 11:50:28', '2020-12-14 11:50:28', NULL),
(2, 9, 36, 5, 28, 13, '2020-12-14 12:43:08', '2020-12-14 12:43:08', NULL),
(3, 9, 36, 2, 27, 12, '2020-12-14 12:43:08', '2020-12-14 12:43:08', NULL),
(4, 11, 41, 1, 31, 24, '2020-12-14 12:43:08', '2020-12-14 12:43:08', NULL),
(5, 13, 124, 5, 50, 28, '2020-12-14 12:43:08', '2020-12-14 12:43:08', NULL),
(6, 13, 124, 2, 40, 32, '2020-12-14 12:43:08', '2020-12-14 12:43:08', NULL),
(7, 16, 36, 5, 28, 13, '2020-12-14 13:10:53', '2020-12-14 13:10:53', NULL),
(8, 16, 36, 2, 27, 12, '2020-12-14 13:10:53', '2020-12-14 13:10:53', NULL),
(9, 18, 41, 1, 31, 24, '2020-12-14 13:10:53', '2020-12-14 13:10:53', NULL),
(10, 20, 37, 1, 31, 15, '2020-12-14 13:10:53', '2020-12-14 13:10:53', NULL),
(11, 20, 37, 2, 27, 20, '2020-12-14 13:10:53', '2020-12-14 13:10:53', NULL),
(12, 23, 124, 5, 50, 28, '2020-12-14 13:10:53', '2020-12-14 13:10:53', NULL),
(13, 23, 124, 2, 40, 32, '2020-12-14 13:10:53', '2020-12-14 13:10:53', NULL),
(14, 27, 41, 1, 31, 24, '2020-12-14 13:12:12', '2020-12-14 13:12:12', NULL),
(15, 33, 36, 2, 27, 12, '2020-12-15 07:43:01', '2020-12-15 07:43:01', NULL),
(16, 33, 36, 5, 28, 13, '2020-12-15 07:43:01', '2020-12-15 07:43:01', NULL),
(17, 44, 41, 1, 31, 24, '2020-12-15 07:44:30', '2020-12-15 07:44:30', NULL),
(18, 55, 41, 1, 31, 24, '2020-12-15 07:46:24', '2020-12-15 07:46:24', NULL),
(19, 66, 41, 1, 31, 24, '2020-12-15 07:48:19', '2020-12-15 07:48:19', NULL),
(20, 131, 41, 1, 31, 24, '2020-12-17 06:32:43', '2020-12-17 06:32:43', NULL),
(21, 145, 37, 1, 32, 18, '2020-12-17 06:40:20', '2020-12-17 06:40:20', NULL),
(22, 145, 37, 2, 27, 20, '2020-12-17 06:40:20', '2020-12-17 06:40:20', NULL),
(23, 149, 37, 1, 31, 15, '2020-12-17 06:47:00', '2020-12-17 06:47:00', NULL),
(24, 149, 37, 2, 27, 20, '2020-12-17 06:47:00', '2020-12-17 06:47:00', NULL),
(25, 150, 36, 2, 27, 12, '2020-12-17 06:47:00', '2020-12-17 06:47:00', NULL),
(26, 150, 36, 5, 28, 13, '2020-12-17 06:47:00', '2020-12-17 06:47:00', NULL),
(27, 166, 36, 5, 28, 13, '2020-12-17 07:14:21', '2020-12-17 07:14:21', NULL),
(28, 166, 36, 2, 27, 12, '2020-12-17 07:14:21', '2020-12-17 07:14:21', NULL),
(29, 169, 37, 1, 31, 15, '2020-12-17 07:23:12', '2020-12-17 07:23:12', NULL),
(30, 169, 37, 2, 27, 20, '2020-12-17 07:23:12', '2020-12-17 07:23:12', NULL),
(31, 170, 36, 2, 27, 12, '2020-12-17 07:23:12', '2020-12-17 07:23:12', NULL),
(32, 170, 36, 5, 28, 13, '2020-12-17 07:23:12', '2020-12-17 07:23:12', NULL),
(33, 190, 41, 1, 31, 24, '2020-12-20 06:36:03', '2020-12-20 06:36:03', NULL),
(34, 199, 41, 1, 31, 24, '2020-12-20 07:10:08', '2020-12-20 07:10:08', NULL),
(35, 213, 41, 1, 31, 24, '2020-12-20 07:11:36', '2020-12-20 07:11:36', NULL),
(36, 236, 41, 1, 31, 24, '2020-12-22 06:03:43', '2020-12-22 06:03:43', NULL),
(37, 244, 41, 1, 31, 24, '2020-12-22 07:59:16', '2020-12-22 07:59:16', NULL),
(38, 248, 41, 1, 31, 24, '2020-12-22 07:59:59', '2020-12-22 07:59:59', NULL),
(39, 253, 37, 1, 31, 15, '2020-12-22 08:02:55', '2020-12-22 08:02:55', NULL),
(40, 253, 37, 2, 27, 20, '2020-12-22 08:02:55', '2020-12-22 08:02:55', NULL),
(41, 254, 36, 2, 27, 12, '2020-12-22 08:02:55', '2020-12-22 08:02:55', NULL),
(42, 254, 36, 5, 28, 13, '2020-12-22 08:02:55', '2020-12-22 08:02:55', NULL),
(43, 264, 37, 1, 33, 19, '2020-12-22 08:02:56', '2020-12-22 08:02:56', NULL),
(44, 264, 37, 2, 27, 20, '2020-12-22 08:02:56', '2020-12-22 08:02:56', NULL),
(45, 272, 37, 1, 31, 15, '2020-12-22 08:20:49', '2020-12-22 08:20:49', NULL),
(46, 272, 37, 2, 27, 20, '2020-12-22 08:20:49', '2020-12-22 08:20:49', NULL),
(47, 273, 36, 2, 27, 12, '2020-12-22 08:20:49', '2020-12-22 08:20:49', NULL),
(48, 273, 36, 5, 28, 13, '2020-12-22 08:20:49', '2020-12-22 08:20:49', NULL),
(49, 283, 37, 1, 33, 19, '2020-12-22 08:20:49', '2020-12-22 08:20:49', NULL),
(50, 283, 37, 2, 27, 20, '2020-12-22 08:20:49', '2020-12-22 08:20:49', NULL),
(51, 291, 37, 1, 31, 15, '2020-12-22 08:21:12', '2020-12-22 08:21:12', NULL),
(52, 291, 37, 2, 27, 20, '2020-12-22 08:21:12', '2020-12-22 08:21:12', NULL),
(53, 292, 36, 2, 27, 12, '2020-12-22 08:21:12', '2020-12-22 08:21:12', NULL),
(54, 292, 36, 5, 28, 13, '2020-12-22 08:21:12', '2020-12-22 08:21:12', NULL),
(55, 302, 37, 1, 33, 19, '2020-12-22 08:21:12', '2020-12-22 08:21:12', NULL),
(56, 302, 37, 2, 27, 20, '2020-12-22 08:21:12', '2020-12-22 08:21:12', NULL),
(57, 310, 37, 1, 31, 15, '2020-12-22 08:25:13', '2020-12-22 08:25:13', NULL),
(58, 310, 37, 2, 27, 20, '2020-12-22 08:25:13', '2020-12-22 08:25:13', NULL),
(59, 311, 36, 2, 27, 12, '2020-12-22 08:25:13', '2020-12-22 08:25:13', NULL),
(60, 311, 36, 5, 28, 13, '2020-12-22 08:25:13', '2020-12-22 08:25:13', NULL),
(61, 321, 37, 1, 33, 19, '2020-12-22 08:25:14', '2020-12-22 08:25:14', NULL),
(62, 321, 37, 2, 27, 20, '2020-12-22 08:25:14', '2020-12-22 08:25:14', NULL),
(63, 330, 37, 1, 31, 15, '2020-12-22 08:30:04', '2020-12-22 08:30:04', NULL),
(64, 330, 37, 2, 27, 20, '2020-12-22 08:30:04', '2020-12-22 08:30:04', NULL),
(65, 336, 41, 1, 31, 24, '2020-12-22 08:32:26', '2020-12-22 08:32:26', NULL);

-- --------------------------------------------------------

--
-- Table structure for table `product_variants`
--

CREATE TABLE `product_variants` (
  `id` int(11) NOT NULL,
  `product_id` int(11) NOT NULL,
  `variant_id` int(11) NOT NULL,
  `warehouses_variant_id` int(11) DEFAULT NULL,
  `name` varchar(55) NOT NULL,
  `quantity` decimal(15,4) DEFAULT NULL,
  `created_at` datetime NOT NULL,
  `updated_at` timestamp NOT NULL DEFAULT CURRENT_TIMESTAMP ON UPDATE CURRENT_TIMESTAMP,
  `deleted_at` datetime DEFAULT NULL
) ENGINE=InnoDB DEFAULT CHARSET=utf8;

--
-- Dumping data for table `product_variants`
--

INSERT INTO `product_variants` (`id`, `product_id`, `variant_id`, `warehouses_variant_id`, `name`, `quantity`, `created_at`, `updated_at`, `deleted_at`) VALUES
(1, 2, 1, 23, '5', '5.0000', '2018-08-05 13:42:42', '2018-08-05 07:42:42', NULL),
(2, 2, 1, 24, '5', '5.0000', '2018-08-05 13:42:52', '2018-08-05 07:42:52', NULL),
(3, 2, 2, 26, '5', '5.0000', '2018-08-05 13:48:35', '2018-08-05 07:48:35', NULL),
(4, 2, 2, 27, '#000000', '9.0000', '2018-08-05 13:48:44', '2020-11-17 12:25:18', NULL),
(5, 7, 6, 28, '21', '12.0000', '2018-08-05 21:13:07', '2018-08-05 15:13:07', NULL),
(6, 13, 6, 28, 'suta', '2121.0000', '2018-10-30 18:40:12', '2018-10-30 12:40:12', NULL),
(7, 12, 6, 28, 'fabrics', '12.0000', '2018-11-05 13:27:22', '2018-11-05 07:27:22', NULL),
(8, 17, 6, 28, 'newVariant', '10.0000', '2018-11-29 10:47:19', '2018-11-29 04:47:27', '2018-11-29 10:47:27'),
(9, 10, 5, 25, '', '0.0000', '2018-11-29 11:23:29', '2018-11-29 05:23:40', '2018-11-29 11:23:40'),
(10, 10, 5, 25, '', '0.0000', '2018-12-04 13:54:09', '2018-12-04 07:54:16', '2018-12-04 13:54:16'),
(11, 37, 2, 27, 'BLUE', '0.0000', '2020-11-02 14:28:03', '2020-11-17 12:25:22', '2020-11-03 14:08:39'),
(12, 36, 2, 27, 'RED', '0.0000', '2020-11-02 14:28:34', '2020-11-17 12:25:24', NULL),
(13, 36, 5, 28, '', '0.0000', '2020-11-02 14:30:42', '2020-11-02 14:30:42', NULL),
(14, 36, 5, 30, '', '0.0000', '2020-11-02 14:30:42', '2020-11-02 14:30:42', NULL),
(15, 37, 1, 31, 'L', '50.0000', '2020-11-02 14:35:52', '2020-11-02 14:35:52', NULL),
(16, 37, 1, 32, 'L', '50.0000', '2020-11-02 14:36:04', '2020-11-02 14:37:45', '2020-11-02 14:37:45'),
(17, 37, 1, 33, 'S', '50.0000', '2020-11-02 14:36:18', '2020-11-02 14:38:05', '2020-11-02 14:38:05'),
(18, 37, 1, 32, 'M', '40.0000', '2020-11-02 14:38:00', '2020-11-02 14:38:00', NULL),
(19, 37, 1, 33, 'S', '30.0000', '2020-11-02 14:38:19', '2020-11-02 14:38:19', NULL),
(20, 37, 2, 27, 'GREEN', '0.0000', '2020-11-03 14:09:25', '2020-11-17 12:25:47', NULL),
(21, 124, 1, 24, 'S', '840.0000', '2020-12-02 03:52:00', '2020-12-06 03:47:50', '2020-12-06 03:47:50'),
(22, 124, 1, 35, '32', '890.0000', '2020-12-02 03:54:01', '2020-12-06 03:47:56', '2020-12-06 03:47:56'),
(23, 131, 1, 46, 'l', '300.0000', '2020-12-03 12:18:19', '2020-12-03 12:18:19', NULL),
(24, 41, 1, 31, 'L', '100.0000', '2020-12-03 12:35:57', '2020-12-03 12:35:57', NULL),
(25, 41, 1, 32, 'M', '120.0000', '2020-12-03 12:36:10', '2020-12-03 12:36:10', NULL),
(26, 124, 2, 37, 'Black', '0.0000', '2020-12-06 03:44:47', '2020-12-06 03:48:47', '2020-12-06 03:48:47'),
(27, 124, 5, 49, 'M', '0.0000', '2020-12-06 03:45:09', '2020-12-06 03:45:09', NULL),
(28, 124, 5, 50, 'L', '0.0000', '2020-12-06 03:45:41', '2020-12-06 03:45:41', NULL),
(29, 124, 5, 51, 'XL', '0.0000', '2020-12-06 03:48:17', '2020-12-06 03:48:17', NULL),
(30, 124, 5, 52, 'XXL', '0.0000', '2020-12-06 03:48:32', '2020-12-06 03:48:32', NULL),
(31, 124, 2, 53, 'Merun', '0.0000', '2020-12-06 03:51:20', '2020-12-06 03:52:08', '2020-12-06 03:52:08'),
(32, 124, 2, 40, 'Red', '0.0000', '2020-12-06 03:52:21', '2020-12-06 03:52:21', NULL),
(33, 126, 5, 49, 'M', '0.0000', '2020-12-06 03:54:34', '2020-12-06 03:54:34', NULL),
(34, 126, 5, 50, 'L', '0.0000', '2020-12-06 03:54:47', '2020-12-06 03:54:47', NULL),
(35, 126, 5, 51, 'XL', '0.0000', '2020-12-06 03:54:58', '2020-12-06 03:54:58', NULL),
(36, 126, 5, 52, 'XXL', '0.0000', '2020-12-06 03:55:09', '2020-12-06 03:55:09', NULL),
(37, 126, 2, 54, 'Light Brown', '0.0000', '2020-12-06 03:56:51', '2020-12-06 03:56:51', NULL),
(38, 127, 5, 49, 'M', '0.0000', '2020-12-06 03:58:00', '2020-12-06 03:58:00', NULL),
(39, 127, 5, 50, 'L', '0.0000', '2020-12-06 03:58:15', '2020-12-06 03:58:15', NULL),
(40, 127, 5, 51, 'XL', '0.0000', '2020-12-06 03:58:28', '2020-12-06 03:58:28', NULL),
(41, 127, 5, 52, 'XXL', '0.0000', '2020-12-06 04:09:17', '2020-12-06 04:09:17', NULL),
(42, 127, 2, 37, 'Black', '0.0000', '2020-12-06 04:09:34', '2020-12-06 04:09:34', NULL),
(43, 128, 5, 49, 'M', '0.0000', '2020-12-06 04:10:49', '2020-12-06 04:10:49', NULL),
(44, 128, 5, 50, 'L', '0.0000', '2020-12-06 04:11:00', '2020-12-06 04:11:00', NULL),
(45, 128, 5, 51, 'XL', '0.0000', '2020-12-06 04:11:22', '2020-12-06 04:11:22', NULL),
(46, 128, 5, 52, 'XXL', '0.0000', '2020-12-06 04:15:20', '2020-12-06 04:15:20', NULL),
(47, 128, 2, 39, 'Yellow', '0.0000', '2020-12-06 04:16:01', '2020-12-06 06:14:26', '2020-12-06 06:14:26'),
(48, 129, 5, 49, 'M', '0.0000', '2020-12-06 04:19:25', '2020-12-06 04:19:25', NULL),
(49, 129, 5, 50, 'L', '0.0000', '2020-12-06 04:19:35', '2020-12-06 04:19:35', NULL),
(50, 129, 5, 51, 'XL', '0.0000', '2020-12-06 04:19:46', '2020-12-06 04:19:46', NULL),
(51, 129, 5, 52, 'XXL', '0.0000', '2020-12-06 04:19:56', '2020-12-06 04:19:56', NULL),
(52, 129, 2, 54, 'Brown', '0.0000', '2020-12-06 04:20:47', '2020-12-06 04:20:47', NULL),
(53, 130, 5, 49, 'M', '0.0000', '2020-12-06 04:22:33', '2020-12-06 04:22:33', NULL),
(54, 130, 5, 50, 'L', '0.0000', '2020-12-06 04:22:42', '2020-12-06 04:22:42', NULL),
(55, 130, 5, 51, 'XL', '0.0000', '2020-12-06 04:23:41', '2020-12-06 04:23:41', NULL),
(56, 130, 5, 52, 'XXL', '0.0000', '2020-12-06 04:23:53', '2020-12-06 04:23:53', NULL),
(57, 130, 2, 37, 'Black', '0.0000', '2020-12-06 04:24:24', '2020-12-06 04:24:24', NULL),
(58, 193, 5, 49, 'M', '0.0000', '2020-12-06 04:44:49', '2020-12-06 04:44:49', NULL),
(59, 193, 5, 50, 'L', '0.0000', '2020-12-06 04:44:57', '2020-12-06 04:44:57', NULL),
(60, 193, 5, 51, 'XL', '0.0000', '2020-12-06 04:45:08', '2020-12-06 04:45:08', NULL),
(61, 193, 5, 52, 'XXL', '0.0000', '2020-12-06 04:45:19', '2020-12-06 04:45:19', NULL),
(62, 193, 2, 53, 'Red', '0.0000', '2020-12-06 04:45:39', '2020-12-06 04:45:39', NULL),
(63, 187, 5, 49, 'M', '0.0000', '2020-12-06 04:46:43', '2020-12-06 04:46:43', NULL),
(64, 187, 5, 50, 'L', '0.0000', '2020-12-06 04:46:53', '2020-12-06 04:46:53', NULL),
(65, 187, 5, 51, 'XL', '0.0000', '2020-12-06 04:47:04', '2020-12-06 04:47:04', NULL),
(66, 187, 5, 52, 'XXL', '0.0000', '2020-12-06 04:47:12', '2020-12-06 04:47:12', NULL),
(67, 187, 2, 54, 'Brown', '0.0000', '2020-12-06 04:47:31', '2020-12-06 04:52:22', '2020-12-06 04:52:22'),
(68, 188, 5, 49, 'M', '0.0000', '2020-12-06 04:48:28', '2020-12-06 04:48:28', NULL),
(69, 188, 5, 50, 'L', '0.0000', '2020-12-06 04:48:37', '2020-12-06 04:48:37', NULL),
(70, 188, 5, 51, 'XL', '0.0000', '2020-12-06 04:48:47', '2020-12-06 04:48:47', NULL),
(71, 188, 5, 52, 'XXL', '0.0000', '2020-12-06 04:48:57', '2020-12-06 04:48:57', NULL),
(72, 185, 5, 49, 'M', '0.0000', '2020-12-06 04:50:26', '2020-12-06 04:50:26', NULL),
(73, 185, 5, 50, 'L', '0.0000', '2020-12-06 04:51:08', '2020-12-06 04:51:08', NULL),
(74, 185, 5, 51, 'XL', '0.0000', '2020-12-06 04:51:17', '2020-12-06 04:51:17', NULL),
(75, 185, 5, 52, 'XXL', '0.0000', '2020-12-06 04:51:28', '2020-12-06 04:51:28', NULL),
(76, 185, 2, 54, 'Brown', '0.0000', '2020-12-06 04:51:49', '2020-12-06 04:51:49', NULL),
(77, 187, 2, 39, 'Yellow', '0.0000', '2020-12-06 04:52:33', '2020-12-06 04:52:33', NULL),
(78, 188, 2, 39, 'Yellow', '0.0000', '2020-12-06 04:53:04', '2020-12-06 04:53:04', NULL),
(79, 194, 5, 49, 'M', '0.0000', '2020-12-06 05:05:09', '2020-12-06 05:05:09', NULL),
(80, 194, 5, 50, 'L', '0.0000', '2020-12-06 05:05:19', '2020-12-06 05:05:19', NULL),
(81, 194, 5, 51, 'XL', '0.0000', '2020-12-06 05:05:31', '2020-12-06 05:05:31', NULL),
(82, 128, 2, 39, '#FFFF99	', '0.0000', '2020-12-06 06:14:37', '2020-12-06 06:15:38', '2020-12-06 06:15:38'),
(83, 128, 2, 39, '#FFFF66	', '0.0000', '2020-12-06 06:15:47', '2020-12-06 06:16:53', '2020-12-06 06:16:53'),
(84, 128, 2, 39, '#FFFF00	', '0.0000', '2020-12-06 06:17:01', '2020-12-06 06:17:45', '2020-12-06 06:17:45'),
(85, 128, 2, 39, '#FFFF99	', '0.0000', '2020-12-06 06:17:54', '2020-12-06 06:18:25', '2020-12-06 06:18:25'),
(86, 128, 2, 39, '#FFFF00	', '0.0000', '2020-12-06 06:18:44', '2020-12-06 06:18:44', NULL),
(87, 195, 5, 49, 'M', '0.0000', '2020-12-06 06:39:36', '2020-12-06 06:39:36', NULL),
(88, 195, 5, 50, 'L', '0.0000', '2020-12-06 06:39:47', '2020-12-06 06:39:47', NULL),
(89, 195, 5, 51, 'XL', '0.0000', '2020-12-06 06:39:56', '2020-12-06 06:39:56', NULL),
(90, 195, 5, 52, 'XXL', '0.0000', '2020-12-06 06:40:07', '2020-12-06 06:40:07', NULL),
(91, 195, 2, 39, 'Yellow', '0.0000', '2020-12-06 06:40:21', '2020-12-06 06:40:21', NULL),
(92, 194, 2, 53, 'Red', '0.0000', '2020-12-06 06:45:57', '2020-12-06 06:45:57', NULL),
(93, 194, 2, 53, 'Merun', '0.0000', '2020-12-06 06:46:11', '2020-12-06 06:46:11', NULL),
(94, 193, 2, 53, 'Merun', '0.0000', '2020-12-06 06:46:36', '2020-12-06 06:46:36', NULL),
(95, 197, 5, 49, 'M', '0.0000', '2020-12-06 07:12:14', '2020-12-06 07:12:14', NULL),
(96, 197, 5, 50, 'L', '0.0000', '2020-12-06 07:12:25', '2020-12-06 07:12:25', NULL),
(97, 197, 5, 51, 'XL', '0.0000', '2020-12-06 07:12:36', '2020-12-06 07:12:36', NULL),
(98, 197, 5, 52, 'XXL', '0.0000', '2020-12-06 07:12:46', '2020-12-06 07:12:46', NULL),
(99, 197, 2, 39, 'Yellow', '0.0000', '2020-12-06 07:13:11', '2020-12-06 07:13:11', NULL),
(100, 198, 5, 49, 'M', '0.0000', '2020-12-06 07:13:33', '2020-12-06 07:13:33', NULL),
(101, 198, 5, 50, 'L', '0.0000', '2020-12-06 07:13:49', '2020-12-06 07:13:49', NULL),
(102, 198, 5, 51, 'XL', '0.0000', '2020-12-06 07:14:01', '2020-12-06 07:14:01', NULL),
(103, 198, 5, 52, 'XXL', '0.0000', '2020-12-06 07:14:14', '2020-12-06 07:14:14', NULL),
(104, 198, 2, 54, 'b5651d', '0.0000', '2020-12-06 07:27:04', '2020-12-06 07:28:52', '2020-12-06 07:28:52'),
(105, 198, 2, 54, '#b5651d', '0.0000', '2020-12-06 07:29:06', '2020-12-06 07:29:06', NULL),
(106, 199, 5, 49, 'M', '0.0000', '2020-12-06 07:37:56', '2020-12-06 07:37:56', NULL),
(107, 199, 2, 39, 'Yellow', '0.0000', '2020-12-06 07:39:21', '2020-12-06 07:39:21', NULL),
(108, 200, 5, 49, 'M', '0.0000', '2020-12-06 07:58:06', '2020-12-06 07:58:06', NULL),
(109, 200, 5, 50, 'L', '0.0000', '2020-12-06 07:58:17', '2020-12-06 07:58:17', NULL),
(110, 200, 5, 51, 'XL', '0.0000', '2020-12-06 07:58:43', '2020-12-06 07:58:43', NULL),
(111, 200, 5, 52, 'XXL', '0.0000', '2020-12-06 07:59:36', '2020-12-06 07:59:36', NULL),
(112, 200, 2, 53, 'Red', '0.0000', '2020-12-06 08:01:36', '2020-12-06 08:01:36', NULL),
(113, 200, 2, 53, '#800000', '0.0000', '2020-12-06 08:02:47', '2020-12-06 08:02:47', NULL),
(114, 201, 5, 49, 'M', '0.0000', '2020-12-06 08:05:40', '2020-12-06 08:05:40', NULL),
(115, 201, 5, 50, 'L', '0.0000', '2020-12-06 08:05:50', '2020-12-06 08:05:50', NULL),
(116, 201, 5, 51, 'XL', '0.0000', '2020-12-06 08:06:01', '2020-12-06 08:06:01', NULL),
(117, 201, 5, 52, 'XXL', '0.0000', '2020-12-06 08:06:11', '2020-12-06 08:06:11', NULL),
(118, 201, 2, 54, '#A52A2A', '0.0000', '2020-12-06 08:06:58', '2020-12-06 08:06:58', NULL),
(119, 202, 5, 49, 'M', '0.0000', '2020-12-06 08:58:29', '2020-12-06 08:58:29', NULL),
(120, 202, 5, 50, 'L', '0.0000', '2020-12-06 08:58:41', '2020-12-06 08:58:41', NULL),
(121, 202, 5, 51, 'XL', '0.0000', '2020-12-06 08:58:55', '2020-12-06 08:58:55', NULL),
(122, 202, 5, 52, 'XXL', '0.0000', '2020-12-06 08:59:06', '2020-12-06 08:59:06', NULL),
(123, 202, 2, 39, 'Yellow', '0.0000', '2020-12-06 08:59:45', '2020-12-06 08:59:45', NULL),
(124, 203, 5, 49, 'M', '0.0000', '2020-12-06 09:02:36', '2020-12-06 09:02:36', NULL),
(125, 203, 5, 50, 'L', '0.0000', '2020-12-06 09:02:48', '2020-12-06 09:02:48', NULL),
(126, 203, 5, 51, 'XL', '0.0000', '2020-12-06 09:03:00', '2020-12-06 09:03:00', NULL),
(127, 203, 5, 52, 'XXL', '0.0000', '2020-12-06 09:03:09', '2020-12-06 09:03:09', NULL),
(128, 203, 2, 53, 'Red', '0.0000', '2020-12-06 09:03:22', '2020-12-06 09:03:22', NULL),
(129, 203, 2, 53, '#800000', '0.0000', '2020-12-06 09:03:54', '2020-12-06 09:03:54', NULL),
(130, 204, 5, 49, 'M', '0.0000', '2020-12-06 09:05:46', '2020-12-06 09:05:46', NULL),
(131, 204, 5, 50, 'L', '0.0000', '2020-12-06 09:05:57', '2020-12-06 09:05:57', NULL),
(132, 204, 5, 51, 'XL', '0.0000', '2020-12-06 09:06:08', '2020-12-06 09:06:08', NULL),
(133, 204, 5, 52, 'XXL', '0.0000', '2020-12-06 09:06:19', '2020-12-06 09:06:19', NULL),
(134, 204, 2, 54, '#A52A2A', '0.0000', '2020-12-06 09:06:46', '2020-12-06 09:06:46', NULL),
(135, 205, 5, 49, 'M', '0.0000', '2020-12-06 09:10:06', '2020-12-06 09:10:06', NULL),
(136, 205, 5, 50, 'L', '0.0000', '2020-12-06 09:10:17', '2020-12-06 09:10:17', NULL),
(137, 205, 5, 51, 'XL', '0.0000', '2020-12-06 09:10:30', '2020-12-06 09:10:30', NULL),
(138, 205, 5, 52, 'XXL', '0.0000', '2020-12-06 09:10:41', '2020-12-06 09:10:41', NULL),
(139, 205, 2, 37, 'Black', '0.0000', '2020-12-06 09:10:56', '2020-12-06 09:10:56', NULL),
(140, 206, 5, 49, 'M', '0.0000', '2020-12-06 09:23:06', '2020-12-06 09:23:06', NULL),
(141, 206, 5, 50, 'L', '0.0000', '2020-12-06 09:23:16', '2020-12-06 09:23:16', NULL),
(142, 206, 5, 51, 'XL', '0.0000', '2020-12-06 09:23:28', '2020-12-06 09:23:28', NULL),
(143, 206, 5, 52, 'XXL', '0.0000', '2020-12-06 09:23:47', '2020-12-06 09:23:47', NULL),
(144, 206, 2, 39, 'Yellow', '0.0000', '2020-12-06 09:25:36', '2020-12-06 09:25:36', NULL);

-- --------------------------------------------------------

--
-- Table structure for table `pr_status`
--

CREATE TABLE `pr_status` (
  `id` int(11) NOT NULL,
  `warehouse_id` int(11) DEFAULT NULL,
  `total_quantity` int(11) DEFAULT NULL,
  `total_amount` double DEFAULT NULL,
  `info` text COLLATE utf8_unicode_ci,
  `items` text COLLATE utf8_unicode_ci,
  `created_by` int(11) DEFAULT NULL,
  `date` date DEFAULT NULL,
  `created_at` datetime NOT NULL,
  `updated_at` timestamp NULL DEFAULT CURRENT_TIMESTAMP ON UPDATE CURRENT_TIMESTAMP,
  `deleted_at` datetime DEFAULT NULL
) ENGINE=InnoDB DEFAULT CHARSET=utf8 COLLATE=utf8_unicode_ci;

-- --------------------------------------------------------

--
-- Table structure for table `ratings`
--

CREATE TABLE `ratings` (
  `id` int(11) UNSIGNED NOT NULL,
  `user_id` int(11) NOT NULL,
  `product_id` int(11) NOT NULL,
  `rating` decimal(2,2) NOT NULL,
  `status` tinyint(4) NOT NULL,
  `created_at` datetime NOT NULL DEFAULT '1970-01-01 00:00:00',
  `updated_at` timestamp NOT NULL DEFAULT CURRENT_TIMESTAMP ON UPDATE CURRENT_TIMESTAMP,
  `deleted_at` datetime DEFAULT NULL
) ENGINE=InnoDB DEFAULT CHARSET=utf8;

-- --------------------------------------------------------

--
-- Table structure for table `shipping_addresses`
--

CREATE TABLE `shipping_addresses` (
  `id` int(11) UNSIGNED NOT NULL,
  `user_id` int(11) NOT NULL,
  `order_id` int(11) DEFAULT NULL,
  `first_name` varchar(50) DEFAULT NULL,
  `last_name` varchar(50) DEFAULT NULL,
  `phone` varchar(20) DEFAULT NULL,
  `postal_code` varchar(10) NOT NULL,
  `address` varchar(255) NOT NULL,
  `upazila_id` int(11) NOT NULL,
  `zila_id` int(11) NOT NULL DEFAULT '1',
  `division_id` int(11) NOT NULL DEFAULT '1',
  `status` tinyint(4) NOT NULL DEFAULT '1',
  `created_at` datetime NOT NULL DEFAULT '1970-01-01 00:00:00',
  `updated_at` timestamp NOT NULL DEFAULT CURRENT_TIMESTAMP ON UPDATE CURRENT_TIMESTAMP,
  `deleted_at` datetime DEFAULT NULL
) ENGINE=InnoDB DEFAULT CHARSET=utf8;

--
-- Dumping data for table `shipping_addresses`
--

INSERT INTO `shipping_addresses` (`id`, `user_id`, `order_id`, `first_name`, `last_name`, `phone`, `postal_code`, `address`, `upazila_id`, `zila_id`, `division_id`, `status`, `created_at`, `updated_at`, `deleted_at`) VALUES
(1, 60, NULL, 'sarmin', 'minum', '01714214242', '23434', 'kolatoli', 1130, 993, 60, 1, '2020-11-23 07:49:04', '2020-11-23 07:49:04', NULL),
(2, 53, NULL, 'Tauhedul', 'Amin', '09123456', '1000', 'Street', 3272, 997, 66, 1, '2020-11-23 08:05:29', '2020-11-23 08:05:29', NULL),
(3, 54, NULL, 'mimu', 'mimu', '01521318923', '1000', 'kolatoti', 4427, 1006, 36, 1, '2020-11-23 10:13:09', '2020-11-23 10:13:09', NULL),
(4, 75, NULL, 'test', 'test', '01234567891', '1213', 'address', 6561, 2942, 68, 1, '2020-11-23 11:11:07', '2020-11-23 11:11:07', NULL),
(5, 62, NULL, 'Nusrat', 'Jahan', '01234567891', '6024', '12, House', 4058, 999, 66, 1, '2020-11-23 11:14:26', '2020-11-23 11:14:26', NULL),
(6, 54, NULL, 'pranto', 'pranto', '01521318923', '1100', 'rampura', 6160, 2942, 68, 1, '2020-11-23 11:49:44', '2020-11-23 11:49:44', NULL);

-- --------------------------------------------------------

--
-- Table structure for table `users`
--

CREATE TABLE `users` (
  `id` int(11) UNSIGNED NOT NULL,
  `last_ip_address` varchar(45) DEFAULT NULL,
  `ip_address` varchar(45) NOT NULL DEFAULT '::1',
  `username` varchar(100) NOT NULL DEFAULT 'mustakim',
  `password` varchar(255) NOT NULL,
  `email` varchar(100) DEFAULT NULL,
  `activation_code` varchar(40) DEFAULT NULL,
  `forgotten_password_code` varchar(40) DEFAULT NULL,
  `forgotten_password_time` int(11) UNSIGNED DEFAULT NULL,
  `remember_code` varchar(40) DEFAULT NULL,
  `last_login` int(11) UNSIGNED DEFAULT NULL,
  `active` tinyint(1) UNSIGNED DEFAULT NULL,
  `first_name` varchar(50) DEFAULT NULL,
  `last_name` varchar(50) DEFAULT NULL,
  `father_name` text,
  `mother_name` text,
  `designation` text,
  `national_id` text,
  `phone` varchar(20) DEFAULT NULL,
  `avatar` varchar(55) DEFAULT NULL,
  `gender` varchar(20) DEFAULT NULL,
  `dob` date DEFAULT NULL,
  `group_id` int(10) UNSIGNED NOT NULL,
  `warehouse_id` int(11) DEFAULT NULL,
  `award_points` int(11) DEFAULT NULL,
  `address` text,
  `upazila_id` int(11) DEFAULT NULL,
  `zila_id` int(11) DEFAULT NULL,
  `division_id` int(11) DEFAULT NULL,
  `permanent_address` text,
  `permanent_upazila_id` int(11) DEFAULT NULL,
  `permanent_zila_id` int(11) DEFAULT NULL,
  `permanent_division_id` int(11) DEFAULT NULL,
  `created_at` datetime NOT NULL DEFAULT '1970-01-01 00:00:00',
  `updated_at` timestamp NOT NULL DEFAULT CURRENT_TIMESTAMP ON UPDATE CURRENT_TIMESTAMP,
  `deleted_at` datetime DEFAULT NULL
) ENGINE=InnoDB DEFAULT CHARSET=utf8;

--
-- Dumping data for table `users`
--

INSERT INTO `users` (`id`, `last_ip_address`, `ip_address`, `username`, `password`, `email`, `activation_code`, `forgotten_password_code`, `forgotten_password_time`, `remember_code`, `last_login`, `active`, `first_name`, `last_name`, `father_name`, `mother_name`, `designation`, `national_id`, `phone`, `avatar`, `gender`, `dob`, `group_id`, `warehouse_id`, `award_points`, `address`, `upazila_id`, `zila_id`, `division_id`, `permanent_address`, `permanent_upazila_id`, `permanent_zila_id`, `permanent_division_id`, `created_at`, `updated_at`, `deleted_at`) VALUES
(37, NULL, '::1', 'admin', '$2a$10$CXVaHFPN6BgUxkTut3bJxeeOP1vZCndtB1yWvE1dkEe.7Emdd.aI.', 'mustakimbitspeck@gmail.com', NULL, NULL, NULL, NULL, NULL, 1, 'Mustakim', 'Parvez', NULL, NULL, NULL, NULL, '01680459329', '/images/41939af5-0b0f-4e89-8bdd-ab6a8b178726.jpg', 'male', NULL, 1, NULL, 0, NULL, 6561, 2942, 68, NULL, NULL, NULL, NULL, '2018-01-31 15:01:22', '2020-11-18 10:28:20', NULL),
(45, NULL, '::1', 'js001', '$2a$10$GbNHpcEE7Ds4r5yRNQnaTuIbjvDcrToBxrZVNjM9XJZf3v5QlQ98e', 'js@wr.com', NULL, NULL, NULL, NULL, NULL, 1, 'js ', 'enterprise', NULL, NULL, NULL, 'undefined', '0174012312', '/images/24d95b8e-db5c-4a4d-b206-ac00ab1a5b29.jpg', 'male', NULL, 4, 22, 0, 'bagerhat', 6559, 2942, 68, NULL, NULL, NULL, NULL, '2018-08-04 20:02:37', '2020-12-01 09:36:41', NULL),
(47, NULL, '::1', 'vumi', '$2a$10$uaYUkgmEeuOwzAJEtLrHWO2GY/LH0Ba2sxyvmZAAH.AgHwLcAmzuC', 'vumi@gmail.com', NULL, NULL, NULL, NULL, NULL, 1, 'topu ', 'saha', 'ABC', 'DEF', 'Shop Owner', 'undefined', '01553652885', '/images/8b089c64-2bc0-42ea-a455-e07120f93b0b.jpeg', 'female', NULL, 4, 23, 0, 'জসসরে,খুলনা,১২০১', 98, 61, 65, 'Mirpur', 98, 61, 65, '2018-08-05 20:19:13', '2020-10-29 21:40:22', NULL),
(52, NULL, '::1', 'ratonshahadat', '$2a$10$XVai7Q1vTm/X4DaTzLIil.8AvV1uvC9.4liJSBRSI1E87Eq8xk.Pu', 'ratonshahadat@gmail.com', NULL, NULL, NULL, NULL, NULL, 1, 'Shahadat', 'Hossain', NULL, NULL, NULL, NULL, '01614142424', NULL, 'male', NULL, 2, NULL, 0, NULL, NULL, NULL, NULL, NULL, NULL, NULL, NULL, '2018-09-04 20:47:40', '2020-12-24 07:50:52', NULL),
(54, NULL, '::1', '01614142424', '$2a$10$CXVaHFPN6BgUxkTut3bJxeeOP1vZCndtB1yWvE1dkEe.7Emdd.aI.', 'scsc@cj.cpn', NULL, NULL, NULL, NULL, NULL, 1, 'Shahadat ', 'Amin', ' ', ' ', NULL, ' ', '018111111111123', '/images/ac1c539d-cd99-4e58-b864-8e2f67b71186.jpg', 'male', NULL, 2, NULL, 0, ' ', 4386, 987, 36, ' ', NULL, NULL, NULL, '2020-10-29 06:22:50', '2020-11-25 05:55:08', NULL),
(58, NULL, '::1', '01711111111', '$2a$10$ePfYlmvYx9O5tipfOJxlpedaDCkOvsOVq9bsgEg5eVmfI1mA2OXFy', '', NULL, NULL, NULL, NULL, NULL, 1, 'Md Sirajul', 'Islam', ' ', ' ', NULL, ' ', '01711111111', NULL, 'male', NULL, 2, NULL, 0, ' ', NULL, NULL, NULL, ' ', NULL, NULL, NULL, '2020-11-05 13:17:14', '2020-11-05 13:17:14', NULL),
(59, NULL, '::1', '01621875052', '$2a$10$E0rOdeOPca1ypYjW.g17x.3msn9Wf3s3tjIn.ybNsq1Aw1MMow9.C', '', NULL, NULL, NULL, NULL, NULL, 1, 'Owner', 'name', ' ', ' ', NULL, ' ', '01621875052', NULL, 'male', NULL, 2, NULL, 0, ' ', NULL, NULL, NULL, ' ', NULL, NULL, NULL, '2020-11-05 18:04:15', '2020-11-05 18:04:15', NULL),
(60, NULL, '::1', '01521318923', '$2a$10$FcrGoGNEmjTsYC4lYBApSeZVj3nFt.KsMloR/bK.sXEMAj0YLHnUG', 'sarmin.bitspeck@gmail.com', NULL, NULL, NULL, NULL, NULL, 1, 'Mimu', 'Mimu', '', '', NULL, '', '01521318923', '/images/0a72acc9-2fd7-408b-8633-84612c92dba6.jpg', 'female', NULL, 2, NULL, 0, '', NULL, NULL, NULL, '', NULL, NULL, NULL, '2020-11-23 07:22:19', '2020-12-26 05:45:11', NULL),
(61, NULL, '::1', '01516105432', '$2a$10$VvtSjRTI.rS6wVx/dA.o8uYUZQCs52tBtjkhXaujx6XkkMXb73n6y', '', NULL, NULL, NULL, NULL, NULL, 1, 'Nakib', 'Hasan', '', '', NULL, '', '01516105432', '/images/efbf4cfd-4e49-4458-af9f-fcb4d27c67dc.jpg', 'male', NULL, 2, NULL, 0, '', NULL, NULL, NULL, '', NULL, NULL, NULL, '2020-11-23 09:05:31', '2020-11-23 09:07:07', NULL),
(62, NULL, '::1', '01234567890', '$2a$10$YX1HELhuZj6AXGTISV48GuMr85g70Jb57ejrhalqc9YHhPd3aA/pC', '', NULL, NULL, NULL, NULL, NULL, 1, 'Nusrat', 'Jahan', '', '', NULL, '', '01234567890', '/images/0863cac8-d061-41c7-8102-72f6a1a53024.jpg', 'female', NULL, 2, NULL, 0, '', NULL, NULL, NULL, '', NULL, NULL, NULL, '2020-11-23 10:59:07', '2020-11-23 11:10:06', NULL),
(63, NULL, '::1', '01234567891', '$2a$10$MdwV2px0y2EE30UewoSFMOrFGPo6cUO7Z5w9QGy/PmtqLJ6detxZe', '', NULL, NULL, NULL, NULL, NULL, 1, 'full name', 'last name', '', '', NULL, '', '01234567891', NULL, 'male', NULL, 2, NULL, 0, '', NULL, NULL, NULL, '', NULL, NULL, NULL, '2020-11-23 12:05:23', '2020-11-23 12:05:23', NULL),
(64, NULL, '::1', 'nakib', '$2a$10$nVsRyzUiD/otoJNZ3rtDruJc/kAN94q4URohYLUPBnhPmpt0MTYlS', 'nakib.anonderbazar@gmail.com', NULL, NULL, NULL, NULL, NULL, 1, 'Nakib', 'Hasan', '', 'mother_name', NULL, '13568549', '01674609630', '/images/aff7ee77-0240-4e15-ab6c-5e8fb360f568.png', 'male', NULL, 4, 26, 0, 'Gulshan-1, Dhaka-1212.', 6561, 2942, 68, NULL, NULL, NULL, NULL, '2020-11-24 10:24:55', '2020-11-24 10:24:55', NULL),
(65, NULL, '::1', '01521318924', '$2a$10$6TTyf9Xja5hSNcLihK30me89Fl7V5FdbbH8j6DPvWL4IhKegiMOVm', NULL, NULL, NULL, NULL, NULL, NULL, 1, 'Sarmin ', 'Mimu', '', '', NULL, '', '01521318924', '/images/34117c7b-c226-4d77-bcb0-6174cea293fe.jpg', 'female', NULL, 2, NULL, 0, '', NULL, NULL, NULL, '', NULL, NULL, NULL, '2020-11-26 06:36:33', '2020-12-12 09:15:16', NULL),
(66, NULL, '::1', '01721318923', '$2a$10$tzTn156vxyBINgt.uNrYae1iFf2gIDwaCkiQqlmeCildumzfLsVMO', 'mim@gmail.com', NULL, NULL, NULL, NULL, NULL, 1, 'sharin', 'mim', '', '', NULL, '', '01721318923', '/images/d323ed2c-158b-4a75-ac88-123b4449e981.jpg', 'female', NULL, 2, NULL, 0, '', NULL, NULL, NULL, '', NULL, NULL, NULL, '2020-11-26 06:38:24', '2020-11-26 06:42:11', NULL),
(67, NULL, '::1', 'kiyara', '$2a$10$/kW2wVak.ZaQj/QS8YjSbuqpj9168W5DiiiEKJcRNtnBC2Bm8NEUm', 'rakib@gmail.com', NULL, NULL, NULL, NULL, NULL, 1, 'rakib', 'hasan', NULL, NULL, NULL, '123456', '01521318924', NULL, 'male', NULL, 4, 27, 0, 'rampura,dhaka', 6160, 2942, 68, NULL, NULL, NULL, NULL, '2020-11-29 08:21:07', '2020-11-29 08:21:07', NULL),
(73, NULL, '::1', '01857471556', '$2a$10$hZfqSO.WK5J4leo7MWbw0eQUhAWiUkamgl2JstKQKaWDzH6s/8ivO', NULL, NULL, NULL, NULL, NULL, NULL, 1, 'mimu', 'mim', '', '', NULL, '', '01857471556', NULL, 'female', '2000-01-01', 2, NULL, 0, '', NULL, NULL, NULL, '', NULL, NULL, NULL, '2020-11-29 10:15:27', '2020-11-29 10:15:27', NULL),
(79, NULL, '::1', '01712121212', '$2a$10$.rWbXGGu/nf6B4E4d9X28uZa1Y0dBh7TrKo63wC5YJCYeGf243D5S', NULL, NULL, NULL, NULL, NULL, NULL, 1, 'abc', 'abc', '', '', NULL, '', '01712121212', NULL, 'female', '2000-01-01', 2, NULL, 0, '', NULL, NULL, NULL, '', NULL, NULL, NULL, '2020-11-29 10:17:54', '2020-11-29 10:17:54', NULL),
(80, NULL, '::1', '01614142422', '$2a$10$ZluQRGaRa2WUU7NzRymSUu85j5GBjOd5riRFtyn0adUaIpBlB8fW.', NULL, NULL, NULL, NULL, NULL, NULL, 1, 'Shahadat', 'hossain', '', '', NULL, '', '01614142422', NULL, 'male', '2020-02-02', 2, NULL, 0, '', NULL, NULL, NULL, '', NULL, NULL, NULL, '2020-11-29 10:19:19', '2020-11-29 10:19:19', NULL),
(84, NULL, '::1', '01521318922', '$2a$10$xvf5EMyoLbVEGke9YrkN.eC4gu3MkVH6BflC50PFTAfz1j0W4nUzq', 'sarmin@gmail.com', NULL, NULL, NULL, NULL, NULL, 1, 'sarmin', 'sultana', '', '', NULL, '', '01521318932', '/images/f58a7a45-2e20-4a11-ae3b-12cc1470d4f8.jpg', 'female', '2000-01-01', 2, NULL, 0, '', NULL, NULL, NULL, '', NULL, NULL, NULL, '2020-11-29 10:32:26', '2020-11-29 12:58:28', NULL),
(85, NULL, '::1', '12345678900', '$2a$10$2Inkq.ZuPG4uDIcMqfxCBO20CS8yaKUrO8OPMzTEdbAjBrkULzf1y', NULL, NULL, NULL, NULL, NULL, NULL, 1, 'test', 'test2', '', '', NULL, '', '12345678900', NULL, 'male', '2001-11-20', 2, NULL, 0, '', NULL, NULL, NULL, '', NULL, NULL, NULL, '2020-11-29 11:02:44', '2020-11-29 11:02:44', NULL),
(86, NULL, '::1', '12345678902', '$2a$10$qUKqsxHZL3ZLBXq.z8siaOh6QHdeuiSXJOslXFKgEllTSL8C4T5by', NULL, NULL, NULL, NULL, NULL, NULL, 1, 'Amirat ', 'Islam', '', '', NULL, '', '12345678902', NULL, 'male', '2001-10-15', 2, NULL, 0, '', NULL, NULL, NULL, '', NULL, NULL, NULL, '2020-11-29 11:18:07', '2020-11-29 11:18:07', NULL),
(87, NULL, '::1', '01614142428', '$2a$10$4DkgPjRUsBUN9bdK3RlqRe1Gw.id6nd42S7foKPsq4/CYFqS0N9Cu', NULL, NULL, NULL, NULL, NULL, NULL, 1, 'Shahadat', 'hossain', '', '', NULL, '', '01614142428', NULL, 'male', '1968-02-02', 2, NULL, 0, '', NULL, NULL, NULL, '', NULL, NULL, NULL, '2020-11-29 16:43:25', '2020-11-29 16:43:25', NULL),
(88, NULL, '::1', '0172211445656', '$2a$10$m0EhttZwg9uKLEGSDjXkJOvu69hOI85vsZB70xDHY48E9F573zTUq', NULL, NULL, NULL, NULL, NULL, NULL, 1, 'habib', 'ahmed', '', '', NULL, '', '0172211445656', NULL, 'male', '1969-09-17', 2, NULL, 0, '', NULL, NULL, NULL, '', NULL, NULL, NULL, '2020-11-29 16:57:33', '2020-11-29 16:57:33', NULL),
(89, NULL, '::1', 'hamid', '$2a$10$XSyH.m1ehBcpn/228xsjcePfwTFIGQZ06BL4Wn0stVGOsoFWSa38K', 'test@gmail.com', NULL, NULL, NULL, NULL, NULL, 1, 'Hamid', 'Rahman', NULL, NULL, NULL, 'undefined', '01234567891', '/images/ff4dbe14-675e-43b4-a68d-a0e8414b70a3.jpg', 'male', NULL, 4, 28, 0, 'Dhaka,Bangladesh', 2389, 2942, 68, NULL, NULL, NULL, NULL, '2020-11-30 04:02:16', '2020-11-30 04:43:27', NULL),
(90, NULL, '::1', 'ahmed', '$2a$10$WSaqEleg49hEmy2Vp7s3euxRPIw34nTAflmKuM1CTOUTnhbtRfJ9i', 'test@gmail.com', NULL, NULL, NULL, NULL, NULL, 1, 'ahmed', 'rakib', NULL, NULL, NULL, '1233456536', '01234567891', NULL, 'male', NULL, 4, 29, 0, 'dhaka,bangladesh', 2389, 2942, 68, NULL, NULL, NULL, NULL, '2020-11-30 04:48:56', '2020-11-30 04:48:56', NULL),
(91, NULL, '::1', '+8801705006701', '$2a$10$1aTjBZRrhOOy8HxXXiT8duNsE4ISTzKQ7qgWRmVjLVm2ARLs4Uqey', NULL, NULL, NULL, NULL, NULL, NULL, 1, 'Ahamudul', 'Khandker', '', '', NULL, '', '+8801705006701', NULL, 'male', '1975-01-04', 2, NULL, 0, '', NULL, NULL, NULL, '', NULL, NULL, NULL, '2020-11-30 12:19:33', '2020-11-30 12:19:33', NULL),
(92, NULL, '::1', '01991332440', '$2a$10$45AdgmhE4GX0qnlqVfurG.ROPBAC1.H0ea6RLYowly78pLZ6kEHPW', NULL, NULL, NULL, NULL, NULL, NULL, 1, 'Ariyan', 'Bhuiya', '', '', NULL, '', '01991332440', NULL, 'male', '2001-05-05', 2, NULL, 0, '', NULL, NULL, NULL, '', NULL, NULL, NULL, '2020-11-30 12:19:34', '2020-11-30 12:19:34', NULL),
(93, NULL, '::1', '013234345476678', '$2a$10$FXmuqUGPk1H1kOUl1oHeZODYzmjHt9FhV7yjGkm.DO56gspXUHAPe', NULL, NULL, NULL, NULL, NULL, NULL, 1, 'asdd', 'fvdgf', '', '', NULL, '', '013234345476678', NULL, 'female', '2000-12-17', 2, NULL, 0, '', NULL, NULL, NULL, '', NULL, NULL, NULL, '2020-12-01 03:51:05', '2020-12-01 03:51:05', NULL),
(94, NULL, '::1', 'getorgift', '$2a$10$uk7Oqe00lmnnZAof8v/uXeDNW4TpZgx8mpR6eMVvp1Tw48jajVgF2', 'ratonshahadat@gmail.com', NULL, NULL, NULL, NULL, NULL, 1, 'Shahadat', 'Hossain', '', 'mother_name', NULL, '1232312332', '01614142424', NULL, 'male', NULL, 4, 30, 0, 'Dhaka', 6160, 2942, 68, NULL, NULL, NULL, NULL, '2020-12-01 05:37:06', '2020-12-01 05:37:06', NULL),
(95, NULL, '::1', '01678611629', '$2a$10$swlhepnXqbHdcElGxeRYTObcWiA8TDEsQducJlooKvo51T4XMyXSu', NULL, NULL, NULL, NULL, NULL, NULL, 1, 'Shahadat', 'Khan', '', '', NULL, '', '01678611629', NULL, 'male', '1987-01-25', 2, NULL, 0, '', NULL, NULL, NULL, '', NULL, NULL, NULL, '2020-12-01 09:46:50', '2020-12-01 09:46:50', NULL),
(96, NULL, '::1', '01975336699', '$2a$10$yZTKEWCcduvesmjeh0SpgOvCwiF0lEignQzGHxL4tS6ljqh1hkEI6', NULL, NULL, NULL, NULL, NULL, NULL, 1, 'Faria', 'Elahi', '', '', NULL, '', '01975336699', NULL, 'female', '1996-12-19', 2, NULL, 0, '', NULL, NULL, NULL, '', NULL, NULL, NULL, '2020-12-01 09:51:20', '2020-12-01 09:51:20', NULL),
(97, NULL, '::1', '01798104358', '$2a$10$Dy.2Y663JMuCtPvc7ibXzeQ06qDvR6RSB4tHhDMBVTy6C/w5Q0MRa', NULL, NULL, NULL, NULL, NULL, NULL, 1, 'Mutaleb', 'Sarker', '', '', NULL, '', '01798104358', NULL, 'male', '1995-01-19', 2, NULL, 0, '', NULL, NULL, NULL, '', NULL, NULL, NULL, '2020-12-01 09:53:06', '2020-12-01 09:53:06', NULL),
(98, NULL, '::1', '01625067582', '$2a$10$H4f7r8K53bRq1ldW0sGsWuDD6gT2NpqxUWy3Tew3uvqP697s07GrK', NULL, NULL, NULL, NULL, NULL, NULL, 1, 'Rubina', 'Parvin', '', '', NULL, '', '01625067582', '/images/f88514af-0007-4df5-ad2b-6a83c318a059.PNG', 'female', '2016-06-17', 2, NULL, 0, '', NULL, NULL, NULL, '', NULL, NULL, NULL, '2020-12-01 09:57:59', '2020-12-02 08:42:56', NULL),
(99, NULL, '::1', '12345678901', '$2a$10$4Ia5ns1P5WpUjBrRVn/Xte1LmE1Kj51I5/YfrMMwI2y52.y6CXev6', NULL, NULL, NULL, NULL, NULL, NULL, 1, 'koli', 'koli', '', '', NULL, '', '12345678901', '/images/b1f55a96-eefb-43bb-a373-2b43e4b9e514.jpg', 'female', '1999-12-18', 2, NULL, 0, '', NULL, NULL, NULL, '', NULL, NULL, NULL, '2020-12-02 05:55:36', '2020-12-02 06:01:09', NULL),
(100, NULL, '::1', '01521318925', '$2a$10$zN0jVwq1KIi.upN8MtsesuXvT/q5D8Ri7CjWK8v1MgF4GkQ6Zvplq', 'sarmin.bitspeck@gmail.com', NULL, NULL, NULL, NULL, NULL, 1, 'sarmin', 'sultana', '', '', NULL, '', '01521318925', '/images/2c339a49-af52-4b81-bb07-fea636b83273.png', 'female', '2000-11-01', 2, NULL, 0, '', NULL, NULL, NULL, '', NULL, NULL, NULL, '2020-12-02 17:41:54', '2020-12-06 04:09:59', NULL),
(101, NULL, '::1', '01234567892', '$2a$10$4H7FKy8vjzgSF2YnTZ9iK.DdjKqMALl8dact5OhEmxMqIah5z8ef6', NULL, NULL, NULL, NULL, NULL, NULL, 1, 'urmi', 'jahan', '', '', NULL, '', '01234567892', NULL, 'female', '2003-12-18', 2, NULL, 0, '', NULL, NULL, NULL, '', NULL, NULL, NULL, '2020-12-03 10:49:13', '2020-12-03 10:49:13', NULL),
(102, NULL, '::1', '01905044393', '$2a$10$5FpCVdkgrQNkqDYTVUaz8.ZteO1VTFdoSv41ThZ27wbLXHuX9OwgO', NULL, NULL, NULL, NULL, NULL, NULL, 1, 'OISHY', 'Oni', '', '', NULL, '', '01905044393', NULL, 'female', '1996-11-27', 2, NULL, 0, '', NULL, NULL, NULL, '', NULL, NULL, NULL, '2020-12-03 11:33:35', '2020-12-03 11:33:35', NULL),
(103, NULL, '::1', '01985252520', '$2a$10$fHLZDqPEI0LAGYP75j9KMuAxbFBf.QsV2CQK3dktynFJYfA8J21Gi', NULL, NULL, NULL, NULL, NULL, NULL, 1, 'viper', 'nvhfyjhntydty', '', '', NULL, '', '01985252520', NULL, 'male', '2020-02-07', 2, NULL, 0, '', NULL, NULL, NULL, '', NULL, NULL, NULL, '2020-12-03 11:36:05', '2020-12-03 11:36:05', NULL),
(104, NULL, '::1', '01721317834', '$2a$10$xqbyn6v6PfdsZrYeb/7beOQV2c9HNmdPWBP1L0IQAwB3YAMqc9O4O', NULL, NULL, NULL, NULL, NULL, NULL, 1, 'mim', 'mim', '', '', NULL, '', '01721317834', NULL, 'female', '2000-01-01', 2, NULL, 0, '', NULL, NULL, NULL, '', NULL, NULL, NULL, '2020-12-06 04:11:44', '2020-12-06 04:11:44', NULL),
(105, NULL, '::1', '01721324511', '$2a$10$W9.x0jHlyhhMV6RSmwG2UOhtgZbCeGXdNKrIzXimcxeCw2LKpKid2', NULL, NULL, NULL, NULL, NULL, NULL, 1, 'doli', 'das', '', '', NULL, '', '01721324511', NULL, 'female', '2000-01-01', 2, NULL, 0, '', NULL, NULL, NULL, '', NULL, NULL, NULL, '2020-12-06 04:18:34', '2020-12-06 04:18:34', NULL),
(106, NULL, '::1', '01989388883', '$2a$10$mjJW6n7rv.rvIFRU2wAE8ODyL43juSeJ1DPp2r73Ha5BNnGvhY1Lq', NULL, NULL, NULL, NULL, NULL, NULL, 1, 'nusrat', 'jahan', '', '', NULL, '', '01989388883', NULL, 'female', '2001-11-18', 2, NULL, 0, '', NULL, NULL, NULL, '', NULL, NULL, NULL, '2020-12-06 05:36:27', '2020-12-06 05:36:27', NULL),
(107, NULL, '::1', '01600000000', '$2a$10$23Q./9krbBACOGbDICDr7O/1g/WBgsPgevmnk7W/ix.zw1E530lHK', NULL, NULL, NULL, NULL, NULL, NULL, 1, 'abc', 'def', '', '', NULL, '', '01600000000', NULL, 'male', '2020-01-02', 2, NULL, 0, '', NULL, NULL, NULL, '', NULL, NULL, NULL, '2020-12-06 15:58:08', '2020-12-06 15:58:08', NULL),
(108, NULL, '::1', '01721436724', '$2a$10$P2j2D7nUPA9Sfu8KwUuzwen70lFHmRCbEgSfBV.8qYRs/VKwLoW32', 'rubina@gmail.com', NULL, NULL, NULL, NULL, NULL, 1, 'rubina', 'amin', '', '', NULL, '', '01721436724', '/images/ac77cfc5-949e-4a1b-98e5-dc3a0603019e.jpg', 'female', '1997-01-01', 2, NULL, 0, '', NULL, NULL, NULL, '', NULL, NULL, NULL, '2020-12-07 06:52:02', '2020-12-07 07:36:31', NULL),
(109, NULL, '::1', 'chayabithi', '$2a$10$.q6atoTrgrDkhXx8J0VExO9IdpQ62rYPQ6pp1SJiZhsYO0BOgaxEu', 'karim@gmail.com', NULL, NULL, NULL, NULL, NULL, 1, 'karim', 'hasan', NULL, NULL, NULL, '12345', '01745678394', '/images/0283bc1e-099d-43d5-ad03-48093d080dbe.jpg', 'male', NULL, 4, 31, 0, 'kodom tola', 73, 71, 68, NULL, NULL, NULL, NULL, '2020-12-10 05:27:57', '2020-12-10 05:27:57', NULL),
(110, NULL, '::1', 'dfg', '$2a$10$kyI2BmjnkFHM2.ft7bcU7uULbmemmMFxTufemTpmYy3z4KpavAYMC', 'ki@gmail.com', NULL, NULL, NULL, NULL, NULL, 1, 'jnk', 'bjn lk', NULL, NULL, NULL, '12345', '01234567890', NULL, 'male', NULL, 4, 32, 0, 'dfgh8ujikivfg', 4752, 996, 66, NULL, NULL, NULL, NULL, '2020-12-12 05:20:24', '2020-12-12 05:20:24', NULL),
(111, NULL, '::1', '01710113467', '$2a$10$I0IDtVCTl2kP/QzWTQJp/OWKti8bl5ZZr8xRJE03kpAcsTlx4I6t2', NULL, NULL, NULL, NULL, NULL, NULL, 1, 'test', 'test', '', '', NULL, '', '01710113467', '/images/68a4cd9f-08a6-4ff4-a56c-8ca957666466.jpeg', 'female', '2003-10-19', 2, NULL, 0, '', NULL, NULL, NULL, '', NULL, NULL, NULL, '2020-12-13 05:18:39', '2020-12-13 05:43:06', NULL),
(112, NULL, '::1', '01711111112', '$2a$10$3GxVvu1ncgwLhd55DrC5TeyeKNJebDDubG9SXz4HeYsWXRORUevvW', NULL, NULL, NULL, NULL, NULL, NULL, 1, 'jinnat', 'alam', '', '', NULL, '', '01711111112', NULL, 'female', '2003-12-02', 2, NULL, 0, '', NULL, NULL, NULL, '', NULL, NULL, NULL, '2020-12-13 07:31:06', '2020-12-13 07:31:06', NULL),
(113, NULL, '::1', 'kajal1', '$2a$10$NnwtDZvU9OCYXqHjBblV5uxSXfiv4qzGn93HrRwUoQjKPmk9sSRxC', 'ad@gmail.com', NULL, NULL, NULL, NULL, NULL, 1, 'name1', 'name1', NULL, NULL, NULL, '1234', '01721234567', NULL, 'female', NULL, 4, 33, 0, 'fsdhfj', 29, 28, 36, NULL, NULL, NULL, NULL, '2020-12-14 10:51:11', '2020-12-14 10:51:11', NULL),
(114, NULL, '::1', 'kajal1', '$2a$10$yFW6g33Vw0GNnfnFWxyYKuEfAphcPiVq7J76K.zTUf0BpXAxk/YDy', 'ad@gmail.com', NULL, NULL, NULL, NULL, NULL, 1, 'name1', 'name1', NULL, NULL, NULL, '1234', '01721234567', NULL, 'female', NULL, 4, 34, 0, 'zsvdfbf', 4633, 1006, 36, NULL, NULL, NULL, NULL, '2020-12-14 10:53:34', '2020-12-14 10:53:34', NULL),
(115, NULL, '::1', 'kajal1', '$2a$10$W4rKaJhXXse9M0ekqYV2qup.vkFrr5wJa55aaJCgR3S.LZHJ2WIau', 'ad@gmail.com', NULL, NULL, NULL, NULL, NULL, 1, 'name1', 'name1', NULL, NULL, NULL, '1234', '01721234567', NULL, 'female', NULL, 4, 35, 0, 'mjhghj', 4707, 3108, 36, NULL, NULL, NULL, NULL, '2020-12-14 10:55:08', '2020-12-14 10:55:08', NULL),
(116, NULL, '::1', 'kajal1', '$2a$10$.YWM28qy2ewlpFZ9jtGIeuFmKn2WdwemXg7GFpvdRGbaavy8E8duu', 'ad@gmail.com', NULL, NULL, NULL, NULL, NULL, 1, 'name1', 'name1', NULL, NULL, NULL, 'undefined', '01721234567', NULL, 'female', NULL, 4, 36, 0, 'dfhgf', 1069, 989, 60, NULL, NULL, NULL, NULL, '2020-12-14 11:05:40', '2020-12-14 11:06:38', NULL),
(117, NULL, '::1', 'kajal1', '$2a$10$CzXJsYmHBSGrPtdNdXTGPOSwnjUqJDgLJw0mn17VQjKfH0S6lxeVa', 'ad@gmail.com', NULL, NULL, NULL, NULL, NULL, 1, 'name1', 'name1', NULL, NULL, NULL, '1234', '01721234567', NULL, 'female', NULL, 4, 37, 0, 'gdfhd', 4707, 3108, 36, NULL, NULL, NULL, NULL, '2020-12-14 11:08:55', '2020-12-14 11:08:55', NULL),
(118, NULL, '::1', 'kajal1', '$2a$10$NvHka.eygTVGfJhmKRqeyuud.s6uG5ZHmhMUfdrDhqTJrNOtFKu2G', 'ad@gmail.com', NULL, NULL, NULL, NULL, NULL, 1, 'name1', 'name1', NULL, NULL, NULL, '1234', '01721234567', NULL, 'female', NULL, 4, 38, 0, 'sgdh', 2443, 1185, 60, NULL, NULL, NULL, NULL, '2020-12-14 11:10:50', '2020-12-14 11:10:50', NULL),
(119, NULL, '::1', 'kajal1', '$2a$10$IS74NqtLG6/2l3ITHQ1Ym.mVugaafqlxGPuijcab3r56DifM0dB6a', 'ad@gmail.com', NULL, NULL, NULL, NULL, NULL, 1, 'name1', 'name1', NULL, NULL, NULL, '1234', '01721234567', NULL, 'female', NULL, 4, 39, 0, 'fdxv', 1880, 1867, 60, NULL, NULL, NULL, NULL, '2020-12-14 11:17:10', '2020-12-14 11:17:10', NULL),
(120, NULL, '::1', 'kajal1', '$2a$10$JZlWBj9oA5vTkX94kgxHiePBdLG0x2Kh4dsQ1ahGT98w4jzO2UI..', 'ad@gmail.com', NULL, NULL, NULL, NULL, NULL, 1, 'name1', 'name1', NULL, NULL, NULL, '1234', '01721234567', NULL, 'female', NULL, 4, 40, 0, 'cfbgfdhb', 1883, 1867, 60, NULL, NULL, NULL, NULL, '2020-12-14 11:22:16', '2020-12-14 11:22:16', NULL),
(121, NULL, '::1', 'edj', '$2a$10$FEUCM8juq0uh8g9RHpguCO.N5NOC9bIbHTginaLR5vGCrz4PTk1zi', 'js@gmail.com', NULL, NULL, NULL, NULL, NULL, 1, 'x', 'd', NULL, NULL, NULL, '1234', '01724567677', NULL, 'female', NULL, 4, 41, 0, 'df', 1069, 989, 60, NULL, NULL, NULL, NULL, '2020-12-14 13:42:10', '2020-12-14 13:42:10', NULL),
(122, NULL, '::1', 'jibon1', '$2a$10$B3zbL2zJljIr87oXbBslLOgxf57/a1LDTpXYE.dd4thfGTP/9ETqC', 'name@gmail.com', NULL, NULL, NULL, NULL, NULL, 1, 'name2', 'name2', NULL, NULL, NULL, '1234', '01721435678', NULL, 'female', NULL, 4, 42, 0, 'hgjmft', 2532, 2075, 36, NULL, NULL, NULL, NULL, '2020-12-15 04:37:09', '2020-12-15 04:37:09', NULL),
(123, NULL, '::1', 'jibon1', '$2a$10$lQiqnOFgdvDPOTqMKZyeRe7i4TQHJNuccbJMt.bAQm9IgDjOE1k6K', 'name@gmail.com', NULL, NULL, NULL, NULL, NULL, 1, 'name2', 'name2', NULL, NULL, NULL, '1234', '01721435678', NULL, 'female', NULL, 4, 43, 0, 'sdfghj', 4706, 3108, 36, NULL, NULL, NULL, NULL, '2020-12-15 04:39:24', '2020-12-15 04:39:24', NULL),
(124, NULL, '::1', 'jibon1', '$2a$10$MJcfHu73ro/VJf/kNtcCgeAjurfcNJUueFHUjOzowcCtPTpdUQUy2', 'name@gmail.com', NULL, NULL, NULL, NULL, NULL, 1, 'name2', 'name2', NULL, NULL, NULL, '1234', '01721435678', NULL, 'female', NULL, 4, 44, 0, 'fdbgf', 101, 70, 65, NULL, NULL, NULL, NULL, '2020-12-15 04:41:15', '2020-12-15 04:41:15', NULL),
(125, NULL, '::1', 'jibon1', '$2a$10$.Dz3qeoYPRO/j7e.ScmdlOrRT.B.vuQuwvc4jjFDvsX7wDfQCmvOi', 'name@gmail.com', NULL, NULL, NULL, NULL, NULL, 1, 'name2', 'name2', NULL, NULL, NULL, '1234', '01721435678', NULL, 'female', NULL, 4, 45, 0, 'fghjk', 4800, 998, 36, NULL, NULL, NULL, NULL, '2020-12-15 04:45:42', '2020-12-15 04:45:42', NULL),
(126, NULL, '::1', '123456', '$2a$10$39Ixatt6Ytf3xXS6FVaerO1N.NLotPJu8wdDxYDu70L6PeghoDSa6', 'name@gmail.com', NULL, NULL, NULL, NULL, NULL, 1, '123456', '123456', NULL, NULL, NULL, '123456', '12345623456', NULL, 'female', NULL, 4, 46, 0, 'sdfghj', 1130, 993, 60, NULL, NULL, NULL, NULL, '2020-12-15 04:46:57', '2020-12-15 04:46:57', NULL),
(127, NULL, '::1', '123456', '$2a$10$6ynJ8rY.cPHP59lYPRKjk.XKqZL5ZfInGtjFlBUQk/XK5ehqspS1u', 'name@gmail.com', NULL, NULL, NULL, NULL, NULL, 1, '123456', '123456', NULL, NULL, NULL, '123456', '12345623456', NULL, 'female', NULL, 4, 47, 0, 'sfdc', 2148, 1004, 60, NULL, NULL, NULL, NULL, '2020-12-15 04:48:15', '2020-12-15 04:48:15', NULL),
(128, NULL, '::1', '123456', '$2a$10$nHwSKtZGIOSgH43A63ttrOKRBdOl.Ltkln2gzLQMT5m7mxXJKeoM2', 'name@gmail.com', NULL, NULL, NULL, NULL, NULL, 1, '123456', '123456', NULL, NULL, NULL, '123456', '12345612467', NULL, 'female', NULL, 4, 48, 0, 'sg', 1964, 1960, 68, NULL, NULL, NULL, NULL, '2020-12-15 04:50:01', '2020-12-15 04:50:01', NULL),
(129, NULL, '::1', 'jibon1', '$2a$10$aQ2Z4q/J8khrz5aGAArki.HG7V1SODSIOgvSNc6vl819H0RH1Ng8i', 'name@gmail.com', NULL, NULL, NULL, NULL, NULL, 1, 'name2', 'name2', NULL, NULL, NULL, '1234', '01721435678', NULL, 'female', NULL, 4, 49, 0, 'sfdh', 2283, 2256, 68, NULL, NULL, NULL, NULL, '2020-12-15 04:55:48', '2020-12-15 04:55:48', NULL),
(130, NULL, '::1', 'jibon1', '$2a$10$tJDKgLYU1PP0TkX0W8zrAe3MjkgN.OAk0VKgXQiuYx5.EEwvXx3fS', 'name@gmail.com', NULL, NULL, NULL, NULL, NULL, 1, 'name2', 'name2', NULL, NULL, NULL, '1234', '01721435678', NULL, 'female', NULL, 4, 50, 0, 'gfbfcbh', 1963, 1960, 68, NULL, NULL, NULL, NULL, '2020-12-15 04:58:07', '2020-12-15 04:58:07', NULL),
(131, NULL, '::1', 'jibon1', '$2a$10$ZSPj.emtWVLhjkQconSBkeezYL94EdxBU8g9ywDPaUHZUMfdErBB6', 'name@gmail.com', NULL, NULL, NULL, NULL, NULL, 1, 'name2', 'name2', NULL, NULL, NULL, '1234', '01721435678', NULL, 'female', NULL, 4, 51, 0, 'dgfcgj', 2283, 2256, 68, NULL, NULL, NULL, NULL, '2020-12-15 05:01:55', '2020-12-15 05:01:55', NULL),
(132, NULL, '::1', 'jibon1', '$2a$10$bz42k.b0ukAUihiAfAq1u.DfufCRepN0xDa.04ipV4U3L7OhWSH.O', 'name@gmail.com', NULL, NULL, NULL, NULL, NULL, 1, 'name2', 'name2', NULL, NULL, NULL, '1234', '01721435678', NULL, 'female', NULL, 4, 52, 0, 'scdfng', 1173, 1007, 68, NULL, NULL, NULL, NULL, '2020-12-15 05:04:37', '2020-12-15 05:04:37', NULL),
(133, NULL, '::1', '1234', '$2a$10$T/Z06v.feTRWysw7vIX4xOpsAf2iBm1vaSDhSM5SXWR9iz..ncisy', 'name@gmail.com', NULL, NULL, NULL, NULL, NULL, 1, '1234', '1234', NULL, NULL, NULL, '1234', '01721435678', NULL, 'female', NULL, 4, 53, 0, 'vnfgh', 4427, 1006, 36, NULL, NULL, NULL, NULL, '2020-12-15 05:06:58', '2020-12-15 05:06:58', NULL),
(134, NULL, '::1', '1234', '$2a$10$RGZzY6gD1z9x/V0GVz9HyuVz5/Ul4BCHOVraNRXFfW2KkvzU6UB5G', 'name@gmail.com', NULL, NULL, NULL, NULL, NULL, 1, '1234', '1234', NULL, NULL, NULL, '1234', '12345612343', NULL, 'female', NULL, 4, 54, 0, 'fbvvb', 1965, 1960, 68, NULL, NULL, NULL, NULL, '2020-12-15 05:08:10', '2020-12-15 05:08:10', NULL),
(135, NULL, '::1', 'name2', '$2a$10$mTepAubHjohVA97/dqsd4e9xLF/Sofah5kQC7hVbougWfV3pqygLi', 'name@gmail.com', NULL, NULL, NULL, NULL, NULL, 1, 'test', 'case', NULL, NULL, NULL, '1234', '01521318923', '/images/90631c4a-0ff2-48d3-9b30-3468d453655f.jpg', 'female', NULL, 4, 55, 0, 'asdfghj', 1940, 1987, 69, NULL, NULL, NULL, NULL, '2020-12-15 05:10:17', '2020-12-15 05:10:17', NULL),
(136, NULL, '::1', 'friendscloud', '$2a$10$cnObQQM.h3mfxg8VksixKOXLbw9wfhSttqm/zQSfI9fcDHUY/FnC2', 'sarmin.bitspeck@gmail.com', NULL, NULL, NULL, NULL, NULL, 1, 'Sarmin', 'Sultana', NULL, NULL, NULL, 'undefined', '01521318923', NULL, 'female', NULL, 4, 56, 0, 'madam', 4706, 3108, 36, NULL, NULL, NULL, NULL, '2020-12-15 05:13:01', '2020-12-15 09:38:26', NULL),
(137, NULL, '::1', 'cakecraft', '$2a$10$JmEnhMeGRA6AaYo2P8aRPOfqxxpxALb736KAHzqWwxopofkxl9Rx2', 'sharin@gmail.com', NULL, NULL, NULL, NULL, NULL, 1, 'sharin', 'mim', NULL, NULL, NULL, '1234', '01521318924', NULL, 'female', NULL, 4, 57, 0, 'comilla', 29, 28, 36, NULL, NULL, NULL, NULL, '2020-12-15 07:20:36', '2020-12-15 07:20:36', NULL),
(138, NULL, '::1', 'bngs', '$2a$10$./fydxFWnQzW96jGw16SaOXXoN0Y1evDzi0jJFH7BK1X4iJGrbC3W', 'bngs@gmail.com', NULL, NULL, NULL, NULL, NULL, 1, 'Mr ', 'BNGS', '', 'mother_name', NULL, '21345465786756453432', '01700000000', NULL, 'male', NULL, 4, 58, 0, 'Dhaka District, Mirpur Metro, Dhaka Division.', 6559, 2942, 68, NULL, NULL, NULL, NULL, '2020-12-15 07:23:36', '2020-12-15 07:23:36', NULL),
(139, NULL, '::1', 'nusrat12', '$2a$10$Y6uT/4YTwxxOzm6Lpihlie1C60JxOMjOZiSoSD8Ar/LNbrhfYxXUW', 'nusrat@gmail.com', NULL, NULL, NULL, NULL, NULL, 1, 'nusrat', 'jahan', '', 'mother_name', NULL, '343546767564534231', '01710000909', NULL, 'female', NULL, 4, 59, 0, 'hgfdasFSGSDFSD', 6160, 2942, 68, NULL, NULL, NULL, NULL, '2020-12-15 07:26:33', '2020-12-15 07:26:33', NULL),
(140, NULL, '::1', 'closet', '$2a$10$zQa9OZMxxAqcmec.rSjVWeHeGAG9VECZNMzZXCLDQra4K/IrjZzEe', 'arifa@gmail.com', NULL, NULL, NULL, NULL, NULL, 1, 'arifa', 'jahan', NULL, NULL, NULL, 'undefined', '01521318923', NULL, 'female', NULL, 4, 60, 0, 'comilla', 2046, 1004, 60, NULL, NULL, NULL, NULL, '2020-12-15 09:42:06', '2020-12-15 09:43:43', NULL),
(141, NULL, '::1', 'Nilachol', '$2a$10$VtJH7Hobif0B2i6L02OEee254pnIWIJqhF01SVe/80d5mvUb53rFG', 'hasib@gmail.com', NULL, NULL, NULL, NULL, NULL, 1, 'Hasib', 'Hasan', NULL, NULL, NULL, 'undefined', '01857471556', '/images/c38e9416-c605-4b03-bab3-5ff9fe6a4197.jpg', 'male', NULL, 4, 61, 0, 'mirpur', 1180, 1007, 68, NULL, NULL, NULL, NULL, '2020-12-22 11:06:53', '2020-12-22 11:52:28', '2020-12-22 11:52:28'),
(142, NULL, '::1', '01521318921', '$2a$10$U/KXqV3Ej9m.2PZAiprEv.Egsmbf5MR1xLpn3R2SetdZ6NlVO7psi', NULL, NULL, NULL, NULL, NULL, NULL, 1, 'Roksana', 'Alam', '', '', NULL, '', '01521318921', NULL, 'female', '2000-11-19', 2, NULL, 0, '', NULL, NULL, NULL, '', NULL, NULL, NULL, '2020-12-26 05:48:21', '2020-12-26 05:48:21', NULL);

-- --------------------------------------------------------

--
-- Table structure for table `user_logins`
--

CREATE TABLE `user_logins` (
  `id` int(11) NOT NULL,
  `user_id` int(11) NOT NULL,
  `warehouse_id` int(11) DEFAULT NULL,
  `ip_address` varbinary(16) NOT NULL,
  `username` varchar(100) NOT NULL,
  `time` timestamp NULL DEFAULT '0000-00-00 00:00:00',
  `created_at` datetime NOT NULL,
  `updated_at` timestamp NOT NULL DEFAULT CURRENT_TIMESTAMP ON UPDATE CURRENT_TIMESTAMP,
  `deleted_at` datetime DEFAULT NULL
) ENGINE=InnoDB DEFAULT CHARSET=utf8;

-- --------------------------------------------------------

--
-- Table structure for table `variants`
--

CREATE TABLE `variants` (
  `id` int(11) NOT NULL,
  `name` varchar(55) NOT NULL,
  `created_at` datetime NOT NULL,
  `updated_at` timestamp NOT NULL DEFAULT CURRENT_TIMESTAMP ON UPDATE CURRENT_TIMESTAMP,
  `deleted_at` datetime DEFAULT NULL,
  `type` tinyint(4) NOT NULL COMMENT '0 no change; 1 change'
) ENGINE=InnoDB DEFAULT CHARSET=utf8;

--
-- Dumping data for table `variants`
--

INSERT INTO `variants` (`id`, `name`, `created_at`, `updated_at`, `deleted_at`, `type`) VALUES
(1, 'SIZE', '2018-08-05 11:21:35', '2020-12-01 06:45:51', NULL, 1),
(2, 'COLOR', '2018-08-05 11:21:46', '2020-10-22 13:33:28', NULL, 0),
(4, 'COTTON', '2018-08-05 20:34:14', '2020-10-22 13:34:23', NULL, 1),
(5, 'SIZE', '2018-08-05 20:34:45', '2020-10-22 13:33:37', NULL, 0),
(6, 'Yarn', '2018-08-05 20:35:09', '2020-10-22 13:34:01', NULL, 1),
(7, 'Style', '2020-11-18 11:21:47', '2020-11-18 11:22:25', '2020-11-18 11:22:25', 1),
(8, 'Style', '2020-11-19 12:18:43', '2020-11-19 12:18:54', '2020-11-19 12:18:54', 1),
(9, 'material', '2020-11-29 08:51:48', '2020-11-29 09:19:25', '2020-11-29 09:19:25', 1),
(10, 'Material', '2020-11-30 04:05:41', '2020-12-03 04:23:36', '2020-12-03 04:23:36', 1),
(11, 'material', '2020-12-03 04:23:51', '2020-12-03 04:23:51', NULL, 1);

-- --------------------------------------------------------

--
-- Table structure for table `warehouses`
--

CREATE TABLE `warehouses` (
  `id` int(11) NOT NULL,
  `code` varchar(50) DEFAULT NULL,
  `name` varchar(255) NOT NULL,
  `buffer_time` int(11) DEFAULT NULL,
  `employee_count` int(11) DEFAULT NULL,
  `license_no` varchar(100) DEFAULT NULL,
  `tin_no` varchar(20) DEFAULT NULL,
  `vat_no` varchar(20) DEFAULT NULL,
  `address` varchar(255) DEFAULT NULL,
  `upazila_id` int(11) DEFAULT NULL,
  `zila_id` int(11) DEFAULT NULL,
  `division_id` int(11) DEFAULT NULL,
  `postal_code` varchar(8) DEFAULT NULL,
  `country` varchar(100) DEFAULT NULL,
  `phone` varchar(20) DEFAULT NULL,
  `email` varchar(100) NOT NULL,
  `invoice_footer` text,
  `question_1` text,
  `question_2` text,
  `question_3` text,
  `question_4` text,
  `question_5` text,
  `question_6_value` int(11) DEFAULT NULL,
  `question_7_value` int(11) DEFAULT NULL,
  `question_8_value` int(11) DEFAULT NULL,
  `question_9` text,
  `logo` varchar(255) DEFAULT 'logo.png',
  `award_points` int(11) DEFAULT '0',
  `status` tinyint(4) NOT NULL DEFAULT '0' COMMENT '0 pending, 1 processing, 2 active and 3 inactive',
  `created_at` datetime NOT NULL,
  `updated_at` timestamp NOT NULL DEFAULT CURRENT_TIMESTAMP ON UPDATE CURRENT_TIMESTAMP,
  `deleted_at` datetime DEFAULT NULL
) ENGINE=InnoDB DEFAULT CHARSET=utf8;

--
-- Dumping data for table `warehouses`
--

INSERT INTO `warehouses` (`id`, `code`, `name`, `buffer_time`, `employee_count`, `license_no`, `tin_no`, `vat_no`, `address`, `upazila_id`, `zila_id`, `division_id`, `postal_code`, `country`, `phone`, `email`, `invoice_footer`, `question_1`, `question_2`, `question_3`, `question_4`, `question_5`, `question_6_value`, `question_7_value`, `question_8_value`, `question_9`, `logo`, `award_points`, `status`, `created_at`, `updated_at`, `deleted_at`) VALUES
(22, '', 'js-enterprise', NULL, NULL, '1246372', '123456789', NULL, 'bagerhat', 6559, 2942, 68, '9090', 'Bangladesh', '0174012312', 'js@wr.com', '<p>js@2018</p>\n', NULL, NULL, NULL, NULL, NULL, NULL, NULL, NULL, NULL, '/images/6ae567a6-36e7-4925-8cfc-e0a6b1fd96ac.png', 0, 2, '2018-08-04 19:53:16', '2020-12-01 09:36:41', NULL),
(23, '', 'ভূমি ', 2, NULL, '123418464', '15165416158', NULL, 'জসসরে,খুলনা,১২০১', 98, 61, 65, '1205', 'Bangladesh', '01553652885', 'vumi@gmail.com', '<p>ভূমি</p>\n', NULL, NULL, NULL, NULL, NULL, NULL, NULL, NULL, NULL, '/images/3c7460a1-49ff-41ef-aefa-85a0ccdf3ecc.jpeg', 0, 2, '2018-08-05 20:14:19', '2020-12-20 06:37:50', '2020-12-20 06:37:50'),
(24, '', 'Kaaya', 0, NULL, '123456', '3', NULL, 'Dhaka', 76, 71, 68, '1212', 'Bangladesh', '01784569032', 'rakib@gmail.com', 'null', NULL, NULL, NULL, NULL, NULL, NULL, NULL, NULL, NULL, 'logo.png', 0, 2, '2020-11-18 10:53:45', '2020-11-21 10:07:30', NULL),
(25, '', 'Akta', 0, NULL, '123456', '3', NULL, 'Dhaka', 3868, 2258, 68, '1212', 'Bangladesh', '01543425645', 'pijush@gmail.com', NULL, NULL, NULL, NULL, NULL, NULL, NULL, NULL, NULL, NULL, 'logo.png', 0, 1, '2020-11-18 10:56:18', '2020-11-18 10:57:50', '2020-11-18 10:57:50'),
(26, '', 'Anonder Bazar', NULL, NULL, '0', NULL, NULL, 'Gulshan-1, Dhaka-1212.', 6561, 2942, 68, '1212', 'Bangladesh', '01674609630', 'nakib.anonderbazar@gmail.com', NULL, NULL, NULL, NULL, NULL, NULL, NULL, NULL, NULL, NULL, 'logo.png', 0, 3, '2020-11-24 10:24:55', '2020-11-29 09:39:23', NULL),
(27, '', 'kiyara', 0, NULL, '123456', '123456', NULL, 'rampura,dhaka', 6160, 2942, 68, '1200', 'Bangladesh', '01521318924', 'rakib@gmail.com', NULL, NULL, NULL, NULL, NULL, NULL, NULL, NULL, NULL, NULL, 'logo.png', 0, 3, '2020-11-29 08:21:03', '2020-11-29 09:39:25', NULL),
(28, '', 'Computer Village', 0, NULL, '3452523jkl53', '352342135', NULL, 'Dhaka,Bangladesh', 2389, 2942, 68, '1232', 'Bangladesh', '01234567891', 'test@gmail.com', '<div style=\"display: none;\">&nbsp;</div>\n\n<p>Invoice footer (test).</p>\n', NULL, NULL, NULL, NULL, NULL, NULL, NULL, NULL, NULL, '/images/53a64fae-6bd4-4af0-be37-e375a3c5810b.jpg', 0, 2, '2020-11-30 04:02:15', '2020-11-30 04:43:26', NULL),
(29, '', 'It shop', 0, NULL, '324523462', '324532532', NULL, 'dhaka,bangladesh', 2389, 2942, 68, '34432', 'Bangladesh', '01234567891', 'test@gmail.com', NULL, NULL, NULL, NULL, NULL, NULL, NULL, NULL, NULL, NULL, 'logo.png', 0, 2, '2020-11-30 04:48:56', '2020-12-01 06:34:36', NULL),
(30, '', 'GetorGift', NULL, NULL, '0', NULL, NULL, 'Dhaka', 6160, 2942, 68, '1219', 'Bangladesh', '01614142424', 'ratonshahadat@gmail.com', NULL, NULL, NULL, NULL, NULL, NULL, NULL, NULL, NULL, NULL, 'logo.png', 0, 2, '2020-12-01 05:37:02', '2020-12-22 05:15:33', '2020-12-22 05:15:33'),
(31, '', 'ChayaBithi', 0, NULL, '12345', '12345', NULL, 'kodom tola', 73, 71, 68, '12345', 'Bangladesh', '01745678394', 'karim@gmail.com', NULL, NULL, NULL, NULL, NULL, NULL, NULL, NULL, NULL, NULL, 'logo.png', 0, 1, '2020-12-10 05:27:56', '2020-12-10 05:29:27', '2020-12-10 05:29:27'),
(32, '', 'xchjkl', 0, NULL, '12345', '12345', NULL, 'dfgh8ujikivfg', 4752, 996, 66, '2345678', 'Bangladesh', '01234567890', 'ki@gmail.com', NULL, NULL, NULL, NULL, NULL, NULL, NULL, NULL, NULL, NULL, 'logo.png', 0, 1, '2020-12-12 05:20:24', '2020-12-12 05:20:41', '2020-12-12 05:20:41'),
(33, '', 'kajal1', 0, NULL, '1234', '1234', NULL, 'fsdhfj', 29, 28, 36, '1234', 'Bangladesh', '01721234567', 'ad@gmail.com', '<p>good</p>\n', NULL, NULL, NULL, NULL, NULL, NULL, NULL, NULL, NULL, 'logo.png', 0, 1, '2020-12-14 10:51:10', '2020-12-14 10:51:10', NULL),
(34, '', 'kajal1', 0, NULL, '1234', '1234', NULL, 'zsvdfbf', 4633, 1006, 36, '1234', 'Bangladesh', '01721234567', 'ad@gmail.com', '<p>sdzdfd</p>\n', NULL, NULL, NULL, NULL, NULL, NULL, NULL, NULL, NULL, 'logo.png', 0, 1, '2020-12-14 10:53:34', '2020-12-14 10:53:34', NULL),
(35, '', 'kajal1', 0, NULL, '1234', '1234', NULL, 'mjhghj', 4707, 3108, 36, '1234', 'Bangladesh', '01721234567', 'ad@gmail.com', '', NULL, NULL, NULL, NULL, NULL, NULL, NULL, NULL, NULL, 'logo.png', 0, 1, '2020-12-14 10:55:08', '2020-12-14 10:55:08', NULL),
(36, '', 'kajal1', 0, NULL, '1234', '1234', NULL, 'dfhgf', 1069, 989, 60, '1234', 'Bangladesh', '01721234567', 'ad@gmail.com', '<p>gfchfc</p>\n', NULL, NULL, NULL, NULL, NULL, NULL, NULL, NULL, NULL, '/images/b19cbcd3-10e6-4178-a751-35c89c8eb8ef.jpg', 0, 1, '2020-12-14 11:05:39', '2020-12-14 11:06:37', NULL),
(37, '', 'kajal1', 0, NULL, '1234', '1234', NULL, 'gdfhd', 4707, 3108, 36, '1234', 'Bangladesh', '01721234567', 'ad@gmail.com', '<p>sdfgdhy</p>\n', NULL, NULL, NULL, NULL, NULL, NULL, NULL, NULL, NULL, 'logo.png', 0, 1, '2020-12-14 11:08:55', '2020-12-14 11:08:55', NULL),
(38, '', 'kajal1', 0, NULL, '1234', '1234', NULL, 'sgdh', 2443, 1185, 60, '1234', 'Bangladesh', '01721234567', 'ad@gmail.com', '<p>gdbfj</p>\n', NULL, NULL, NULL, NULL, NULL, NULL, NULL, NULL, NULL, 'logo.png', 0, 1, '2020-12-14 11:10:50', '2020-12-14 11:10:50', NULL),
(39, '', 'kajal1', 0, NULL, '1234', '1234', NULL, 'fdxv', 1880, 1867, 60, '1234', 'Bangladesh', '01721234567', 'ad@gmail.com', '<p>dfgfn</p>\n', NULL, NULL, NULL, NULL, NULL, NULL, NULL, NULL, NULL, 'logo.png', 0, 1, '2020-12-14 11:17:10', '2020-12-14 11:17:10', NULL),
(40, '', 'kajal1', 0, NULL, '1234', '1234', NULL, 'cfbgfdhb', 1883, 1867, 60, '1234', 'Bangladesh', '01721234567', 'ad@gmail.com', '<p>dxgxc</p>\n', NULL, NULL, NULL, NULL, NULL, NULL, NULL, NULL, NULL, 'logo.png', 0, 1, '2020-12-14 11:22:16', '2020-12-14 11:22:16', NULL),
(41, '', 'jjk', 0, NULL, '1234', '1234', NULL, 'df', 1069, 989, 60, '1234', 'Bangladesh', '01724567677', 'js@gmail.com', '<p>xcbvc</p>\n', NULL, NULL, NULL, NULL, NULL, NULL, NULL, NULL, NULL, 'logo.png', 0, 1, '2020-12-14 13:42:10', '2020-12-14 13:42:10', NULL),
(42, '', 'jibon1', 0, NULL, '1234', '1234', NULL, 'hgjmft', 2532, 2075, 36, '1234', 'Bangladesh', '01721435678', 'name@gmail.com', '<p>sdfghjk</p>\n', NULL, NULL, NULL, NULL, NULL, NULL, NULL, NULL, NULL, 'logo.png', 0, 1, '2020-12-15 04:37:08', '2020-12-15 04:37:08', NULL),
(43, '', 'jibon1', 0, NULL, '1234', '1234', NULL, 'sdfghj', 4706, 3108, 36, '1234', 'Bangladesh', '01721435678', 'name@gmail.com', '<p>sfdhfk</p>\n', NULL, NULL, NULL, NULL, NULL, NULL, NULL, NULL, NULL, 'logo.png', 0, 1, '2020-12-15 04:39:23', '2020-12-15 04:39:23', NULL),
(44, '', 'jibon1', 0, NULL, '1234', '1234', NULL, 'fdbgf', 101, 70, 65, '1234', 'Bangladesh', '01721435678', 'name@gmail.com', '<p>sdgfgj</p>\n', NULL, NULL, NULL, NULL, NULL, NULL, NULL, NULL, NULL, 'logo.png', 0, 1, '2020-12-15 04:41:15', '2020-12-15 04:41:15', NULL),
(45, '', 'jibon1', 0, NULL, '1234', '1234', NULL, 'fghjk', 4800, 998, 36, '1234', 'Bangladesh', '01721435678', 'name@gmail.com', '<p>fghjkf</p>\n', NULL, NULL, NULL, NULL, NULL, NULL, NULL, NULL, NULL, 'logo.png', 0, 1, '2020-12-15 04:45:41', '2020-12-15 04:45:41', NULL),
(46, '', '123456', 0, NULL, '123456', '123456', NULL, 'sdfghj', 1130, 993, 60, '123456', 'Bangladesh', '12345623456', 'name@gmail.com', '<p>wserftghj</p>\n', NULL, NULL, NULL, NULL, NULL, NULL, NULL, NULL, NULL, 'logo.png', 0, 1, '2020-12-15 04:46:56', '2020-12-15 04:46:56', NULL),
(47, '', '123456', 0, NULL, '123456', '123456', NULL, 'sfdc', 2148, 1004, 60, '1234', 'Bangladesh', '12345623456', 'name@gmail.com', '<p>sdfghjkl</p>\n', NULL, NULL, NULL, NULL, NULL, NULL, NULL, NULL, NULL, 'logo.png', 0, 1, '2020-12-15 04:48:15', '2020-12-15 04:48:15', NULL),
(48, '', '123456', 0, NULL, '123456', '123456', NULL, 'sg', 1964, 1960, 68, '1234', 'Bangladesh', '12345612467', 'name@gmail.com', '<p>sgbfjhjl</p>\n', NULL, NULL, NULL, NULL, NULL, NULL, NULL, NULL, NULL, 'logo.png', 0, 1, '2020-12-15 04:50:01', '2020-12-15 04:50:01', NULL),
(49, '', 'jibon1', 0, NULL, '1234', '1234', NULL, 'sfdh', 2283, 2256, 68, '1234', 'Bangladesh', '01721435678', 'name@gmail.com', '<p>fcjfg</p>\n', NULL, NULL, NULL, NULL, NULL, NULL, NULL, NULL, NULL, 'logo.png', 0, 1, '2020-12-15 04:55:48', '2020-12-15 04:55:48', NULL),
(50, '', 'jibon1', 0, NULL, '1234', '1234', NULL, 'gfbfcbh', 1963, 1960, 68, '1234', 'Bangladesh', '01721435678', 'name@gmail.com', '<p>rtfyhuj</p>\n', NULL, NULL, NULL, NULL, NULL, NULL, NULL, NULL, NULL, 'logo.png', 0, 1, '2020-12-15 04:58:06', '2020-12-15 04:58:06', NULL),
(51, '', 'jibon1', 0, NULL, '1234', '1234', NULL, 'dgfcgj', 2283, 2256, 68, '1234', 'Bangladesh', '01721435678', 'name@gmail.com', '<p>dfdj</p>\n', NULL, NULL, NULL, NULL, NULL, NULL, NULL, NULL, NULL, 'logo.png', 0, 1, '2020-12-15 05:01:55', '2020-12-15 05:01:55', NULL),
(52, '', 'jibon1', 0, NULL, '1234', '1234', NULL, 'scdfng', 1173, 1007, 68, '1234', 'Bangladesh', '01721435678', 'name@gmail.com', '<p>adfsgdfjg</p>\n', NULL, NULL, NULL, NULL, NULL, NULL, NULL, NULL, NULL, 'logo.png', 0, 1, '2020-12-15 05:04:36', '2020-12-15 05:04:36', NULL),
(53, '', '1234', 0, NULL, '1234', '1234', NULL, 'vnfgh', 4427, 1006, 36, '1234', 'Bangladesh', '01721435678', 'name@gmail.com', '<p>sdfghjk</p>\n', NULL, NULL, NULL, NULL, NULL, NULL, NULL, NULL, NULL, 'logo.png', 0, 1, '2020-12-15 05:06:58', '2020-12-15 05:06:58', NULL),
(54, '', '1234', 0, NULL, '1234', '1234', NULL, 'fbvvb', 1965, 1960, 68, '1234', 'Bangladesh', '12345612343', 'name@gmail.com', '<p>sdfghjk</p>\n', NULL, NULL, NULL, NULL, NULL, NULL, NULL, NULL, NULL, 'logo.png', 0, 1, '2020-12-15 05:08:10', '2020-12-15 05:08:10', NULL),
(55, '', 'name2', 0, NULL, '1234', '1234', NULL, 'asdfghj', 1940, 1987, 69, '123456', 'Bangladesh', '01521318923', 'name@gmail.com', '<p>test1</p>\n', NULL, NULL, NULL, NULL, NULL, NULL, NULL, NULL, NULL, 'logo.png', 0, 1, '2020-12-15 05:10:17', '2020-12-15 05:10:17', NULL),
(56, '', 'Friends Cloud', 0, NULL, '12345', '12345', NULL, 'madam', 4706, 3108, 36, '1234', 'Bangladesh', '01521318923', 'sarmin.bitspeck@gmail.com', '<p>good</p>\n', NULL, NULL, NULL, NULL, NULL, NULL, NULL, NULL, NULL, '/images/3d60eb5f-b638-4353-a076-333d75044be9.png', 0, 3, '2020-12-15 05:13:00', '2020-12-15 09:38:26', NULL),
(57, '', 'Cake Craft', 0, NULL, '1234', '1234', NULL, 'comilla', 29, 28, 36, '1234', 'Bangladesh', '01521318924', 'sharin@gmail.com', NULL, NULL, NULL, NULL, NULL, NULL, NULL, NULL, NULL, NULL, 'logo.png', 0, 2, '2020-12-15 07:20:36', '2020-12-15 07:22:44', NULL),
(58, '', 'BNGS', NULL, NULL, '0', NULL, NULL, 'Dhaka District, Mirpur Metro, Dhaka Division.', 6559, 2942, 68, '1217', 'Bangladesh', '01700000000', 'bngs@gmail.com', NULL, NULL, NULL, NULL, NULL, NULL, NULL, NULL, NULL, NULL, 'logo.png', 0, 0, '2020-12-15 07:23:36', '2020-12-15 07:23:36', NULL),
(59, '', 'nusrat\'s shop', NULL, NULL, '0', NULL, NULL, 'hgfdasFSGSDFSD', 6160, 2942, 68, '1234', 'Bangladesh', '01710000909', 'nusrat@gmail.com', NULL, NULL, NULL, NULL, NULL, NULL, NULL, NULL, NULL, NULL, 'logo.png', 0, 2, '2020-12-15 07:26:33', '2020-12-15 09:33:27', NULL),
(60, '', 'closet', 0, NULL, '12345', '12345', NULL, 'comilla', 2046, 1004, 60, '1234', 'Bangladesh', '01521318923', 'arifa@gmail.com', '<p>good</p>\n', NULL, NULL, NULL, NULL, NULL, NULL, NULL, NULL, NULL, '/images/6b3cdfc6-4b26-431a-86ee-dc8fd99f165e.png', 0, 2, '2020-12-15 09:42:06', '2020-12-15 09:46:45', NULL),
(61, '', 'Nilachol', 0, NULL, '12345678', '12345678', NULL, 'mirpur', 1180, 1007, 68, '1234', 'Bangladesh', '01857471556', 'hasib@gmail.com', '<p>Good</p>\n', NULL, NULL, NULL, NULL, NULL, NULL, NULL, NULL, NULL, '/images/38a4ae3b-ac24-4195-acb8-7cdc49a5a1f7.jpg', 0, 2, '2020-12-22 11:06:53', '2020-12-22 11:52:27', '2020-12-22 11:52:27');

-- --------------------------------------------------------

--
-- Table structure for table `warehouses_variants`
--

CREATE TABLE `warehouses_variants` (
  `id` int(11) NOT NULL,
  `variant_id` int(11) NOT NULL,
  `warehouse_id` int(11) NOT NULL,
  `name` varchar(255) NOT NULL,
  `quantity` decimal(15,4) DEFAULT '0.0000',
  `unit_price` decimal(15,4) DEFAULT '0.0000',
  `unit_name` varchar(255) DEFAULT NULL,
  `image` varchar(255) DEFAULT NULL,
  `brand_id` int(11) DEFAULT NULL,
  `rack` varchar(255) DEFAULT NULL,
  `created_at` datetime NOT NULL,
  `updated_at` timestamp NOT NULL DEFAULT CURRENT_TIMESTAMP ON UPDATE CURRENT_TIMESTAMP,
  `deleted_at` datetime DEFAULT NULL
) ENGINE=InnoDB DEFAULT CHARSET=utf8;

--
-- Dumping data for table `warehouses_variants`
--

INSERT INTO `warehouses_variants` (`id`, `variant_id`, `warehouse_id`, `name`, `quantity`, `unit_price`, `unit_name`, `image`, `brand_id`, `rack`, `created_at`, `updated_at`, `deleted_at`) VALUES
(23, 1, 23, 'LARGE', '0.0000', '0.0000', '', '/images/1533452295126_warehouse_variant.jpg', 0, '', '2018-08-05 12:58:15', '2020-10-22 13:32:46', NULL),
(24, 1, 23, 'SMALL', '0.0000', '0.0000', '', '/images/1533452819749_warehouse_variant.jpg', 0, '', '2018-08-05 13:06:59', '2020-10-22 13:32:38', NULL),
(25, 5, 23, 'MEDIUM', '0.0000', '0.0000', '', '/images/1533452899549_warehouse_variant.jpg', 0, '', '2018-08-05 13:08:19', '2020-10-22 13:33:09', NULL),
(26, 2, 22, 'RED', '0.0000', '0.0000', '', '/images/1533452968659_warehouse_variant.jpg', 0, '', '2018-08-05 13:09:28', '2020-10-22 13:33:01', '2019-02-04 19:14:45'),
(27, 2, 22, 'BLUE', '0.0000', '0.0000', '', '/images/1533453034015_warehouse_variant.jpg', 0, '', '2018-08-05 13:10:34', '2020-10-22 13:32:58', NULL),
(28, 5, 22, 'S', '0.0000', '0.0000', '', NULL, 0, '', '2020-11-02 14:29:33', '2020-12-07 10:53:02', NULL),
(29, 2, 22, 'L', '0.0000', '0.0000', '', NULL, 0, '', '2020-11-02 14:29:59', '2020-11-02 14:29:59', NULL),
(30, 5, 22, 'M', '0.0000', '0.0000', '', NULL, 0, '', '2020-11-02 14:30:22', '2020-11-02 14:30:22', NULL),
(31, 1, 22, 'L', '1.0000', '1.0000', 'ps', NULL, 1, '', '2020-11-02 14:32:58', '2020-11-02 14:39:19', NULL),
(32, 1, 22, 'M', '41.0000', '2.0000', '', NULL, 1, '', '2020-11-02 14:34:01', '2020-11-02 14:39:38', NULL),
(33, 1, 22, 'S', '5.0000', '3.0000', '', NULL, 1, '', '2020-11-02 14:34:27', '2020-11-02 14:39:51', NULL),
(34, 1, 23, '29', '5.0000', '1500.0000', 'Waist of the pant', NULL, 9, '', '2020-11-30 04:28:06', '2020-11-30 04:28:06', NULL),
(35, 1, 23, '32', '5.0000', '2000.0000', '32', NULL, 9, '', '2020-11-30 04:28:45', '2020-11-30 04:28:45', NULL),
(36, 1, 23, '40', '3.0000', '3000.0000', '', NULL, 9, '', '2020-11-30 04:29:40', '2020-11-30 04:29:40', NULL),
(37, 2, 23, 'Black', '0.0000', '0.0000', '', NULL, 0, '', '2020-11-30 04:30:29', '2020-11-30 04:30:29', NULL),
(38, 2, 23, 'Blue', '0.0000', '0.0000', '', NULL, 0, '', '2020-11-30 04:30:51', '2020-11-30 04:30:51', NULL),
(39, 2, 23, 'Light Yellow', '0.0000', '0.0000', '', NULL, 0, '', '2020-11-30 04:31:12', '2020-11-30 04:31:12', NULL),
(40, 2, 23, 'Red', '0.0000', '0.0000', '', NULL, 0, '', '2020-11-30 04:31:38', '2020-11-30 04:31:38', NULL),
(41, 2, 23, 'Green', '0.0000', '0.0000', '', NULL, 0, '', '2020-11-30 04:31:50', '2020-11-30 04:31:50', NULL),
(42, 2, 23, 'Pink', '0.0000', '0.0000', '', NULL, 0, '', '2020-11-30 04:32:05', '2020-11-30 04:32:05', NULL),
(43, 1, 30, 'L', '0.0000', '100.0000', 'ps', NULL, 8, '', '2020-12-01 05:41:19', '2020-12-01 05:41:19', NULL),
(44, 1, 30, 'M', '0.0000', '20.0000', '', NULL, 0, '', '2020-12-01 06:17:36', '2020-12-01 06:17:36', NULL),
(45, 10, 30, 'cotton', '0.0000', '20.0000', '1', NULL, 10, '', '2020-12-01 06:37:33', '2020-12-01 06:37:33', NULL),
(46, 1, 28, 'L', '1.0000', '1000.0000', '1', NULL, 17, '', '2020-12-02 03:32:24', '2020-12-03 12:17:40', NULL),
(47, 5, 28, 'M', '0.0000', '0.0000', '', NULL, 0, '', '2020-12-02 03:32:38', '2020-12-02 03:32:38', NULL),
(48, 5, 28, 'S', '0.0000', '0.0000', '', NULL, 0, '', '2020-12-02 03:32:54', '2020-12-02 03:32:54', NULL),
(49, 5, 23, 'M', '0.0000', '0.0000', '', NULL, 0, '', '2020-12-02 03:59:14', '2020-12-02 03:59:14', NULL),
(50, 5, 23, 'L', '0.0000', '0.0000', '', NULL, 0, '', '2020-12-02 04:01:28', '2020-12-02 04:01:28', NULL),
(51, 5, 23, 'XL', '0.0000', '0.0000', '', NULL, 0, '', '2020-12-02 04:01:42', '2020-12-02 04:01:42', NULL),
(52, 5, 23, 'XXL', '0.0000', '0.0000', '', NULL, 0, '', '2020-12-02 04:01:56', '2020-12-02 04:01:56', NULL),
(53, 2, 23, 'Red & Merun', '0.0000', '0.0000', '', NULL, 0, '', '2020-12-06 03:50:38', '2020-12-06 03:50:38', NULL),
(54, 2, 23, 'Light Brown', '0.0000', '0.0000', '', NULL, 0, '', '2020-12-06 03:56:16', '2020-12-06 03:56:16', NULL),
(55, 1, 22, 'LL', '0.0000', '0.0000', '', '/images/c33ed628-df47-4e95-9d7d-a331b0eeed38.png', 0, '', '2020-12-07 10:10:19', '2020-12-07 10:58:25', '2020-12-07 10:58:25'),
(56, 2, 22, 'black', '0.0000', '0.0000', '', NULL, 0, '', '2020-12-10 06:14:25', '2020-12-10 06:14:25', NULL);

--
-- Indexes for dumped tables
--

--
-- Indexes for table `areas`
--
ALTER TABLE `areas`
  ADD PRIMARY KEY (`id`);

--
-- Indexes for table `brands`
--
ALTER TABLE `brands`
  ADD PRIMARY KEY (`id`),
  ADD KEY `name` (`name`);

--
-- Indexes for table `carts`
--
ALTER TABLE `carts`
  ADD PRIMARY KEY (`id`);

--
-- Indexes for table `cart_items`
--
ALTER TABLE `cart_items`
  ADD PRIMARY KEY (`id`);

--
-- Indexes for table `cart_items_variants`
--
ALTER TABLE `cart_items_variants`
  ADD PRIMARY KEY (`id`);

--
-- Indexes for table `categories`
--
ALTER TABLE `categories`
  ADD PRIMARY KEY (`id`),
  ADD KEY `id` (`id`);

--
-- Indexes for table `chat`
--
ALTER TABLE `chat`
  ADD PRIMARY KEY (`id`);

--
-- Indexes for table `chat_files`
--
ALTER TABLE `chat_files`
  ADD PRIMARY KEY (`id`);

--
-- Indexes for table `chat_user`
--
ALTER TABLE `chat_user`
  ADD PRIMARY KEY (`id`);

--
-- Indexes for table `cms`
--
ALTER TABLE `cms`
  ADD PRIMARY KEY (`id`);

--
-- Indexes for table `courier`
--
ALTER TABLE `courier`
  ADD PRIMARY KEY (`id`);

--
-- Indexes for table `courier_list`
--
ALTER TABLE `courier_list`
  ADD PRIMARY KEY (`id`);

--
-- Indexes for table `courier_order_list`
--
ALTER TABLE `courier_order_list`
  ADD PRIMARY KEY (`id`);

--
-- Indexes for table `courier_price`
--
ALTER TABLE `courier_price`
  ADD PRIMARY KEY (`id`);

--
-- Indexes for table `craftman_price`
--
ALTER TABLE `craftman_price`
  ADD PRIMARY KEY (`id`);

--
-- Indexes for table `craftman_schedules`
--
ALTER TABLE `craftman_schedules`
  ADD PRIMARY KEY (`id`);

--
-- Indexes for table `designs`
--
ALTER TABLE `designs`
  ADD PRIMARY KEY (`id`);

--
-- Indexes for table `design_categories`
--
ALTER TABLE `design_categories`
  ADD PRIMARY KEY (`id`),
  ADD KEY `id` (`id`);

--
-- Indexes for table `design_images`
--
ALTER TABLE `design_images`
  ADD PRIMARY KEY (`id`);

--
-- Indexes for table `events`
--
ALTER TABLE `events`
  ADD PRIMARY KEY (`id`);

--
-- Indexes for table `event_price`
--
ALTER TABLE `event_price`
  ADD PRIMARY KEY (`id`);

--
-- Indexes for table `event_registration`
--
ALTER TABLE `event_registration`
  ADD PRIMARY KEY (`id`);

--
-- Indexes for table `favourite_products`
--
ALTER TABLE `favourite_products`
  ADD PRIMARY KEY (`id`);

--
-- Indexes for table `genres`
--
ALTER TABLE `genres`
  ADD PRIMARY KEY (`id`),
  ADD KEY `name` (`name`);

--
-- Indexes for table `groups`
--
ALTER TABLE `groups`
  ADD PRIMARY KEY (`id`);

--
-- Indexes for table `orders_status`
--
ALTER TABLE `orders_status`
  ADD PRIMARY KEY (`id`);

--
-- Indexes for table `parts`
--
ALTER TABLE `parts`
  ADD PRIMARY KEY (`id`),
  ADD KEY `name` (`name`);

--
-- Indexes for table `payments`
--
ALTER TABLE `payments`
  ADD PRIMARY KEY (`id`);

--
-- Indexes for table `payment_addresses`
--
ALTER TABLE `payment_addresses`
  ADD PRIMARY KEY (`id`);

--
-- Indexes for table `products`
--
ALTER TABLE `products`
  ADD PRIMARY KEY (`id`);

--
-- Indexes for table `product_designs`
--
ALTER TABLE `product_designs`
  ADD PRIMARY KEY (`id`);

--
-- Indexes for table `product_images`
--
ALTER TABLE `product_images`
  ADD PRIMARY KEY (`id`);

--
-- Indexes for table `product_orders`
--
ALTER TABLE `product_orders`
  ADD PRIMARY KEY (`id`);

--
-- Indexes for table `product_ratings`
--
ALTER TABLE `product_ratings`
  ADD PRIMARY KEY (`id`);

--
-- Indexes for table `product_suborders`
--
ALTER TABLE `product_suborders`
  ADD PRIMARY KEY (`id`);

--
-- Indexes for table `product_suborder_items`
--
ALTER TABLE `product_suborder_items`
  ADD PRIMARY KEY (`id`);

--
-- Indexes for table `product_suborder_item_variants`
--
ALTER TABLE `product_suborder_item_variants`
  ADD PRIMARY KEY (`id`);

--
-- Indexes for table `product_variants`
--
ALTER TABLE `product_variants`
  ADD PRIMARY KEY (`id`);

--
-- Indexes for table `pr_status`
--
ALTER TABLE `pr_status`
  ADD PRIMARY KEY (`id`);

--
-- Indexes for table `ratings`
--
ALTER TABLE `ratings`
  ADD PRIMARY KEY (`id`);

--
-- Indexes for table `shipping_addresses`
--
ALTER TABLE `shipping_addresses`
  ADD PRIMARY KEY (`id`);

--
-- Indexes for table `users`
--
ALTER TABLE `users`
  ADD PRIMARY KEY (`id`),
  ADD KEY `group_id` (`group_id`),
  ADD KEY `group_id_2` (`group_id`,`warehouse_id`);

--
-- Indexes for table `user_logins`
--
ALTER TABLE `user_logins`
  ADD PRIMARY KEY (`id`);

--
-- Indexes for table `variants`
--
ALTER TABLE `variants`
  ADD PRIMARY KEY (`id`);

--
-- Indexes for table `warehouses`
--
ALTER TABLE `warehouses`
  ADD PRIMARY KEY (`id`);

--
-- Indexes for table `warehouses_variants`
--
ALTER TABLE `warehouses_variants`
  ADD PRIMARY KEY (`id`),
  ADD KEY `option_id` (`variant_id`),
  ADD KEY `warehouse_id` (`warehouse_id`);

--
-- AUTO_INCREMENT for dumped tables
--

--
-- AUTO_INCREMENT for table `areas`
--
ALTER TABLE `areas`
  MODIFY `id` int(11) NOT NULL AUTO_INCREMENT, AUTO_INCREMENT=6600;
--
-- AUTO_INCREMENT for table `brands`
--
ALTER TABLE `brands`
  MODIFY `id` int(11) NOT NULL AUTO_INCREMENT, AUTO_INCREMENT=19;
--
-- AUTO_INCREMENT for table `carts`
--
ALTER TABLE `carts`
  MODIFY `id` int(11) NOT NULL AUTO_INCREMENT, AUTO_INCREMENT=26;
--
-- AUTO_INCREMENT for table `cart_items`
--
ALTER TABLE `cart_items`
  MODIFY `id` int(11) NOT NULL AUTO_INCREMENT, AUTO_INCREMENT=272;
--
-- AUTO_INCREMENT for table `cart_items_variants`
--
ALTER TABLE `cart_items_variants`
  MODIFY `id` int(11) NOT NULL AUTO_INCREMENT, AUTO_INCREMENT=44;
--
-- AUTO_INCREMENT for table `categories`
--
ALTER TABLE `categories`
  MODIFY `id` int(11) NOT NULL AUTO_INCREMENT, AUTO_INCREMENT=162;
--
-- AUTO_INCREMENT for table `chat`
--
ALTER TABLE `chat`
  MODIFY `id` int(11) NOT NULL AUTO_INCREMENT;
--
-- AUTO_INCREMENT for table `chat_files`
--
ALTER TABLE `chat_files`
  MODIFY `id` int(11) NOT NULL AUTO_INCREMENT;
--
-- AUTO_INCREMENT for table `chat_user`
--
ALTER TABLE `chat_user`
  MODIFY `id` int(11) NOT NULL AUTO_INCREMENT;
--
-- AUTO_INCREMENT for table `cms`
--
ALTER TABLE `cms`
  MODIFY `id` int(11) NOT NULL AUTO_INCREMENT, AUTO_INCREMENT=47;
--
-- AUTO_INCREMENT for table `courier`
--
ALTER TABLE `courier`
  MODIFY `id` int(11) NOT NULL AUTO_INCREMENT, AUTO_INCREMENT=17;
--
-- AUTO_INCREMENT for table `courier_list`
--
ALTER TABLE `courier_list`
  MODIFY `id` int(11) NOT NULL AUTO_INCREMENT, AUTO_INCREMENT=6;
--
-- AUTO_INCREMENT for table `courier_order_list`
--
ALTER TABLE `courier_order_list`
  MODIFY `id` int(11) NOT NULL AUTO_INCREMENT, AUTO_INCREMENT=6;
--
-- AUTO_INCREMENT for table `courier_price`
--
ALTER TABLE `courier_price`
  MODIFY `id` int(11) NOT NULL AUTO_INCREMENT, AUTO_INCREMENT=10;
--
-- AUTO_INCREMENT for table `craftman_price`
--
ALTER TABLE `craftman_price`
  MODIFY `id` int(11) NOT NULL AUTO_INCREMENT;
--
-- AUTO_INCREMENT for table `craftman_schedules`
--
ALTER TABLE `craftman_schedules`
  MODIFY `id` int(11) NOT NULL AUTO_INCREMENT;
--
-- AUTO_INCREMENT for table `designs`
--
ALTER TABLE `designs`
  MODIFY `id` int(11) NOT NULL AUTO_INCREMENT;
--
-- AUTO_INCREMENT for table `design_categories`
--
ALTER TABLE `design_categories`
  MODIFY `id` int(11) NOT NULL AUTO_INCREMENT;
--
-- AUTO_INCREMENT for table `design_images`
--
ALTER TABLE `design_images`
  MODIFY `id` int(10) UNSIGNED NOT NULL AUTO_INCREMENT;
--
-- AUTO_INCREMENT for table `events`
--
ALTER TABLE `events`
  MODIFY `id` int(11) NOT NULL AUTO_INCREMENT;
--
-- AUTO_INCREMENT for table `event_price`
--
ALTER TABLE `event_price`
  MODIFY `id` int(11) NOT NULL AUTO_INCREMENT;
--
-- AUTO_INCREMENT for table `event_registration`
--
ALTER TABLE `event_registration`
  MODIFY `id` int(11) NOT NULL AUTO_INCREMENT;
--
-- AUTO_INCREMENT for table `favourite_products`
--
ALTER TABLE `favourite_products`
  MODIFY `id` int(11) NOT NULL AUTO_INCREMENT, AUTO_INCREMENT=150;
--
-- AUTO_INCREMENT for table `genres`
--
ALTER TABLE `genres`
  MODIFY `id` int(11) NOT NULL AUTO_INCREMENT;
--
-- AUTO_INCREMENT for table `groups`
--
ALTER TABLE `groups`
  MODIFY `id` mediumint(8) UNSIGNED NOT NULL AUTO_INCREMENT, AUTO_INCREMENT=7;
--
-- AUTO_INCREMENT for table `orders_status`
--
ALTER TABLE `orders_status`
  MODIFY `id` int(11) NOT NULL AUTO_INCREMENT, AUTO_INCREMENT=14;
--
-- AUTO_INCREMENT for table `parts`
--
ALTER TABLE `parts`
  MODIFY `id` int(11) NOT NULL AUTO_INCREMENT;
--
-- AUTO_INCREMENT for table `payments`
--
ALTER TABLE `payments`
  MODIFY `id` int(11) UNSIGNED NOT NULL AUTO_INCREMENT, AUTO_INCREMENT=86;
--
-- AUTO_INCREMENT for table `payment_addresses`
--
ALTER TABLE `payment_addresses`
  MODIFY `id` int(11) UNSIGNED NOT NULL AUTO_INCREMENT, AUTO_INCREMENT=113;
--
-- AUTO_INCREMENT for table `products`
--
ALTER TABLE `products`
  MODIFY `id` int(11) NOT NULL AUTO_INCREMENT, AUTO_INCREMENT=271;
--
-- AUTO_INCREMENT for table `product_designs`
--
ALTER TABLE `product_designs`
  MODIFY `id` int(11) NOT NULL AUTO_INCREMENT;
--
-- AUTO_INCREMENT for table `product_images`
--
ALTER TABLE `product_images`
  MODIFY `id` int(11) NOT NULL AUTO_INCREMENT, AUTO_INCREMENT=167;
--
-- AUTO_INCREMENT for table `product_orders`
--
ALTER TABLE `product_orders`
  MODIFY `id` int(11) NOT NULL AUTO_INCREMENT, AUTO_INCREMENT=48;
--
-- AUTO_INCREMENT for table `product_ratings`
--
ALTER TABLE `product_ratings`
  MODIFY `id` int(11) NOT NULL AUTO_INCREMENT;
--
-- AUTO_INCREMENT for table `product_suborders`
--
ALTER TABLE `product_suborders`
  MODIFY `id` int(11) NOT NULL AUTO_INCREMENT, AUTO_INCREMENT=86;
--
-- AUTO_INCREMENT for table `product_suborder_items`
--
ALTER TABLE `product_suborder_items`
  MODIFY `id` int(11) NOT NULL AUTO_INCREMENT, AUTO_INCREMENT=352;
--
-- AUTO_INCREMENT for table `product_suborder_item_variants`
--
ALTER TABLE `product_suborder_item_variants`
  MODIFY `id` int(11) NOT NULL AUTO_INCREMENT, AUTO_INCREMENT=66;
--
-- AUTO_INCREMENT for table `product_variants`
--
ALTER TABLE `product_variants`
  MODIFY `id` int(11) NOT NULL AUTO_INCREMENT, AUTO_INCREMENT=145;
--
-- AUTO_INCREMENT for table `pr_status`
--
ALTER TABLE `pr_status`
  MODIFY `id` int(11) NOT NULL AUTO_INCREMENT;
--
-- AUTO_INCREMENT for table `ratings`
--
ALTER TABLE `ratings`
  MODIFY `id` int(11) UNSIGNED NOT NULL AUTO_INCREMENT;
--
-- AUTO_INCREMENT for table `shipping_addresses`
--
ALTER TABLE `shipping_addresses`
  MODIFY `id` int(11) UNSIGNED NOT NULL AUTO_INCREMENT, AUTO_INCREMENT=7;
--
-- AUTO_INCREMENT for table `users`
--
ALTER TABLE `users`
  MODIFY `id` int(11) UNSIGNED NOT NULL AUTO_INCREMENT, AUTO_INCREMENT=143;
--
-- AUTO_INCREMENT for table `user_logins`
--
ALTER TABLE `user_logins`
  MODIFY `id` int(11) NOT NULL AUTO_INCREMENT;
--
-- AUTO_INCREMENT for table `variants`
--
ALTER TABLE `variants`
  MODIFY `id` int(11) NOT NULL AUTO_INCREMENT, AUTO_INCREMENT=12;
--
-- AUTO_INCREMENT for table `warehouses`
--
ALTER TABLE `warehouses`
  MODIFY `id` int(11) NOT NULL AUTO_INCREMENT, AUTO_INCREMENT=62;
--
-- AUTO_INCREMENT for table `warehouses_variants`
--
ALTER TABLE `warehouses_variants`
  MODIFY `id` int(11) NOT NULL AUTO_INCREMENT, AUTO_INCREMENT=57;
/*!40101 SET CHARACTER_SET_CLIENT=@OLD_CHARACTER_SET_CLIENT */;
/*!40101 SET CHARACTER_SET_RESULTS=@OLD_CHARACTER_SET_RESULTS */;
/*!40101 SET COLLATION_CONNECTION=@OLD_COLLATION_CONNECTION */;
